{
  "best_checkpoint": "/home/user/SC/Deepfake-Fusion/outputs/fusion/resnet_spai_openfake/logo/sdxl-epic-realism/best.pth",
  "best_epoch": 7,
  "best_monitor": "val_auc",
  "best_score": 0.9908923682851241,
  "val_metrics": {
    "accuracy": 0.9519886363636364,
    "precision": 0.9664594816465345,
    "recall": 0.9364772727272728,
    "f1": 0.9512321809892076,
    "auc": 0.9908923682851241,
    "loss": 0.2509270778162913,
    "threshold": 0.5,
    "loss_total": 0.2509270778162913,
    "loss_spatial_aux": 0.2286333053220402,
    "loss_spectral_aux": 0.19576838525181467
  },
  "test_metrics": {
    "accuracy": 0.9061875,
    "precision": 0.9646789646789646,
    "recall": 0.84325,
    "f1": 0.8998866137530848,
    "auc": 0.9795153281250002,
    "loss": 0.4918256154283881,
    "threshold": 0.5,
    "loss_total": 0.4918256154283881,
    "loss_spatial_aux": 0.37481091886758805,
    "loss_spectral_aux": 0.4084281280338764
  }
}