{
  "best_checkpoint": "/home/user/SC/Deepfake-Fusion/outputs/fusion/resnet_spai_openfake/logo/sdxl-epic-realism/best.pth",
  "best_epoch": 13,
  "best_monitor": "val_auc",
  "best_score": 0.9932208742252067,
  "val_metrics": {
    "accuracy": 0.9655681818181818,
    "precision": 0.9690863292878407,
    "recall": 0.9618181818181818,
    "f1": 0.9654385764799818,
    "auc": 0.9932208742252067,
    "loss": 0.1628874903104522
  },
  "test_metrics": {
    "accuracy": 0.9058125,
    "precision": 0.9667864845434939,
    "recall": 0.8405,
    "f1": 0.899231026412571,
    "auc": 0.9792523437500001,
    "loss": 0.5217701888158918
  }
}