{
  "best_checkpoint": "/home/user/SC/Deepfake-Fusion/outputs/fusion/resnet_spai_openfake/logo/sdxl-epic-realism/best.pth",
  "best_epoch": 10,
  "best_monitor": "val_auc",
  "best_score": 0.9928302363119834,
  "val_metrics": {
    "accuracy": 0.9630113636363636,
    "precision": 0.9624333219838838,
    "recall": 0.9636363636363636,
    "f1": 0.9630344670944296,
    "auc": 0.9928302363119834,
    "loss": 0.1599823102084073
  },
  "test_metrics": {
    "accuracy": 0.9078125,
    "precision": 0.959701282231929,
    "recall": 0.851375,
    "f1": 0.9022984698946811,
    "auc": 0.9812071640625,
    "loss": 0.38863211884349586
  }
}