{
  "dataset_name": "openfake_logo_sdxl-epic-realism",
  "dataset_class": "OpenFakeDataset",
  "fit_split": "val",
  "evaluated_csv": "/home/user/SC/Deepfake-Fusion/data/splits/openfake/logo/sdxl-epic-realism/val.csv",
  "split_csv_override_used": false,
  "generator_name": null,
  "checkpoint": "/home/user/SC/Deepfake-Fusion/outputs/fusion/resnet_spai_openfake/logo/sdxl-epic-realism/best.pth",
  "threshold_for_reporting": 0.5,
  "temperature_init": 1.0,
  "temperature": 3.2016143798828125,
  "nll_before": 0.16565996408462524,
  "nll_after": 0.07964351028203964,
  "metrics_before": {
    "accuracy": 0.9714204545454546,
    "precision": 0.9715812208707514,
    "recall": 0.97125,
    "f1": 0.9714155822015116,
    "auc": 0.9934292549070247,
    "loss": 0.16567125980149616
  },
  "metrics_after": {
    "accuracy": 0.9714204545454546,
    "precision": 0.9715812208707514,
    "recall": 0.97125,
    "f1": 0.9714155822015116,
    "auc": 0.996013100464876,
    "loss": 0.07964351028203964
  },
  "dataset_size": 17600,
  "class_counts": {
    "0": 8800,
    "1": 8800
  },
  "best_score_in_checkpoint": 0.9934292549070247,
  "best_epoch_in_checkpoint": 13,
  "saved_epoch": 13
}