{
  "dataset_name": "openfake_logo_sdxl-epic-realism",
  "dataset_class": "OpenFakeDataset",
  "fit_split": "val",
  "evaluated_csv": "/home/user/SC/Deepfake-Fusion/data/splits/openfake/logo/sdxl-epic-realism/val.csv",
  "split_csv_override_used": false,
  "generator_name": null,
  "checkpoint": "/home/user/SC/Deepfake-Fusion/outputs/fusion/resnet_spai_openfake/logo/sdxl-epic-realism/best.pth",
  "threshold_for_reporting": 0.5,
  "temperature_init": 1.0,
  "temperature": 2.877584457397461,
  "nll_before": 0.16287711262702942,
  "nll_after": 0.0896788239479065,
  "metrics_before": {
    "accuracy": 0.9655681818181818,
    "precision": 0.9690863292878407,
    "recall": 0.9618181818181818,
    "f1": 0.9654385764799818,
    "auc": 0.9932208742252067,
    "loss": 0.1628874903104522
  },
  "metrics_after": {
    "accuracy": 0.9655681818181818,
    "precision": 0.9690863292878407,
    "recall": 0.9618181818181818,
    "f1": 0.9654385764799818,
    "auc": 0.9950170260847108,
    "loss": 0.0896788239479065
  },
  "dataset_size": 17600,
  "class_counts": {
    "0": 8800,
    "1": 8800
  },
  "best_score_in_checkpoint": 0.9932208742252067,
  "best_epoch_in_checkpoint": 13,
  "saved_epoch": 13
}