{
  "dataset_name": "openfake_logo_imagen-4.0",
  "dataset_class": "OpenFakeDataset",
  "split": "test",
  "checkpoint": "/home/user/SC/Deepfake-Fusion/outputs/frequency/spai_openfake/logo/imagen-4.0/best.pth",
  "metrics": {
    "accuracy": 0.9295985994748031,
    "precision": 0.9676058255070097,
    "recall": 0.8889583593847693,
    "f1": 0.9266162669447341,
    "auc": 0.9854940991767749,
    "loss": 0.27889422474763714,
    "threshold": 0.5,
    "loss_total": 0.2789662217497826
  },
  "dataset_size": 15994,
  "class_counts": {
    "0": 7997,
    "1": 7997
  },
  "best_score_in_checkpoint": 0.9930116606404958,
  "best_epoch_in_checkpoint": 8,
  "saved_epoch": 8
}