{
  "best_checkpoint": "/home/user/SC/Deepfake-Fusion/outputs/frequency/spai_openfake/logo/imagen-4.0/best.pth",
  "best_epoch": 8,
  "best_monitor": "val_auc",
  "best_score": 0.9930116606404958,
  "val_metrics": {
    "accuracy": 0.961590909090909,
    "precision": 0.9665747760165403,
    "recall": 0.95625,
    "f1": 0.9613846681137895,
    "auc": 0.9930116606404958,
    "loss": 0.14632552770051088,
    "threshold": 0.5,
    "loss_total": 0.14632552770051088
  },
  "test_metrics": {
    "accuracy": 0.9295985994748031,
    "precision": 0.9676058255070097,
    "recall": 0.8889583593847693,
    "f1": 0.9266162669447341,
    "auc": 0.9854940991767749,
    "loss": 0.27889422474763714,
    "threshold": 0.5,
    "loss_total": 0.2789662217497826
  }
}