{
  "dataset_name": "openfake_merged_merged",
  "dataset_class": "OpenFakeDataset",
  "split": "test",
  "checkpoint": "/home/user/SC/Deepfake-Fusion/outputs/frequency/spai_openfake/merged/merged/best.pth",
  "metrics": {
    "accuracy": 0.9670538597770602,
    "precision": 0.967370341412562,
    "recall": 0.9667152828419627,
    "f1": 0.9670427011958419,
    "auc": 0.9931217794601113,
    "loss": 0.16039662571366423,
    "threshold": 0.5,
    "loss_total": 0.16038751025063297
  },
  "dataset_size": 38396,
  "class_counts": {
    "0": 19198,
    "1": 19198
  },
  "best_score_in_checkpoint": 0.993070529091667,
  "best_epoch_in_checkpoint": 10,
  "saved_epoch": 10
}