{
  "dataset_name": "openfake_logo_dalle-3",
  "dataset_class": "OpenFakeDataset",
  "split": "test",
  "checkpoint": "/home/user/SC/Deepfake-Fusion/outputs/fusion/resnet_spai_openfake/logo/dalle-3/best.pth",
  "metrics": {
    "accuracy": 0.86475,
    "precision": 0.975089547378704,
    "recall": 0.748625,
    "f1": 0.8469806250883892,
    "auc": 0.9742670937499999,
    "loss": 0.7857925376165659,
    "threshold": 0.5,
    "loss_total": 0.7857925376165659,
    "loss_spatial_aux": 0.3570747974142432,
    "loss_spectral_aux": 0.6158314625844359
  },
  "dataset_size": 16000,
  "class_counts": {
    "0": 8000,
    "1": 8000
  },
  "best_score_in_checkpoint": 0.9947455772210743,
  "best_epoch_in_checkpoint": 7,
  "saved_epoch": 7
}