{
  "best_checkpoint": "C:/Deepfake-Fusion/outputs/fusion/resnet_spai_openfake/logo/dalle-3/best.pth",
  "best_epoch": 9,
  "best_monitor": "val_auc",
  "best_score": 0.9952867704028926,
  "val_metrics": {
    "accuracy": 0.9654545454545455,
    "precision": 0.9789522918615529,
    "recall": 0.9513636363636364,
    "f1": 0.9649608114338405,
    "auc": 0.9952867704028926,
    "loss": 0.1409680899842219
  },
  "test_metrics": {
    "accuracy": 0.8619375,
    "precision": 0.9731982350057199,
    "recall": 0.744375,
    "f1": 0.8435441603512996,
    "auc": 0.9707313984375,
    "loss": 0.7355399841368199
  }
}