{
  "best_checkpoint": "/home/user/SC/Deepfake-Fusion/outputs/fusion/resnet_spai_openfake/logo/dalle-3/best.pth",
  "best_epoch": 10,
  "best_monitor": "val_auc",
  "best_score": 0.9922837939049587,
  "val_metrics": {
    "accuracy": 0.9577272727272728,
    "precision": 0.9713316171308214,
    "recall": 0.9432954545454545,
    "f1": 0.9571082670356278,
    "auc": 0.9922837939049587,
    "loss": 0.27605219920927826,
    "threshold": 0.5,
    "loss_total": 0.27605219920927826,
    "loss_spatial_aux": 0.23149886043234305,
    "loss_spectral_aux": 0.19911022209308366
  },
  "test_metrics": {
    "accuracy": 0.8839375,
    "precision": 0.9675749733597199,
    "recall": 0.7945,
    "f1": 0.8725375797927105,
    "auc": 0.9716895625,
    "loss": 0.8793130791336298,
    "threshold": 0.5,
    "loss_total": 0.8793130791336298,
    "loss_spatial_aux": 0.32643060433864596,
    "loss_spectral_aux": 0.7967710032686591
  }
}