{
  "dataset_name": "openfake_logo_dalle-3",
  "dataset_class": "OpenFakeDataset",
  "fit_split": "val",
  "evaluated_csv": "/home/user/SC/Deepfake-Fusion/data/splits/openfake/logo/dalle-3/val.csv",
  "split_csv_override_used": false,
  "generator_name": null,
  "checkpoint": "/home/user/SC/Deepfake-Fusion/outputs/fusion/resnet_spai_openfake/logo/dalle-3/best.pth",
  "threshold_for_reporting": 0.5,
  "temperature_init": 1.0,
  "temperature": 2.710894823074341,
  "nll_before": 0.18991868197917938,
  "nll_after": 0.10995348542928696,
  "metrics_before": {
    "accuracy": 0.9577272727272728,
    "precision": 0.9713316171308214,
    "recall": 0.9432954545454545,
    "f1": 0.9571082670356278,
    "auc": 0.9922837939049587,
    "loss": 0.18993038153783842
  },
  "metrics_after": {
    "accuracy": 0.9577272727272728,
    "precision": 0.9713316171308214,
    "recall": 0.9432954545454545,
    "f1": 0.9571082670356278,
    "auc": 0.9931917936466942,
    "loss": 0.10995348542928696
  },
  "dataset_size": 17600,
  "class_counts": {
    "0": 8800,
    "1": 8800
  },
  "best_score_in_checkpoint": 0.9922837939049587,
  "best_epoch_in_checkpoint": 10,
  "saved_epoch": 10
}