{
  "dataset_name": "openfake_logo_dalle-3",
  "dataset_class": "OpenFakeDataset",
  "fit_split": "val",
  "evaluated_csv": "/home/user/SC/Deepfake-Fusion/data/splits/openfake/logo/dalle-3/val.csv",
  "split_csv_override_used": false,
  "generator_name": null,
  "checkpoint": "/home/user/SC/Deepfake-Fusion/outputs/fusion/resnet_spai_openfake/logo/dalle-3/best.pth",
  "threshold_for_reporting": 0.5,
  "temperature_init": 1.0,
  "temperature": 2.9340872764587402,
  "nll_before": 0.1497875303030014,
  "nll_after": 0.08008349686861038,
  "metrics_before": {
    "accuracy": 0.9696590909090909,
    "precision": 0.9769213016385876,
    "recall": 0.9620454545454545,
    "f1": 0.9694263139814496,
    "auc": 0.995142833161157,
    "loss": 0.14979150506583128
  },
  "metrics_after": {
    "accuracy": 0.9696590909090909,
    "precision": 0.9769213016385876,
    "recall": 0.9620454545454545,
    "f1": 0.9694263139814496,
    "auc": 0.9962064953512397,
    "loss": 0.08008349686861038
  },
  "dataset_size": 17600,
  "class_counts": {
    "0": 8800,
    "1": 8800
  },
  "best_score_in_checkpoint": 0.995142833161157,
  "best_epoch_in_checkpoint": 15,
  "saved_epoch": 15
}