{
  "dataset_name": "openfake_merged_merged",
  "dataset_class": "OpenFakeDataset",
  "split": "test",
  "checkpoint": "/home/user/SC/Deepfake-Fusion/outputs/fusion/vit_spai_openfake/merged/merged/best.pth",
  "metrics": {
    "accuracy": 0.9567402854464007,
    "precision": 0.9678279891159366,
    "recall": 0.9448900927179914,
    "f1": 0.9562215018054347,
    "auc": 0.992395697753919,
    "loss": 0.2179030893607827,
    "threshold": 0.5,
    "loss_total": 0.21791194929198052,
    "loss_spatial_aux": 0.163901949217543,
    "loss_spectral_aux": 0.15759265213583906
  },
  "dataset_size": 38396,
  "class_counts": {
    "0": 19198,
    "1": 19198
  },
  "best_score_in_checkpoint": 0.9915786709950569,
  "best_epoch_in_checkpoint": 8,
  "saved_epoch": 8
}