{
  "dataset_name": "openfake_by_generator_gpt-image-1",
  "dataset_class": "OpenFakeDataset",
  "split": "test",
  "checkpoint": "/home/user/SC/Deepfake-Fusion/outputs/fusion/resnet_spai_openfake/by_generator/gpt-image-1/best.pth",
  "metrics": {
    "accuracy": 0.9859287054409006,
    "precision": 0.9880653266331658,
    "recall": 0.983739837398374,
    "f1": 0.9858978376684425,
    "auc": 0.9982300147723658,
    "loss": 0.05986686412703998
  },
  "dataset_size": 3198,
  "class_counts": {
    "0": 1599,
    "1": 1599
  },
  "best_score_in_checkpoint": 0.9986578125,
  "best_epoch_in_checkpoint": 14,
  "saved_epoch": 14
}