{
  "dataset_name": "openfake_by_generator_gpt-image-1",
  "dataset_class": "OpenFakeDataset",
  "split": "test",
  "checkpoint": "C:/Deepfake-Fusion/outputs/fusion/resnet_spai_openfake/by_generator/gpt-image-1/best.pth",
  "metrics": {
    "accuracy": 0.9853033145716072,
    "precision": 0.9831880448318805,
    "recall": 0.9874921826141339,
    "f1": 0.9853354134165366,
    "auc": 0.998889236980117,
    "loss": 0.05800465310343062
  },
  "dataset_size": 3198,
  "class_counts": {
    "0": 1599,
    "1": 1599
  },
  "best_score_in_checkpoint": 0.99816640625,
  "best_epoch_in_checkpoint": 8,
  "saved_epoch": 8
}