{
  "dataset_name": "openfake_by_generator_gpt-image-1",
  "dataset_class": "OpenFakeDataset",
  "split": "test",
  "checkpoint": "/home/user/SC/Deepfake-Fusion/outputs/fusion/resnet_spai_openfake/by_generator/gpt-image-1/best.pth",
  "metrics": {
    "accuracy": 0.9834271419637274,
    "precision": 0.9867758186397985,
    "recall": 0.9799874921826142,
    "f1": 0.9833699403828051,
    "auc": 0.9987983030357075,
    "loss": 0.08362683760068654,
    "threshold": 0.5,
    "loss_total": 0.08357774299103767,
    "loss_spatial_aux": 0.07703110378235578,
    "loss_spectral_aux": 0.06983473517931998
  },
  "dataset_size": 3198,
  "class_counts": {
    "0": 1599,
    "1": 1599
  },
  "best_score_in_checkpoint": 0.99903359375,
  "best_epoch_in_checkpoint": 5,
  "saved_epoch": 5
}