{
  "best_checkpoint": "/home/user/SC/Deepfake-Fusion/outputs/fusion/resnet_spai_openfake/by_generator/gpt-image-1/best.pth",
  "best_epoch": 5,
  "best_monitor": "val_auc",
  "best_score": 0.99903359375,
  "val_metrics": {
    "accuracy": 0.986875,
    "precision": 0.9887076537013801,
    "recall": 0.985,
    "f1": 0.986850344395742,
    "auc": 0.99903359375,
    "loss": 0.07741287805140018,
    "threshold": 0.5,
    "loss_total": 0.07741287805140018,
    "loss_spatial_aux": 0.08777216605842114,
    "loss_spectral_aux": 0.05576523132622242
  },
  "test_metrics": {
    "accuracy": 0.9834271419637274,
    "precision": 0.9867758186397985,
    "recall": 0.9799874921826142,
    "f1": 0.9833699403828051,
    "auc": 0.9987983030357075,
    "loss": 0.08362683760068654,
    "threshold": 0.5,
    "loss_total": 0.08357774299103767,
    "loss_spatial_aux": 0.07703110378235578,
    "loss_spectral_aux": 0.06983473517931998
  }
}