{
  "best_checkpoint": "/home/user/SC/Deepfake-Fusion/outputs/fusion/resnet_spai_openfake/by_generator/gpt-image-1/best.pth",
  "best_epoch": 14,
  "best_monitor": "val_auc",
  "best_score": 0.9986578125,
  "val_metrics": {
    "accuracy": 0.986875,
    "precision": 0.9862671660424469,
    "recall": 0.9875,
    "f1": 0.9868831980012492,
    "auc": 0.9986578125,
    "loss": 0.06199698247015476
  },
  "test_metrics": {
    "accuracy": 0.9859287054409006,
    "precision": 0.9880653266331658,
    "recall": 0.983739837398374,
    "f1": 0.9858978376684425,
    "auc": 0.9982300147723658,
    "loss": 0.05986686412703998
  }
}