{
  "best_checkpoint": "C:/Deepfake-Fusion/outputs/fusion/resnet_spai_openfake/by_generator/gpt-image-1/best.pth",
  "best_epoch": 8,
  "best_monitor": "val_auc",
  "best_score": 0.99816640625,
  "val_metrics": {
    "accuracy": 0.981875,
    "precision": 0.9800747198007472,
    "recall": 0.98375,
    "f1": 0.9819089207735496,
    "auc": 0.99816640625,
    "loss": 0.0694832057505846
  },
  "test_metrics": {
    "accuracy": 0.9853033145716072,
    "precision": 0.9831880448318805,
    "recall": 0.9874921826141339,
    "f1": 0.9853354134165366,
    "auc": 0.998889236980117,
    "loss": 0.05800465310343062
  }
}