{
  "dataset_name": "openfake_by_generator_dalle-3",
  "dataset_class": "OpenFakeDataset",
  "split": "test",
  "checkpoint": "/home/user/SC/Deepfake-Fusion/outputs/spatial/vit_openfake/by_generator/dalle-3/best.pth",
  "metrics": {
    "accuracy": 0.9821763602251408,
    "precision": 0.9771039603960396,
    "recall": 0.9874921826141339,
    "f1": 0.9822706065318818,
    "auc": 0.9980391512675411,
    "loss": 0.07288759267930317,
    "threshold": 0.5,
    "loss_total": 0.07289292015135289
  },
  "dataset_size": 3198,
  "class_counts": {
    "0": 1599,
    "1": 1599
  },
  "best_score_in_checkpoint": 0.9959,
  "best_epoch_in_checkpoint": 10,
  "saved_epoch": 10
}