{
  "dataset_name": "openfake_by_generator_dalle-3",
  "dataset_class": "OpenFakeDataset",
  "split": "test",
  "checkpoint": "/home/user/SC/Deepfake-Fusion/outputs/spatial/vit_openfake/by_generator/dalle-3/best.pth",
  "metrics": {
    "accuracy": 0.9790494058786742,
    "precision": 0.9878980891719745,
    "recall": 0.9699812382739212,
    "f1": 0.9788576838119281,
    "auc": 0.9977816028701492,
    "loss": 0.0846412970805034
  },
  "dataset_size": 3198,
  "class_counts": {
    "0": 1599,
    "1": 1599
  },
  "best_score_in_checkpoint": 0.9969609374999999,
  "best_epoch_in_checkpoint": 5,
  "saved_epoch": 5
}