{
  "best_checkpoint": "/home/user/SC/Deepfake-Fusion/outputs/spatial/vit_openfake/by_generator/dalle-3/best.pth",
  "best_epoch": 10,
  "best_monitor": "val_auc",
  "best_score": 0.9959,
  "val_metrics": {
    "accuracy": 0.980625,
    "precision": 0.976456009913259,
    "recall": 0.985,
    "f1": 0.9807093963907902,
    "auc": 0.9959,
    "loss": 0.09846737988293171,
    "threshold": 0.5,
    "loss_total": 0.09846737988293171
  },
  "test_metrics": {
    "accuracy": 0.9821763602251408,
    "precision": 0.9771039603960396,
    "recall": 0.9874921826141339,
    "f1": 0.9822706065318818,
    "auc": 0.9980391512675411,
    "loss": 0.07288759267930317,
    "threshold": 0.5,
    "loss_total": 0.07289292015135289
  }
}