{
  "best_checkpoint": "/home/user/SC/Deepfake-Fusion/outputs/spatial/vit_openfake/by_generator/dalle-3/best.pth",
  "best_epoch": 5,
  "best_monitor": "val_auc",
  "best_score": 0.9969609374999999,
  "val_metrics": {
    "accuracy": 0.978125,
    "precision": 0.9885057471264368,
    "recall": 0.9675,
    "f1": 0.9778900821225521,
    "auc": 0.9969609374999999,
    "loss": 0.10282473407685756
  },
  "test_metrics": {
    "accuracy": 0.9790494058786742,
    "precision": 0.9878980891719745,
    "recall": 0.9699812382739212,
    "f1": 0.9788576838119281,
    "auc": 0.9977816028701492,
    "loss": 0.0846412970805034
  }
}