{
  "best_checkpoint": "/home/user/SC/Deepfake-Fusion/outputs/frequency/spai_openfake/logo/sd-3.5/best.pth",
  "best_epoch": 7,
  "best_monitor": "val_auc",
  "best_score": 0.9934961002066116,
  "val_metrics": {
    "accuracy": 0.9558522727272727,
    "precision": 0.9758035820187404,
    "recall": 0.9348863636363637,
    "f1": 0.9549068539260634,
    "auc": 0.9934961002066116,
    "loss": 0.15486506604335526,
    "threshold": 0.5,
    "loss_total": 0.15486506604335526
  },
  "test_metrics": {
    "accuracy": 0.781625,
    "precision": 0.9658808933002482,
    "recall": 0.583875,
    "f1": 0.7277968214397008,
    "auc": 0.9506569296874999,
    "loss": 1.023061684548855,
    "threshold": 0.5,
    "loss_total": 1.023061684548855
  }
}