{
  "dataset_name": "openfake_by_generator_imagen-4.0",
  "dataset_class": "OpenFakeDataset",
  "split": "test",
  "checkpoint": "/home/user/SC/Deepfake-Fusion/outputs/spatial/vit_openfake/by_generator/imagen-4.0/best.pth",
  "metrics": {
    "accuracy": 0.9618511569731082,
    "precision": 0.9522351500306185,
    "recall": 0.9724828017510945,
    "f1": 0.9622524752475248,
    "auc": 0.9926286793536141,
    "loss": 0.13849755338835223,
    "threshold": 0.5,
    "loss_total": 0.1385062439367175
  },
  "dataset_size": 3198,
  "class_counts": {
    "0": 1599,
    "1": 1599
  },
  "best_score_in_checkpoint": 0.9943726562499999,
  "best_epoch_in_checkpoint": 7,
  "saved_epoch": 7
}