{
  "dataset_name": "openfake_by_generator_imagen-4.0",
  "dataset_class": "OpenFakeDataset",
  "fit_split": "val",
  "evaluated_csv": "/home/user/SC/Deepfake-Fusion/data/splits/openfake/by_generator/imagen-4.0/val.csv",
  "split_csv_override_used": false,
  "generator_name": null,
  "checkpoint": "/home/user/SC/Deepfake-Fusion/outputs/spatial/vit_openfake/by_generator/imagen-4.0/best.pth",
  "threshold_for_reporting": 0.5,
  "temperature_init": 1.0,
  "temperature": 1.7990319728851318,
  "nll_before": 0.1168108880519867,
  "nll_after": 0.0942549780011177,
  "metrics_before": {
    "accuracy": 0.965625,
    "precision": 0.9593094944512947,
    "recall": 0.9725,
    "f1": 0.9658597144630664,
    "auc": 0.9943726562499999,
    "loss": 0.11680765420198441
  },
  "metrics_after": {
    "accuracy": 0.965625,
    "precision": 0.9593094944512947,
    "recall": 0.9725,
    "f1": 0.9658597144630664,
    "auc": 0.99475390625,
    "loss": 0.0942549780011177
  },
  "dataset_size": 1600,
  "class_counts": {
    "0": 800,
    "1": 800
  },
  "best_score_in_checkpoint": 0.9943726562499999,
  "best_epoch_in_checkpoint": 7,
  "saved_epoch": 7
}