{
  "best_checkpoint": "/home/user/SC/Deepfake-Fusion/outputs/fusion/vit_spai_openfake/by_generator/gpt-image-1/best.pth",
  "best_epoch": 10,
  "best_monitor": "val_auc",
  "best_score": 0.99758125,
  "val_metrics": {
    "accuracy": 0.978125,
    "precision": 0.9922779922779923,
    "recall": 0.96375,
    "f1": 0.9778059606848446,
    "auc": 0.99758125,
    "loss": 0.15540013045305387,
    "threshold": 0.5,
    "loss_total": 0.15540013045305387,
    "loss_spatial_aux": 0.09941019810736179,
    "loss_spectral_aux": 0.09488679945468903
  },
  "test_metrics": {
    "accuracy": 0.9737335834896811,
    "precision": 0.988394584139265,
    "recall": 0.9587242026266416,
    "f1": 0.9733333333333334,
    "auc": 0.9975074321388329,
    "loss": 0.17209127890773168,
    "threshold": 0.5,
    "loss_total": 0.17213730195217067,
    "loss_spatial_aux": 0.1125907526165247,
    "loss_spectral_aux": 0.10618699327111245
  }
}