{
  "dataset_name": "openfake_by_generator_flux-1.1-pro",
  "dataset_class": "OpenFakeDataset",
  "split": "test",
  "checkpoint": "/home/user/SC/Deepfake-Fusion/outputs/fusion/resnet_spai_openfake/by_generator/flux-1.1-pro/best.pth",
  "metrics": {
    "accuracy": 0.9390243902439024,
    "precision": 0.9398496240601504,
    "recall": 0.9380863039399625,
    "f1": 0.9389671361502347,
    "auc": 0.9832274783997661,
    "loss": 0.39916777510133067,
    "threshold": 0.5,
    "loss_total": 0.3993238361924887,
    "loss_spatial_aux": 0.3608566433191299,
    "loss_spectral_aux": 0.30562723983079193
  },
  "dataset_size": 3198,
  "class_counts": {
    "0": 1599,
    "1": 1599
  },
  "best_score_in_checkpoint": 0.9797875,
  "best_epoch_in_checkpoint": 13,
  "saved_epoch": 13
}