{
  "dataset_name": "openfake_by_generator_flux-1.1-pro",
  "dataset_class": "OpenFakeDataset",
  "split": "test",
  "checkpoint": "/home/user/SC/Deepfake-Fusion/outputs/fusion/resnet_spai_openfake/by_generator/flux-1.1-pro/best.pth",
  "metrics": {
    "accuracy": 0.9606003752345216,
    "precision": 0.9504587155963303,
    "recall": 0.9718574108818011,
    "f1": 0.961038961038961,
    "auc": 0.9914889739170158,
    "loss": 0.2542354237518883,
    "threshold": 0.5,
    "loss_total": 0.2544107308983803,
    "loss_spatial_aux": 0.2716662138700485,
    "loss_spectral_aux": 0.19990631002932788
  },
  "dataset_size": 3198,
  "class_counts": {
    "0": 1599,
    "1": 1599
  },
  "best_score_in_checkpoint": 0.9920734375,
  "best_epoch_in_checkpoint": 14,
  "saved_epoch": 14
}