{
  "dataset_name": "openfake_by_generator_flux-1.1-pro",
  "dataset_class": "OpenFakeDataset",
  "split": "test",
  "checkpoint": "/home/user/SC/Deepfake-Fusion/outputs/fusion/resnet_spai_openfake/by_generator/flux-1.1-pro/best.pth",
  "metrics": {
    "accuracy": 0.9446529080675422,
    "precision": 0.9557692307692308,
    "recall": 0.9324577861163227,
    "f1": 0.9439696106362773,
    "auc": 0.9896963040924969,
    "loss": 0.1979714147257313
  },
  "dataset_size": 3198,
  "class_counts": {
    "0": 1599,
    "1": 1599
  },
  "best_score_in_checkpoint": 0.98699453125,
  "best_epoch_in_checkpoint": 12,
  "saved_epoch": 12
}