{
  "dataset_name": "openfake_by_generator_flux-1.1-pro",
  "dataset_class": "OpenFakeDataset",
  "split": "test",
  "checkpoint": "C:/Deepfake-Fusion/outputs/fusion/resnet_spai_openfake/by_generator/flux-1.1-pro/best.pth",
  "metrics": {
    "accuracy": 0.9471544715447154,
    "precision": 0.9375764993880049,
    "recall": 0.9580988117573483,
    "f1": 0.9477265697494587,
    "auc": 0.9882427298800337,
    "loss": 0.189211148370274
  },
  "dataset_size": 3198,
  "class_counts": {
    "0": 1599,
    "1": 1599
  },
  "best_score_in_checkpoint": 0.9861460937500001,
  "best_epoch_in_checkpoint": 9,
  "saved_epoch": 9
}