{
  "best_checkpoint": "C:/Deepfake-Fusion/outputs/fusion/resnet_spai_openfake/by_generator/flux-1.1-pro/best.pth",
  "best_epoch": 9,
  "best_monitor": "val_auc",
  "best_score": 0.9861460937500001,
  "val_metrics": {
    "accuracy": 0.939375,
    "precision": 0.9399249061326659,
    "recall": 0.93875,
    "f1": 0.9393370856785491,
    "auc": 0.9861460937500001,
    "loss": 0.22517910718917847
  },
  "test_metrics": {
    "accuracy": 0.9471544715447154,
    "precision": 0.9375764993880049,
    "recall": 0.9580988117573483,
    "f1": 0.9477265697494587,
    "auc": 0.9882427298800337,
    "loss": 0.189211148370274
  }
}