{
  "best_checkpoint": "/home/user/SC/Deepfake-Fusion/outputs/fusion/resnet_spai_openfake/by_generator/flux-1.1-pro/best.pth",
  "best_epoch": 14,
  "best_monitor": "val_auc",
  "best_score": 0.9920734375,
  "val_metrics": {
    "accuracy": 0.951875,
    "precision": 0.9468479604449939,
    "recall": 0.9575,
    "f1": 0.9521441889372281,
    "auc": 0.9920734375,
    "loss": 0.30063793271780015,
    "threshold": 0.5,
    "loss_total": 0.30063793271780015,
    "loss_spatial_aux": 0.3233530259132385,
    "loss_spectral_aux": 0.21250716142356396
  },
  "test_metrics": {
    "accuracy": 0.9606003752345216,
    "precision": 0.9504587155963303,
    "recall": 0.9718574108818011,
    "f1": 0.961038961038961,
    "auc": 0.9914889739170158,
    "loss": 0.2542354237518883,
    "threshold": 0.5,
    "loss_total": 0.2544107308983803,
    "loss_spatial_aux": 0.2716662138700485,
    "loss_spectral_aux": 0.19990631002932788
  }
}