{
  "best_checkpoint": "/home/user/SC/Deepfake-Fusion/outputs/fusion/resnet_spai_openfake/by_generator/flux-1.1-pro/best.pth",
  "best_epoch": 13,
  "best_monitor": "val_auc",
  "best_score": 0.9797875,
  "val_metrics": {
    "accuracy": 0.935625,
    "precision": 0.9372647427854455,
    "recall": 0.93375,
    "f1": 0.9355040701314965,
    "auc": 0.9797875,
    "loss": 0.44852388024330136,
    "threshold": 0.5,
    "loss_total": 0.44852388024330136,
    "loss_spatial_aux": 0.38183098524808884,
    "loss_spectral_aux": 0.31225839495658875
  },
  "test_metrics": {
    "accuracy": 0.9390243902439024,
    "precision": 0.9398496240601504,
    "recall": 0.9380863039399625,
    "f1": 0.9389671361502347,
    "auc": 0.9832274783997661,
    "loss": 0.39916777510133067,
    "threshold": 0.5,
    "loss_total": 0.3993238361924887,
    "loss_spatial_aux": 0.3608566433191299,
    "loss_spectral_aux": 0.30562723983079193
  }
}