{
  "dataset_name": "openfake_by_generator_flux-1.1-pro",
  "dataset_class": "OpenFakeDataset",
  "fit_split": "val",
  "evaluated_csv": "/home/user/SC/Deepfake-Fusion/data/splits/openfake/by_generator/flux-1.1-pro/val.csv",
  "split_csv_override_used": false,
  "generator_name": null,
  "checkpoint": "/home/user/SC/Deepfake-Fusion/outputs/fusion/resnet_spai_openfake/by_generator/flux-1.1-pro/best.pth",
  "threshold_for_reporting": 0.5,
  "temperature_init": 1.0,
  "temperature": 2.4713149070739746,
  "nll_before": 0.23945516347885132,
  "nll_after": 0.15263018012046814,
  "metrics_before": {
    "accuracy": 0.93875,
    "precision": 0.9546632124352331,
    "recall": 0.92125,
    "f1": 0.9376590330788804,
    "auc": 0.98699453125,
    "loss": 0.23946077145636083
  },
  "metrics_after": {
    "accuracy": 0.93875,
    "precision": 0.9546632124352331,
    "recall": 0.92125,
    "f1": 0.9376590330788804,
    "auc": 0.9876679687500001,
    "loss": 0.15263018012046814
  },
  "dataset_size": 1600,
  "class_counts": {
    "0": 800,
    "1": 800
  },
  "best_score_in_checkpoint": 0.98699453125,
  "best_epoch_in_checkpoint": 12,
  "saved_epoch": 12
}