{
  "dataset_name": "openfake_by_generator_ideogram-3.0",
  "dataset_class": "OpenFakeDataset",
  "split": "test",
  "checkpoint": "/home/user/SC/Deepfake-Fusion/outputs/fusion/resnet_spai_openfake/by_generator/ideogram-3.0/best.pth",
  "metrics": {
    "accuracy": 0.9737335834896811,
    "precision": 0.9655808236017209,
    "recall": 0.9824890556597874,
    "f1": 0.9739615623062616,
    "auc": 0.9963473887877861,
    "loss": 0.14066241317666867,
    "threshold": 0.5,
    "loss_total": 0.1406412640120834,
    "loss_spatial_aux": 0.15982639860361814,
    "loss_spectral_aux": 0.12002748224884272
  },
  "dataset_size": 3198,
  "class_counts": {
    "0": 1599,
    "1": 1599
  },
  "best_score_in_checkpoint": 0.9958960937500001,
  "best_epoch_in_checkpoint": 5,
  "saved_epoch": 5
}