{
  "dataset_name": "openfake_by_generator_ideogram-3.0",
  "dataset_class": "OpenFakeDataset",
  "split": "test",
  "checkpoint": "C:/Deepfake-Fusion/outputs/fusion/resnet_spai_openfake/by_generator/ideogram-3.0/best.pth",
  "metrics": {
    "accuracy": 0.9824890556597874,
    "precision": 0.9812850904553961,
    "recall": 0.983739837398374,
    "f1": 0.9825109306683323,
    "auc": 0.9984983187975911,
    "loss": 0.05279073743336019
  },
  "dataset_size": 3198,
  "class_counts": {
    "0": 1599,
    "1": 1599
  },
  "best_score_in_checkpoint": 0.99886953125,
  "best_epoch_in_checkpoint": 10,
  "saved_epoch": 10
}