{
  "best_checkpoint": "/home/user/SC/Deepfake-Fusion/outputs/fusion/resnet_spai_openfake/by_generator/ideogram-3.0/best.pth",
  "best_epoch": 5,
  "best_monitor": "val_auc",
  "best_score": 0.9958960937500001,
  "val_metrics": {
    "accuracy": 0.97125,
    "precision": 0.9748110831234257,
    "recall": 0.9675,
    "f1": 0.9711417816813049,
    "auc": 0.9958960937500001,
    "loss": 0.14972335226833822,
    "threshold": 0.5,
    "loss_total": 0.14972335226833822,
    "loss_spatial_aux": 0.18032526850700378,
    "loss_spectral_aux": 0.12539623990654947
  },
  "test_metrics": {
    "accuracy": 0.9737335834896811,
    "precision": 0.9655808236017209,
    "recall": 0.9824890556597874,
    "f1": 0.9739615623062616,
    "auc": 0.9963473887877861,
    "loss": 0.14066241317666867,
    "threshold": 0.5,
    "loss_total": 0.1406412640120834,
    "loss_spatial_aux": 0.15982639860361814,
    "loss_spectral_aux": 0.12002748224884272
  }
}