{
  "best_checkpoint": "/home/user/SC/Deepfake-Fusion/outputs/fusion/resnet_spai_openfake/by_generator/ideogram-3.0/best.pth",
  "best_epoch": 10,
  "best_monitor": "val_auc",
  "best_score": 0.99903515625,
  "val_metrics": {
    "accuracy": 0.981875,
    "precision": 0.9849056603773585,
    "recall": 0.97875,
    "f1": 0.9818181818181818,
    "auc": 0.99903515625,
    "loss": 0.1003158536553383,
    "threshold": 0.5,
    "loss_total": 0.1003158536553383,
    "loss_spatial_aux": 0.1361282730102539,
    "loss_spectral_aux": 0.06750384226441383
  },
  "test_metrics": {
    "accuracy": 0.9881175734834271,
    "precision": 0.9868995633187773,
    "recall": 0.9893683552220137,
    "f1": 0.9881324172392255,
    "auc": 0.9989989443840174,
    "loss": 0.07908605296325505,
    "threshold": 0.5,
    "loss_total": 0.07905019561294466,
    "loss_spatial_aux": 0.10333296522498131,
    "loss_spectral_aux": 0.0715852576494217
  }
}