{
  "best_checkpoint": "/home/user/SC/Deepfake-Fusion/outputs/fusion/resnet_spai_openfake/by_generator/ideogram-3.0/best.pth",
  "best_epoch": 7,
  "best_monitor": "val_auc",
  "best_score": 0.99848046875,
  "val_metrics": {
    "accuracy": 0.979375,
    "precision": 0.9860583016476553,
    "recall": 0.9725,
    "f1": 0.9792322215229704,
    "auc": 0.99848046875,
    "loss": 0.06421017549932002
  },
  "test_metrics": {
    "accuracy": 0.9771732332707942,
    "precision": 0.9835234474017744,
    "recall": 0.9706066291432145,
    "f1": 0.977022348127164,
    "auc": 0.9978866169091767,
    "loss": 0.07043799201144212
  }
}