{
  "best_checkpoint": "C:/Deepfake-Fusion/outputs/fusion/resnet_spai_openfake/by_generator/ideogram-3.0/best.pth",
  "best_epoch": 10,
  "best_monitor": "val_auc",
  "best_score": 0.99886953125,
  "val_metrics": {
    "accuracy": 0.98375,
    "precision": 0.9813432835820896,
    "recall": 0.98625,
    "f1": 0.983790523690773,
    "auc": 0.99886953125,
    "loss": 0.05358297392725944
  },
  "test_metrics": {
    "accuracy": 0.9824890556597874,
    "precision": 0.9812850904553961,
    "recall": 0.983739837398374,
    "f1": 0.9825109306683323,
    "auc": 0.9984983187975911,
    "loss": 0.05279073743336019
  }
}