{
  "dataset_name": "openfake_by_generator_ideogram-3.0",
  "dataset_class": "OpenFakeDataset",
  "fit_split": "val",
  "evaluated_csv": "/home/user/SC/Deepfake-Fusion/data/splits/openfake/by_generator/ideogram-3.0/val.csv",
  "split_csv_override_used": false,
  "generator_name": null,
  "checkpoint": "/home/user/SC/Deepfake-Fusion/outputs/fusion/resnet_spai_openfake/by_generator/ideogram-3.0/best.pth",
  "threshold_for_reporting": 0.5,
  "temperature_init": 1.0,
  "temperature": 1.6095341444015503,
  "nll_before": 0.08858118206262589,
  "nll_after": 0.07549335062503815,
  "metrics_before": {
    "accuracy": 0.97125,
    "precision": 0.9748110831234257,
    "recall": 0.9675,
    "f1": 0.9711417816813049,
    "auc": 0.9958960937500001,
    "loss": 0.08857905082404613
  },
  "metrics_after": {
    "accuracy": 0.97125,
    "precision": 0.9748110831234257,
    "recall": 0.9675,
    "f1": 0.9711417816813049,
    "auc": 0.9963742187500001,
    "loss": 0.07549335062503815
  },
  "dataset_size": 1600,
  "class_counts": {
    "0": 800,
    "1": 800
  },
  "best_score_in_checkpoint": 0.9958960937500001,
  "best_epoch_in_checkpoint": 5,
  "saved_epoch": 5
}