{
  "dataset_name": "openfake_logo_sd-3.5",
  "dataset_class": "OpenFakeDataset",
  "split": "test",
  "checkpoint": "/home/user/SC/Deepfake-Fusion/outputs/fusion/vit_spai_openfake/logo/sd-3.5/best.pth",
  "metrics": {
    "accuracy": 0.7885,
    "precision": 0.9572107765451664,
    "recall": 0.604,
    "f1": 0.7406499080318822,
    "auc": 0.9415211796874999,
    "loss": 2.294559624532587,
    "threshold": 0.5,
    "loss_total": 2.294559624532587,
    "loss_spatial_aux": 1.406075671993196,
    "loss_spectral_aux": 1.2094942910149693
  },
  "dataset_size": 16000,
  "class_counts": {
    "0": 8000,
    "1": 8000
  },
  "best_score_in_checkpoint": 0.992218704803719,
  "best_epoch_in_checkpoint": 13,
  "saved_epoch": 13
}