{
  "best_checkpoint": "/home/user/SC/Deepfake-Fusion/outputs/fusion/vit_spai_openfake/logo/sd-3.5/best.pth",
  "best_epoch": 13,
  "best_monitor": "val_auc",
  "best_score": 0.992218704803719,
  "val_metrics": {
    "accuracy": 0.9611363636363637,
    "precision": 0.9718604651162791,
    "recall": 0.9497727272727273,
    "f1": 0.9606896551724138,
    "auc": 0.992218704803719,
    "loss": 0.313403595470908,
    "threshold": 0.5,
    "loss_total": 0.313403595470908,
    "loss_spatial_aux": 0.20639241518622095,
    "loss_spectral_aux": 0.20071071709421548
  },
  "test_metrics": {
    "accuracy": 0.7885,
    "precision": 0.9572107765451664,
    "recall": 0.604,
    "f1": 0.7406499080318822,
    "auc": 0.9415211796874999,
    "loss": 2.294559624532587,
    "threshold": 0.5,
    "loss_total": 2.294559624532587,
    "loss_spatial_aux": 1.406075671993196,
    "loss_spectral_aux": 1.2094942910149693
  }
}