{
  "dataset_name": "openfake_logo_sd-3.5",
  "dataset_class": "OpenFakeDataset",
  "fit_split": "val",
  "evaluated_csv": "/home/user/SC/Deepfake-Fusion/data/splits/openfake/logo/sd-3.5/val.csv",
  "split_csv_override_used": false,
  "generator_name": null,
  "checkpoint": "/home/user/SC/Deepfake-Fusion/outputs/fusion/vit_spai_openfake/logo/sd-3.5/best.pth",
  "threshold_for_reporting": 0.5,
  "temperature_init": 1.0,
  "temperature": 3.420109748840332,
  "nll_before": 0.23196470737457275,
  "nll_after": 0.10367926210165024,
  "metrics_before": {
    "accuracy": 0.9611363636363637,
    "precision": 0.9718604651162791,
    "recall": 0.9497727272727273,
    "f1": 0.9606896551724138,
    "auc": 0.992218704803719,
    "loss": 0.2319829677248543
  },
  "metrics_after": {
    "accuracy": 0.9611363636363637,
    "precision": 0.9718604651162791,
    "recall": 0.9497727272727273,
    "f1": 0.9606896551724138,
    "auc": 0.9941813597623966,
    "loss": 0.10367926210165024
  },
  "dataset_size": 17600,
  "class_counts": {
    "0": 8800,
    "1": 8800
  },
  "best_score_in_checkpoint": 0.992218704803719,
  "best_epoch_in_checkpoint": 13,
  "saved_epoch": 13
}