{
  "dataset_name": "openfake_by_generator_ideogram-3.0",
  "dataset_class": "OpenFakeDataset",
  "split": "test",
  "checkpoint": "/home/user/SC/Deepfake-Fusion/outputs/spatial/vit_openfake/by_generator/ideogram-3.0/best.pth",
  "metrics": {
    "accuracy": 0.9803001876172608,
    "precision": 0.9830188679245283,
    "recall": 0.9774859287054409,
    "f1": 0.980244590780809,
    "auc": 0.9981427964084807,
    "loss": 0.06716948900933263,
    "threshold": 0.5,
    "loss_total": 0.06718931172043086
  },
  "dataset_size": 3198,
  "class_counts": {
    "0": 1599,
    "1": 1599
  },
  "best_score_in_checkpoint": 0.99733125,
  "best_epoch_in_checkpoint": 9,
  "saved_epoch": 9
}