{
  "best_checkpoint": "/home/user/SC/Deepfake-Fusion/outputs/spatial/vit_openfake/by_generator/flux-1.1-pro/best.pth",
  "best_epoch": 8,
  "best_monitor": "val_auc",
  "best_score": 0.988428125,
  "val_metrics": {
    "accuracy": 0.94375,
    "precision": 0.9459798994974874,
    "recall": 0.94125,
    "f1": 0.943609022556391,
    "auc": 0.988428125,
    "loss": 0.17528580382466316,
    "threshold": 0.5,
    "loss_total": 0.17528580382466316
  },
  "test_metrics": {
    "accuracy": 0.948405253283302,
    "precision": 0.9415024630541872,
    "recall": 0.9562226391494684,
    "f1": 0.9488054607508533,
    "auc": 0.987638263595798,
    "loss": 0.1872267164126868,
    "threshold": 0.5,
    "loss_total": 0.1873665639385581
  }
}