{
  "dataset_name": "openfake_by_generator_flux.1-dev",
  "dataset_class": "OpenFakeDataset",
  "fit_split": "val",
  "evaluated_csv": "/home/user/SC/Deepfake-Fusion/data/splits/openfake/by_generator/flux.1-dev/val.csv",
  "split_csv_override_used": false,
  "generator_name": null,
  "checkpoint": "/home/user/SC/Deepfake-Fusion/outputs/spatial/resnet_openfake/by_generator/flux.1-dev/best.pth",
  "threshold_for_reporting": 0.5,
  "temperature_init": 1.0,
  "temperature": 1.8873803615570068,
  "nll_before": 0.19357536733150482,
  "nll_after": 0.15629051625728607,
  "metrics_before": {
    "accuracy": 0.943125,
    "precision": 0.944792973651192,
    "recall": 0.94125,
    "f1": 0.9430181590482154,
    "auc": 0.98484140625,
    "loss": 0.19357773318886756
  },
  "metrics_after": {
    "accuracy": 0.943125,
    "precision": 0.944792973651192,
    "recall": 0.94125,
    "f1": 0.9430181590482154,
    "auc": 0.9848453125000002,
    "loss": 0.15629051625728607
  },
  "dataset_size": 1600,
  "class_counts": {
    "0": 800,
    "1": 800
  },
  "best_score_in_checkpoint": 0.98484140625,
  "best_epoch_in_checkpoint": 10,
  "saved_epoch": 10
}