{
  "dataset_name": "openfake_logo_flux-mvc5000",
  "dataset_class": "OpenFakeDataset",
  "split": "test",
  "checkpoint": "/home/user/SC/Deepfake-Fusion/outputs/spatial/vit_openfake/logo/flux-mvc5000/best.pth",
  "metrics": {
    "accuracy": 0.84925,
    "precision": 0.9659773182121414,
    "recall": 0.724,
    "f1": 0.8276650471563304,
    "auc": 0.9634260703124999,
    "loss": 0.7540937441736459,
    "threshold": 0.5,
    "loss_total": 0.7540937441736459
  },
  "dataset_size": 16000,
  "class_counts": {
    "0": 8000,
    "1": 8000
  },
  "best_score_in_checkpoint": 0.9922898050103306,
  "best_epoch_in_checkpoint": 8,
  "saved_epoch": 8
}