{
  "dataset_name": "openfake_logo_flux-mvc5000",
  "dataset_class": "OpenFakeDataset",
  "fit_split": "val",
  "evaluated_csv": "/home/user/SC/Deepfake-Fusion/data/splits/openfake/logo/flux-mvc5000/val.csv",
  "split_csv_override_used": false,
  "generator_name": null,
  "checkpoint": "/home/user/SC/Deepfake-Fusion/outputs/spatial/vit_openfake/logo/flux-mvc5000/best.pth",
  "threshold_for_reporting": 0.5,
  "temperature_init": 1.0,
  "temperature": 2.5189859867095947,
  "nll_before": 0.17536738514900208,
  "nll_after": 0.11171212792396545,
  "metrics_before": {
    "accuracy": 0.9577272727272728,
    "precision": 0.9724372507623739,
    "recall": 0.9421590909090909,
    "f1": 0.9570587556273809,
    "auc": 0.9922898050103306,
    "loss": 0.17537386649711564
  },
  "metrics_after": {
    "accuracy": 0.9577272727272728,
    "precision": 0.9724372507623739,
    "recall": 0.9421590909090909,
    "f1": 0.9570587556273809,
    "auc": 0.9928479274276859,
    "loss": 0.11171212792396545
  },
  "dataset_size": 17600,
  "class_counts": {
    "0": 8800,
    "1": 8800
  },
  "best_score_in_checkpoint": 0.9922898050103306,
  "best_epoch_in_checkpoint": 8,
  "saved_epoch": 8
}