{
  "dataset_name": "openfake_logo_grok-2-image-1212",
  "dataset_class": "OpenFakeDataset",
  "split": "test",
  "checkpoint": "/home/user/SC/Deepfake-Fusion/outputs/frequency/spai_openfake/logo/grok-2-image-1212/best.pth",
  "metrics": {
    "accuracy": 0.8035,
    "precision": 0.9531541620007465,
    "recall": 0.638375,
    "f1": 0.7646354244647402,
    "auc": 0.93946075,
    "loss": 1.3027943731620908,
    "threshold": 0.5,
    "loss_total": 1.3027943731620908
  },
  "dataset_size": 16000,
  "class_counts": {
    "0": 8000,
    "1": 8000
  },
  "best_score_in_checkpoint": 0.9927368866219008,
  "best_epoch_in_checkpoint": 10,
  "saved_epoch": 10
}