{
  "dataset_name": "openfake_logo_grok-2-image-1212",
  "dataset_class": "OpenFakeDataset",
  "fit_split": "val",
  "evaluated_csv": "/home/user/SC/Deepfake-Fusion/data/splits/openfake/logo/grok-2-image-1212/val.csv",
  "split_csv_override_used": false,
  "generator_name": null,
  "checkpoint": "/home/user/SC/Deepfake-Fusion/outputs/frequency/spai_openfake/logo/grok-2-image-1212/best.pth",
  "threshold_for_reporting": 0.5,
  "temperature_init": 1.0,
  "temperature": 2.898674488067627,
  "nll_before": 0.16899019479751587,
  "nll_after": 0.09512384235858917,
  "metrics_before": {
    "accuracy": 0.9634090909090909,
    "precision": 0.9646763901549681,
    "recall": 0.9620454545454545,
    "f1": 0.9633591260810196,
    "auc": 0.9927368866219008,
    "loss": 0.169000030498613
  },
  "metrics_after": {
    "accuracy": 0.9634090909090909,
    "precision": 0.9646763901549681,
    "recall": 0.9620454545454545,
    "f1": 0.9633591260810196,
    "auc": 0.9942889333677687,
    "loss": 0.09512384235858917
  },
  "dataset_size": 17600,
  "class_counts": {
    "0": 8800,
    "1": 8800
  },
  "best_score_in_checkpoint": 0.9927368866219008,
  "best_epoch_in_checkpoint": 10,
  "saved_epoch": 10
}