{
  "best_checkpoint": "/home/user/SC/Deepfake-Fusion/outputs/spatial/resnet_openfake/group_holdout/split_c/best.pth",
  "best_epoch": 10,
  "best_monitor": "val_auc",
  "best_score": 0.9795874348958333,
  "val_metrics": {
    "accuracy": 0.9290625,
    "precision": 0.9282595134123518,
    "recall": 0.93,
    "f1": 0.9291289416172338,
    "auc": 0.9795874348958333,
    "loss": 0.25299003571271894,
    "threshold": 0.5,
    "loss_total": 0.25299003571271894
  },
  "test_metrics": {
    "accuracy": 0.8462652661414697,
    "precision": 0.9110160057393069,
    "recall": 0.7674961443874786,
    "f1": 0.8331202986256433,
    "auc": 0.936196851489407,
    "loss": 0.6241331370151841,
    "threshold": 0.5,
    "loss_total": 0.6241125425348679
  }
}