{
  "dataset_name": "openfake_group_holdout_split_c",
  "dataset_class": "OpenFakeDataset",
  "fit_split": "val",
  "evaluated_csv": "/home/user/SC/Deepfake-Fusion/data/splits/openfake/group_holdout/split_c/val.csv",
  "split_csv_override_used": false,
  "generator_name": null,
  "checkpoint": "/home/user/SC/Deepfake-Fusion/outputs/spatial/resnet_openfake/group_holdout/split_c/best.pth",
  "threshold_for_reporting": 0.5,
  "temperature_init": 1.0,
  "temperature": 2.356642007827759,
  "nll_before": 0.25298139452934265,
  "nll_after": 0.17739854753017426,
  "metrics_before": {
    "accuracy": 0.9290625,
    "precision": 0.9282595134123518,
    "recall": 0.93,
    "f1": 0.9291289416172338,
    "auc": 0.9795874348958333,
    "loss": 0.25299003571271894
  },
  "metrics_after": {
    "accuracy": 0.9290625,
    "precision": 0.9282595134123518,
    "recall": 0.93,
    "f1": 0.9291289416172338,
    "auc": 0.9805509982638889,
    "loss": 0.17739854753017426
  },
  "dataset_size": 9600,
  "class_counts": {
    "0": 4800,
    "1": 4800
  },
  "best_score_in_checkpoint": 0.9795874348958333,
  "best_epoch_in_checkpoint": 10,
  "saved_epoch": 10
}