{
  "dataset_name": "openfake_by_generator_flux-mvc5000",
  "dataset_class": "OpenFakeDataset",
  "fit_split": "val",
  "evaluated_csv": "/home/user/SC/Deepfake-Fusion/data/splits/openfake/by_generator/flux-mvc5000/val.csv",
  "split_csv_override_used": false,
  "generator_name": null,
  "checkpoint": "/home/user/SC/Deepfake-Fusion/outputs/fusion/vit_spai_openfake/by_generator/flux-mvc5000/best.pth",
  "threshold_for_reporting": 0.5,
  "temperature_init": 1.0,
  "temperature": 1.4899502992630005,
  "nll_before": 0.06689561903476715,
  "nll_after": 0.05910420045256615,
  "metrics_before": {
    "accuracy": 0.975,
    "precision": 0.9679802955665024,
    "recall": 0.9825,
    "f1": 0.9751861042183623,
    "auc": 0.9983890625,
    "loss": 0.06689319618046284
  },
  "metrics_after": {
    "accuracy": 0.975,
    "precision": 0.9679802955665024,
    "recall": 0.9825,
    "f1": 0.9751861042183623,
    "auc": 0.9983929687499999,
    "loss": 0.05910420045256615
  },
  "dataset_size": 1600,
  "class_counts": {
    "0": 800,
    "1": 800
  },
  "best_score_in_checkpoint": 0.9983890625,
  "best_epoch_in_checkpoint": 4,
  "saved_epoch": 4
}