{
  "dataset_name": "openfake_by_generator_flux-mvc5000",
  "dataset_class": "OpenFakeDataset",
  "fit_split": "val",
  "evaluated_csv": "/home/user/SC/Deepfake-Fusion/data/splits/openfake/by_generator/flux-mvc5000/val.csv",
  "split_csv_override_used": false,
  "generator_name": null,
  "checkpoint": "/home/user/SC/Deepfake-Fusion/outputs/spatial/vit_openfake/by_generator/flux-mvc5000/best.pth",
  "threshold_for_reporting": 0.5,
  "temperature_init": 1.0,
  "temperature": 1.3494324684143066,
  "nll_before": 0.05828119441866875,
  "nll_after": 0.054966241121292114,
  "metrics_before": {
    "accuracy": 0.97625,
    "precision": 0.990979381443299,
    "recall": 0.96125,
    "f1": 0.9758883248730964,
    "auc": 0.99882109375,
    "loss": 0.05828131571412087
  },
  "metrics_after": {
    "accuracy": 0.97625,
    "precision": 0.990979381443299,
    "recall": 0.96125,
    "f1": 0.9758883248730964,
    "auc": 0.998821875,
    "loss": 0.054966241121292114
  },
  "dataset_size": 1600,
  "class_counts": {
    "0": 800,
    "1": 800
  },
  "best_score_in_checkpoint": 0.99882109375,
  "best_epoch_in_checkpoint": 5,
  "saved_epoch": 5
}