{
  "best_checkpoint": "/home/user/SC/Deepfake-Fusion/outputs/spatial/resnet_openfake/group_holdout/split_c/best.pth",
  "best_epoch": 10,
  "best_monitor": "val_auc",
  "best_score": 0.9881455512152779,
  "val_metrics": {
    "accuracy": 0.9466666666666667,
    "precision": 0.9435250310302027,
    "recall": 0.9502083333333333,
    "f1": 0.9468548889350218,
    "auc": 0.9881455512152779,
    "loss": 0.19390091163416703
  },
  "test_metrics": {
    "accuracy": 0.8702742695177358,
    "precision": 0.9318861365680531,
    "recall": 0.7989454378725356,
    "f1": 0.8603103715257128,
    "auc": 0.953875656718358,
    "loss": 0.5691301934152431
  }
}