{
  "dataset_name": "openfake_group_holdout_split_c",
  "dataset_class": "OpenFakeDataset",
  "fit_split": "val",
  "evaluated_csv": "/home/user/SC/Deepfake-Fusion/data/splits/openfake/group_holdout/split_c/val.csv",
  "split_csv_override_used": false,
  "generator_name": null,
  "checkpoint": "/home/user/SC/Deepfake-Fusion/outputs/spatial/resnet_openfake/group_holdout/split_c/best.pth",
  "threshold_for_reporting": 0.5,
  "temperature_init": 1.0,
  "temperature": 2.341770887374878,
  "nll_before": 0.19389495253562927,
  "nll_after": 0.1348370462656021,
  "metrics_before": {
    "accuracy": 0.9466666666666667,
    "precision": 0.9435250310302027,
    "recall": 0.9502083333333333,
    "f1": 0.9468548889350218,
    "auc": 0.9881455512152779,
    "loss": 0.19390091163416703
  },
  "metrics_after": {
    "accuracy": 0.9466666666666667,
    "precision": 0.9435250310302027,
    "recall": 0.9502083333333333,
    "f1": 0.9468548889350218,
    "auc": 0.9888731119791667,
    "loss": 0.1348370462656021
  },
  "dataset_size": 9600,
  "class_counts": {
    "0": 4800,
    "1": 4800
  },
  "best_score_in_checkpoint": 0.9881455512152779,
  "best_epoch_in_checkpoint": 10,
  "saved_epoch": 10
}