{
  "best_checkpoint": "/home/user/SC/Deepfake-Fusion/outputs/spatial/resnet_openfake/by_generator/sd-3.5/best.pth",
  "best_epoch": 9,
  "best_monitor": "val_auc",
  "best_score": 0.98862578125,
  "val_metrics": {
    "accuracy": 0.94875,
    "precision": 0.9454094292803971,
    "recall": 0.9525,
    "f1": 0.9489414694894147,
    "auc": 0.98862578125,
    "loss": 0.1543045936524868,
    "threshold": 0.5,
    "loss_total": 0.1543045936524868
  },
  "test_metrics": {
    "accuracy": 0.9505941213258287,
    "precision": 0.9522912743251726,
    "recall": 0.9487179487179487,
    "f1": 0.9505012531328321,
    "auc": 0.9903103526633477,
    "loss": 0.1431734973309635,
    "threshold": 0.5,
    "loss_total": 0.14314948190003635
  }
}