{
  "dataset_name": "openfake_by_generator_sd-3.5",
  "dataset_class": "OpenFakeDataset",
  "fit_split": "val",
  "evaluated_csv": "/home/user/SC/Deepfake-Fusion/data/splits/openfake/by_generator/sd-3.5/val.csv",
  "split_csv_override_used": false,
  "generator_name": null,
  "checkpoint": "/home/user/SC/Deepfake-Fusion/outputs/spatial/resnet_openfake/by_generator/sd-3.5/best.pth",
  "threshold_for_reporting": 0.5,
  "temperature_init": 1.0,
  "temperature": 1.5571545362472534,
  "nll_before": 0.12331849336624146,
  "nll_after": 0.10979107767343521,
  "metrics_before": {
    "accuracy": 0.959375,
    "precision": 0.9588014981273408,
    "recall": 0.96,
    "f1": 0.9594003747657714,
    "auc": 0.99232890625,
    "loss": 0.12332215212285519
  },
  "metrics_after": {
    "accuracy": 0.959375,
    "precision": 0.9588014981273408,
    "recall": 0.96,
    "f1": 0.9594003747657714,
    "auc": 0.9922867187500002,
    "loss": 0.10979107767343521
  },
  "dataset_size": 1600,
  "class_counts": {
    "0": 800,
    "1": 800
  },
  "best_score_in_checkpoint": 0.99232890625,
  "best_epoch_in_checkpoint": 10,
  "saved_epoch": 10
}