{
  "dataset_name": "openfake_by_generator_grok-2-image-1212",
  "dataset_class": "OpenFakeDataset",
  "split": "test",
  "checkpoint": "/home/user/SC/Deepfake-Fusion/outputs/fusion/vit_spai_openfake/by_generator/grok-2-image-1212/best.pth",
  "metrics": {
    "accuracy": 0.9821763602251408,
    "precision": 0.966142684401451,
    "recall": 0.9993746091307066,
    "f1": 0.9824777128804181,
    "auc": 0.9995224501241982,
    "loss": 0.08106865180452313,
    "threshold": 0.5,
    "loss_total": 0.08101838327012956,
    "loss_spatial_aux": 0.022328582033514975,
    "loss_spectral_aux": 0.09446151712909341
  },
  "dataset_size": 3198,
  "class_counts": {
    "0": 1599,
    "1": 1599
  },
  "best_score_in_checkpoint": 0.9999289062500001,
  "best_epoch_in_checkpoint": 3,
  "saved_epoch": 3
}