{
  "dataset_name": "openfake_logo_midjourney-6",
  "dataset_class": "OpenFakeDataset",
  "fit_split": "val",
  "evaluated_csv": "/home/user/SC/Deepfake-Fusion/data/splits/openfake/logo/midjourney-6/val.csv",
  "split_csv_override_used": false,
  "generator_name": null,
  "checkpoint": "/home/user/SC/Deepfake-Fusion/outputs/spatial/resnet_openfake/logo/midjourney-6/best.pth",
  "threshold_for_reporting": 0.5,
  "temperature_init": 1.0,
  "temperature": 2.31414794921875,
  "nll_before": 0.22341306507587433,
  "nll_after": 0.15871214866638184,
  "metrics_before": {
    "accuracy": 0.9363636363636364,
    "precision": 0.9365620736698499,
    "recall": 0.9361363636363637,
    "f1": 0.9363491702659695,
    "auc": 0.9838638623450413,
    "loss": 0.2234158693728122
  },
  "metrics_after": {
    "accuracy": 0.9363636363636364,
    "precision": 0.9365620736698499,
    "recall": 0.9361363636363637,
    "f1": 0.9363491702659695,
    "auc": 0.984502130681818,
    "loss": 0.15871214866638184
  },
  "dataset_size": 17600,
  "class_counts": {
    "0": 8800,
    "1": 8800
  },
  "best_score_in_checkpoint": 0.9838638623450413,
  "best_epoch_in_checkpoint": 10,
  "saved_epoch": 10
}