{
  "dataset_name": "openfake_logo_dalle-3",
  "dataset_class": "OpenFakeDataset",
  "split": "test",
  "checkpoint": "/home/user/SC/Deepfake-Fusion/outputs/fusion/vit_spai_openfake/logo/dalle-3/best.pth",
  "metrics": {
    "accuracy": 0.831625,
    "precision": 0.9558419243986255,
    "recall": 0.695375,
    "f1": 0.8050651230101302,
    "auc": 0.949143625,
    "loss": 1.038301615698263,
    "threshold": 0.5,
    "loss_total": 1.038301615698263,
    "loss_spatial_aux": 0.6945916471481324,
    "loss_spectral_aux": 0.5313309204056859
  },
  "dataset_size": 16000,
  "class_counts": {
    "0": 8000,
    "1": 8000
  },
  "best_score_in_checkpoint": 0.991258910123967,
  "best_epoch_in_checkpoint": 7,
  "saved_epoch": 7
}