{
  "best_checkpoint": "/home/user/SC/Deepfake-Fusion/outputs/fusion/vit_spai_openfake/logo/dalle-3/best.pth",
  "best_epoch": 11,
  "best_monitor": "val_auc",
  "best_score": 0.9943457838326445,
  "val_metrics": {
    "accuracy": 0.9610795454545454,
    "precision": 0.9819455992398147,
    "recall": 0.9394318181818182,
    "f1": 0.9602183634357396,
    "auc": 0.9943457838326445,
    "loss": 0.1806316062198444
  },
  "test_metrics": {
    "accuracy": 0.790875,
    "precision": 0.9720081135902637,
    "recall": 0.599,
    "f1": 0.7412219644238206,
    "auc": 0.9584769609374999,
    "loss": 1.3512620799019932
  }
}