{
  "best_checkpoint": "/home/user/SC/Deepfake-Fusion/outputs/fusion/vit_spai_openfake/logo/dalle-3/best.pth",
  "best_epoch": 7,
  "best_monitor": "val_auc",
  "best_score": 0.991258910123967,
  "val_metrics": {
    "accuracy": 0.9540909090909091,
    "precision": 0.964975564347219,
    "recall": 0.9423863636363636,
    "f1": 0.9535472001839714,
    "auc": 0.991258910123967,
    "loss": 0.23442212941294366,
    "threshold": 0.5,
    "loss_total": 0.23442212941294366,
    "loss_spatial_aux": 0.18461815529248932,
    "loss_spectral_aux": 0.16217431824993003
  },
  "test_metrics": {
    "accuracy": 0.831625,
    "precision": 0.9558419243986255,
    "recall": 0.695375,
    "f1": 0.8050651230101302,
    "auc": 0.949143625,
    "loss": 1.038301615698263,
    "threshold": 0.5,
    "loss_total": 1.038301615698263,
    "loss_spatial_aux": 0.6945916471481324,
    "loss_spectral_aux": 0.5313309204056859
  }
}