{
  "best_checkpoint": "/home/user/SC/Deepfake-Fusion/outputs/fusion/vit_spai_openfake/logo/dalle-3/best.pth",
  "best_epoch": 13,
  "best_monitor": "val_auc",
  "best_score": 0.9940578124999999,
  "val_metrics": {
    "accuracy": 0.9642045454545455,
    "precision": 0.9771081523008642,
    "recall": 0.9506818181818182,
    "f1": 0.963713857850478,
    "auc": 0.9940578124999999,
    "loss": 0.17687913763252172
  },
  "test_metrics": {
    "accuracy": 0.8321875,
    "precision": 0.969274236270528,
    "recall": 0.686125,
    "f1": 0.8034838615238235,
    "auc": 0.95907884375,
    "loss": 1.2041123081967235
  }
}