{
  "dataset_name": "openfake_logo_dalle-3",
  "dataset_class": "OpenFakeDataset",
  "fit_split": "val",
  "evaluated_csv": "/home/user/SC/Deepfake-Fusion/data/splits/openfake/logo/dalle-3/val.csv",
  "split_csv_override_used": false,
  "generator_name": null,
  "checkpoint": "/home/user/SC/Deepfake-Fusion/outputs/fusion/vit_spai_openfake/logo/dalle-3/best.pth",
  "threshold_for_reporting": 0.5,
  "temperature_init": 1.0,
  "temperature": 2.0001614093780518,
  "nll_before": 0.1320992410182953,
  "nll_after": 0.09815163165330887,
  "metrics_before": {
    "accuracy": 0.9597727272727272,
    "precision": 0.962611479533501,
    "recall": 0.9567045454545454,
    "f1": 0.9596489228314146,
    "auc": 0.9938926136363636,
    "loss": 0.13210186637938023
  },
  "metrics_after": {
    "accuracy": 0.9597727272727272,
    "precision": 0.962611479533501,
    "recall": 0.9567045454545454,
    "f1": 0.9596489228314146,
    "auc": 0.994213190857438,
    "loss": 0.09815163165330887
  },
  "dataset_size": 17600,
  "class_counts": {
    "0": 8800,
    "1": 8800
  },
  "best_score_in_checkpoint": 0.9938926136363636,
  "best_epoch_in_checkpoint": 6,
  "saved_epoch": 6
}