{
  "dataset_name": "openfake_by_generator_gpt-image-1",
  "dataset_class": "OpenFakeDataset",
  "split": "test",
  "checkpoint": "/home/user/SC/Deepfake-Fusion/outputs/spatial/resnet_openfake/by_generator/gpt-image-1/best.pth",
  "metrics": {
    "accuracy": 0.9737335834896811,
    "precision": 0.9713752333540759,
    "recall": 0.9762351469668543,
    "f1": 0.9737991266375546,
    "auc": 0.9970396601065159,
    "loss": 0.07621036543615112,
    "threshold": 0.5,
    "loss_total": 0.07616524687036871
  },
  "dataset_size": 3198,
  "class_counts": {
    "0": 1599,
    "1": 1599
  },
  "best_score_in_checkpoint": 0.9962382812499999,
  "best_epoch_in_checkpoint": 8,
  "saved_epoch": 8
}