{
  "dataset_name": "openfake_logo_sd-3.5",
  "dataset_class": "OpenFakeDataset",
  "split": "test",
  "checkpoint": "/home/user/SC/Deepfake-Fusion/outputs/spatial/resnet_openfake/logo/sd-3.5/best.pth",
  "metrics": {
    "accuracy": 0.7839375,
    "precision": 0.9153410129822637,
    "recall": 0.62575,
    "f1": 0.7433365505976687,
    "auc": 0.9049643906250001,
    "loss": 1.0026537278592587,
    "threshold": 0.5,
    "loss_total": 1.0026537278592587
  },
  "dataset_size": 16000,
  "class_counts": {
    "0": 8000,
    "1": 8000
  },
  "best_score_in_checkpoint": 0.9844437822830578,
  "best_epoch_in_checkpoint": 10,
  "saved_epoch": 10
}