{
  "best_checkpoint": "/home/user/SC/Deepfake-Fusion/outputs/spatial/resnet_openfake/logo/gpt-image-1/best.pth",
  "best_epoch": 8,
  "best_monitor": "val_auc",
  "best_score": 0.9820132489669422,
  "val_metrics": {
    "accuracy": 0.9294886363636363,
    "precision": 0.9331805157593123,
    "recall": 0.9252272727272727,
    "f1": 0.9291868758915834,
    "auc": 0.9820132489669422,
    "loss": 0.22927926902066578,
    "threshold": 0.5,
    "loss_total": 0.22927926902066578
  },
  "test_metrics": {
    "accuracy": 0.9389375,
    "precision": 0.9409770187115408,
    "recall": 0.936625,
    "f1": 0.9387959656706133,
    "auc": 0.98541821875,
    "loss": 0.1997377567663789,
    "threshold": 0.5,
    "loss_total": 0.1997377567663789
  }
}