{
  "dataset_name": "openfake_logo_gpt-image-1",
  "dataset_class": "OpenFakeDataset",
  "fit_split": "val",
  "evaluated_csv": "/home/user/SC/Deepfake-Fusion/data/splits/openfake/logo/gpt-image-1/val.csv",
  "split_csv_override_used": false,
  "generator_name": null,
  "checkpoint": "/home/user/SC/Deepfake-Fusion/outputs/spatial/resnet_openfake/logo/gpt-image-1/best.pth",
  "threshold_for_reporting": 0.5,
  "temperature_init": 1.0,
  "temperature": 2.1877148151397705,
  "nll_before": 0.22927355766296387,
  "nll_after": 0.16988606750965118,
  "metrics_before": {
    "accuracy": 0.9294886363636363,
    "precision": 0.9331805157593123,
    "recall": 0.9252272727272727,
    "f1": 0.9291868758915834,
    "auc": 0.9820132489669422,
    "loss": 0.22927926902066578
  },
  "metrics_after": {
    "accuracy": 0.9294886363636363,
    "precision": 0.9331805157593123,
    "recall": 0.9252272727272727,
    "f1": 0.9291868758915834,
    "auc": 0.9823893595041322,
    "loss": 0.16988606750965118
  },
  "dataset_size": 17600,
  "class_counts": {
    "0": 8800,
    "1": 8800
  },
  "best_score_in_checkpoint": 0.9820132489669422,
  "best_epoch_in_checkpoint": 8,
  "saved_epoch": 8
}