{
  "dataset_name": "openfake_logo_dalle-3",
  "dataset_class": "OpenFakeDataset",
  "split": "test",
  "checkpoint": "/home/user/SC/Deepfake-Fusion/outputs/spatial/resnet_openfake/logo/dalle-3/best.pth",
  "metrics": {
    "accuracy": 0.9001875,
    "precision": 0.927493657364134,
    "recall": 0.86825,
    "f1": 0.8968945703402414,
    "auc": 0.965161703125,
    "loss": 0.3896396637260914,
    "threshold": 0.5,
    "loss_total": 0.3896396637260914
  },
  "dataset_size": 16000,
  "class_counts": {
    "0": 8000,
    "1": 8000
  },
  "best_score_in_checkpoint": 0.9824893143078512,
  "best_epoch_in_checkpoint": 10,
  "saved_epoch": 10
}