{
  "dataset_name": "openfake_logo_dalle-3",
  "dataset_class": "OpenFakeDataset",
  "fit_split": "val",
  "evaluated_csv": "/home/user/SC/Deepfake-Fusion/data/splits/openfake/logo/dalle-3/val.csv",
  "split_csv_override_used": false,
  "generator_name": null,
  "checkpoint": "/home/user/SC/Deepfake-Fusion/outputs/spatial/resnet_openfake/logo/dalle-3/best.pth",
  "threshold_for_reporting": 0.5,
  "temperature_init": 1.0,
  "temperature": 2.3539721965789795,
  "nll_before": 0.2370014786720276,
  "nll_after": 0.16565631330013275,
  "metrics_before": {
    "accuracy": 0.9345454545454546,
    "precision": 0.9323835368611488,
    "recall": 0.9370454545454545,
    "f1": 0.9347086828383586,
    "auc": 0.9824893143078512,
    "loss": 0.23701200303706255
  },
  "metrics_after": {
    "accuracy": 0.9345454545454546,
    "precision": 0.9323835368611488,
    "recall": 0.9370454545454545,
    "f1": 0.9347086828383586,
    "auc": 0.9831080061983472,
    "loss": 0.16565631330013275
  },
  "dataset_size": 17600,
  "class_counts": {
    "0": 8800,
    "1": 8800
  },
  "best_score_in_checkpoint": 0.9824893143078512,
  "best_epoch_in_checkpoint": 10,
  "saved_epoch": 10
}