{
  "dataset_name": "openfake_logo_dalle-3",
  "dataset_class": "OpenFakeDataset",
  "fit_split": "val",
  "evaluated_csv": "/home/user/SC/Deepfake-Fusion/data/splits/openfake/logo/dalle-3/val.csv",
  "split_csv_override_used": false,
  "generator_name": null,
  "checkpoint": "/home/user/SC/Deepfake-Fusion/outputs/spatial/resnet_openfake/logo/dalle-3/best.pth",
  "threshold_for_reporting": 0.5,
  "temperature_init": 1.0,
  "temperature": 2.379260301589966,
  "nll_before": 0.171867236495018,
  "nll_after": 0.11782580614089966,
  "metrics_before": {
    "accuracy": 0.9533522727272727,
    "precision": 0.9585105160326399,
    "recall": 0.9477272727272728,
    "f1": 0.9530883949488601,
    "auc": 0.9905784155475208,
    "loss": 0.1718761738321998
  },
  "metrics_after": {
    "accuracy": 0.9533522727272727,
    "precision": 0.9585105160326399,
    "recall": 0.9477272727272728,
    "f1": 0.9530883949488601,
    "auc": 0.9913660059400826,
    "loss": 0.11782580614089966
  },
  "dataset_size": 17600,
  "class_counts": {
    "0": 8800,
    "1": 8800
  },
  "best_score_in_checkpoint": 0.9905789579028925,
  "best_epoch_in_checkpoint": 10,
  "saved_epoch": 10
}