{
  "dataset_name": "openfake_logo_flux.1-dev",
  "dataset_class": "OpenFakeDataset",
  "split": "test",
  "checkpoint": "/home/user/SC/Deepfake-Fusion/outputs/fusion/resnet_spai_openfake/logo/flux.1-dev/best.pth",
  "metrics": {
    "accuracy": 0.941875,
    "precision": 0.9625752420832243,
    "recall": 0.9195,
    "f1": 0.9405446873801304,
    "auc": 0.9872357265625,
    "loss": 0.3420794985219836,
    "threshold": 0.5,
    "loss_total": 0.3420794985219836,
    "loss_spatial_aux": 0.26969271546602247,
    "loss_spectral_aux": 0.2575185250341892
  },
  "dataset_size": 16000,
  "class_counts": {
    "0": 8000,
    "1": 8000
  },
  "best_score_in_checkpoint": 0.9936715715392563,
  "best_epoch_in_checkpoint": 9,
  "saved_epoch": 9
}