{
  "best_checkpoint": "C:/Deepfake-Fusion/outputs/fusion/resnet_spai_openfake/logo/flux.1-dev/best.pth",
  "best_epoch": 10,
  "best_monitor": "val_auc",
  "best_score": 0.9945531443698348,
  "val_metrics": {
    "accuracy": 0.9694318181818182,
    "precision": 0.9653075016895697,
    "recall": 0.9738636363636364,
    "f1": 0.9695666930648263,
    "auc": 0.9945531443698348,
    "loss": 0.13282225851308216
  },
  "test_metrics": {
    "accuracy": 0.9479375,
    "precision": 0.963283775048481,
    "recall": 0.931375,
    "f1": 0.9470606927232285,
    "auc": 0.9877887968749999,
    "loss": 0.26560933656990526
  }
}