{
  "best_checkpoint": "/home/user/SC/Deepfake-Fusion/outputs/fusion/resnet_spai_openfake/logo/flux.1-dev/best.pth",
  "best_epoch": 14,
  "best_monitor": "val_auc",
  "best_score": 0.9942793001033057,
  "val_metrics": {
    "accuracy": 0.9699431818181818,
    "precision": 0.9681874787727839,
    "recall": 0.9718181818181818,
    "f1": 0.9699994328815289,
    "auc": 0.9942793001033057,
    "loss": 0.14091263330118223
  },
  "test_metrics": {
    "accuracy": 0.95125,
    "precision": 0.9641295962972487,
    "recall": 0.937375,
    "f1": 0.9505640765623019,
    "auc": 0.9880526406250001,
    "loss": 0.27885833240300417
  }
}