{
  "best_checkpoint": "/home/user/SC/Deepfake-Fusion/outputs/fusion/resnet_spai_openfake/logo/flux.1-dev/best.pth",
  "best_epoch": 9,
  "best_monitor": "val_auc",
  "best_score": 0.9936715715392563,
  "val_metrics": {
    "accuracy": 0.9624431818181818,
    "precision": 0.9718260869565217,
    "recall": 0.9525,
    "f1": 0.9620659971305595,
    "auc": 0.9936715715392563,
    "loss": 0.21511651830578393,
    "threshold": 0.5,
    "loss_total": 0.21511651830578393,
    "loss_spatial_aux": 0.23691265266727318,
    "loss_spectral_aux": 0.14731915693391454
  },
  "test_metrics": {
    "accuracy": 0.941875,
    "precision": 0.9625752420832243,
    "recall": 0.9195,
    "f1": 0.9405446873801304,
    "auc": 0.9872357265625,
    "loss": 0.3420794985219836,
    "threshold": 0.5,
    "loss_total": 0.3420794985219836,
    "loss_spatial_aux": 0.26969271546602247,
    "loss_spectral_aux": 0.2575185250341892
  }
}