{
  "dataset_name": "openfake_logo_flux.1-dev",
  "dataset_class": "OpenFakeDataset",
  "fit_split": "val",
  "evaluated_csv": "/home/user/SC/Deepfake-Fusion/data/splits/openfake/logo/flux.1-dev/val.csv",
  "split_csv_override_used": false,
  "generator_name": null,
  "checkpoint": "/home/user/SC/Deepfake-Fusion/outputs/fusion/resnet_spai_openfake/logo/flux.1-dev/best.pth",
  "threshold_for_reporting": 0.5,
  "temperature_init": 1.0,
  "temperature": 2.10075044631958,
  "nll_before": 0.1382676064968109,
  "nll_after": 0.10024996101856232,
  "metrics_before": {
    "accuracy": 0.9624431818181818,
    "precision": 0.9718260869565217,
    "recall": 0.9525,
    "f1": 0.9620659971305595,
    "auc": 0.9936715715392563,
    "loss": 0.13827015420929953
  },
  "metrics_after": {
    "accuracy": 0.9624431818181818,
    "precision": 0.9718260869565217,
    "recall": 0.9525,
    "f1": 0.9620659971305595,
    "auc": 0.9939808755165289,
    "loss": 0.10024996101856232
  },
  "dataset_size": 17600,
  "class_counts": {
    "0": 8800,
    "1": 8800
  },
  "best_score_in_checkpoint": 0.9936715715392563,
  "best_epoch_in_checkpoint": 9,
  "saved_epoch": 9
}