{
  "dataset_name": "openfake_by_generator_flux.1-dev",
  "dataset_class": "OpenFakeDataset",
  "split": "test",
  "checkpoint": "/home/user/SC/Deepfake-Fusion/outputs/spatial/resnet_openfake/by_generator/flux.1-dev/best.pth",
  "metrics": {
    "accuracy": 0.941213258286429,
    "precision": 0.9434318038969202,
    "recall": 0.9387116948092558,
    "f1": 0.9410658307210031,
    "auc": 0.9868832185218952,
    "loss": 0.17763637674458702,
    "threshold": 0.5,
    "loss_total": 0.1777494766935706
  },
  "dataset_size": 3198,
  "class_counts": {
    "0": 1599,
    "1": 1599
  },
  "best_score_in_checkpoint": 0.98484140625,
  "best_epoch_in_checkpoint": 10,
  "saved_epoch": 10
}