{
  "best_checkpoint": "/home/user/SC/Deepfake-Fusion/outputs/spatial/resnet_openfake/by_generator/flux.1-dev/best.pth",
  "best_epoch": 10,
  "best_monitor": "val_auc",
  "best_score": 0.98484140625,
  "val_metrics": {
    "accuracy": 0.943125,
    "precision": 0.944792973651192,
    "recall": 0.94125,
    "f1": 0.9430181590482154,
    "auc": 0.98484140625,
    "loss": 0.19357773318886756,
    "threshold": 0.5,
    "loss_total": 0.19357773318886756
  },
  "test_metrics": {
    "accuracy": 0.941213258286429,
    "precision": 0.9434318038969202,
    "recall": 0.9387116948092558,
    "f1": 0.9410658307210031,
    "auc": 0.9868832185218952,
    "loss": 0.17763637674458702,
    "threshold": 0.5,
    "loss_total": 0.1777494766935706
  }
}