{
  "dataset_name": "openfake_by_generator_flux.1-dev",
  "dataset_class": "OpenFakeDataset",
  "fit_split": "val",
  "evaluated_csv": "/home/user/SC/Deepfake-Fusion/data/splits/openfake/by_generator/flux.1-dev/val.csv",
  "split_csv_override_used": false,
  "generator_name": null,
  "checkpoint": "/home/user/SC/Deepfake-Fusion/outputs/spatial/resnet_openfake/by_generator/flux.1-dev/best.pth",
  "threshold_for_reporting": 0.5,
  "temperature_init": 1.0,
  "temperature": 1.8148536682128906,
  "nll_before": 0.13868215680122375,
  "nll_after": 0.11260443925857544,
  "metrics_before": {
    "accuracy": 0.953125,
    "precision": 0.9594423320659062,
    "recall": 0.94625,
    "f1": 0.9528005034612964,
    "auc": 0.9924359375,
    "loss": 0.13868143573403358
  },
  "metrics_after": {
    "accuracy": 0.953125,
    "precision": 0.9594423320659062,
    "recall": 0.94625,
    "f1": 0.9528005034612964,
    "auc": 0.9924226562499999,
    "loss": 0.11260443925857544
  },
  "dataset_size": 1600,
  "class_counts": {
    "0": 800,
    "1": 800
  },
  "best_score_in_checkpoint": 0.99242578125,
  "best_epoch_in_checkpoint": 10,
  "saved_epoch": 10
}