{
  "best_checkpoint": "/home/user/SC/Deepfake-Fusion/outputs/frequency/spai_openfake/logo/hidream-i1-full/best.pth",
  "best_epoch": 9,
  "best_monitor": "val_auc",
  "best_score": 0.9933007489669422,
  "val_metrics": {
    "accuracy": 0.9647159090909091,
    "precision": 0.968603185516214,
    "recall": 0.9605681818181818,
    "f1": 0.964568950761682,
    "auc": 0.9933007489669422,
    "loss": 0.16158056388524444,
    "threshold": 0.5,
    "loss_total": 0.16158056388524444
  },
  "test_metrics": {
    "accuracy": 0.9404375,
    "precision": 0.9687375282692563,
    "recall": 0.91025,
    "f1": 0.9385834890764967,
    "auc": 0.9874071796875001,
    "loss": 0.28636853072047236,
    "threshold": 0.5,
    "loss_total": 0.28636853072047236
  }
}