{
  "best_checkpoint": "C:/Deepfake-Fusion/outputs/frequency/spai_openfake/logo/hidream-i1-full/best.pth",
  "best_epoch": 9,
  "best_monitor": "val_auc",
  "best_score": 0.9947125129132232,
  "val_metrics": {
    "accuracy": 0.9690340909090909,
    "precision": 0.975792507204611,
    "recall": 0.9619318181818182,
    "f1": 0.9688125894134478,
    "auc": 0.9947125129132232,
    "loss": 0.14765709692104295
  },
  "test_metrics": {
    "accuracy": 0.942875,
    "precision": 0.9759537882858678,
    "recall": 0.908125,
    "f1": 0.9408184408184408,
    "auc": 0.9895987734375,
    "loss": 0.30380443423241377
  }
}