{
  "dataset_name": "openfake_logo_hidream-i1-full",
  "dataset_class": "OpenFakeDataset",
  "fit_split": "val",
  "evaluated_csv": "/home/user/SC/Deepfake-Fusion/data/splits/openfake/logo/hidream-i1-full/val.csv",
  "split_csv_override_used": false,
  "generator_name": null,
  "checkpoint": "/home/user/SC/Deepfake-Fusion/outputs/frequency/spai_openfake/logo/hidream-i1-full/best.pth",
  "threshold_for_reporting": 0.5,
  "temperature_init": 1.0,
  "temperature": 2.8111565113067627,
  "nll_before": 0.16157665848731995,
  "nll_after": 0.09220036119222641,
  "metrics_before": {
    "accuracy": 0.9647159090909091,
    "precision": 0.968603185516214,
    "recall": 0.9605681818181818,
    "f1": 0.964568950761682,
    "auc": 0.9933007489669422,
    "loss": 0.16158056388524444
  },
  "metrics_after": {
    "accuracy": 0.9647159090909091,
    "precision": 0.968603185516214,
    "recall": 0.9605681818181818,
    "f1": 0.964568950761682,
    "auc": 0.9947849819214876,
    "loss": 0.09220036119222641
  },
  "dataset_size": 17600,
  "class_counts": {
    "0": 8800,
    "1": 8800
  },
  "best_score_in_checkpoint": 0.9933007489669422,
  "best_epoch_in_checkpoint": 9,
  "saved_epoch": 9
}