{
  "dataset_name": "openfake_logo_flux-1.1-pro",
  "dataset_class": "OpenFakeDataset",
  "split": "test",
  "checkpoint": "/home/user/SC/Deepfake-Fusion/outputs/fusion/vit_spai_openfake/logo/flux-1.1-pro/best.pth",
  "metrics": {
    "accuracy": 0.6839375,
    "precision": 0.9396474454735584,
    "recall": 0.393125,
    "f1": 0.5543315413765753,
    "auc": 0.8720363515625001,
    "loss": 2.7581672131251542,
    "threshold": 0.5,
    "loss_total": 2.7581672131251542,
    "loss_spatial_aux": 1.5999287915080787,
    "loss_spectral_aux": 1.7075911775380372
  },
  "dataset_size": 16000,
  "class_counts": {
    "0": 8000,
    "1": 8000
  },
  "best_score_in_checkpoint": 0.9946481792355373,
  "best_epoch_in_checkpoint": 7,
  "saved_epoch": 7
}