{
  "best_checkpoint": "/home/user/SC/Deepfake-Fusion/outputs/fusion/vit_spai_openfake/logo/flux-1.1-pro/best.pth",
  "best_epoch": 7,
  "best_monitor": "val_auc",
  "best_score": 0.9953340521694215,
  "val_metrics": {
    "accuracy": 0.9660795454545454,
    "precision": 0.9606874087386275,
    "recall": 0.9719318181818182,
    "f1": 0.9662769022199628,
    "auc": 0.9953340521694215,
    "loss": 0.10197015435858206
  },
  "test_metrics": {
    "accuracy": 0.7304375,
    "precision": 0.9227241458381106,
    "recall": 0.503,
    "f1": 0.6510800097079524,
    "auc": 0.8888928515625,
    "loss": 1.4009316960051656
  }
}