{
  "dataset_name": "openfake_logo_flux-1.1-pro",
  "dataset_class": "OpenFakeDataset",
  "fit_split": "val",
  "evaluated_csv": "/home/user/SC/Deepfake-Fusion/data/splits/openfake/logo/flux-1.1-pro/val.csv",
  "split_csv_override_used": false,
  "generator_name": null,
  "checkpoint": "/home/user/SC/Deepfake-Fusion/outputs/fusion/vit_spai_openfake/logo/flux-1.1-pro/best.pth",
  "threshold_for_reporting": 0.5,
  "temperature_init": 1.0,
  "temperature": 3.0612123012542725,
  "nll_before": 0.1326637715101242,
  "nll_after": 0.06516595929861069,
  "metrics_before": {
    "accuracy": 0.9778977272727273,
    "precision": 0.9846721217010488,
    "recall": 0.9709090909090909,
    "f1": 0.9777421754305659,
    "auc": 0.9959742574896693,
    "loss": 0.13267205186188222
  },
  "metrics_after": {
    "accuracy": 0.9778977272727273,
    "precision": 0.9846721217010488,
    "recall": 0.9709090909090909,
    "f1": 0.9777421754305659,
    "auc": 0.9974712874483471,
    "loss": 0.06516595929861069
  },
  "dataset_size": 17600,
  "class_counts": {
    "0": 8800,
    "1": 8800
  },
  "best_score_in_checkpoint": 0.9959742574896693,
  "best_epoch_in_checkpoint": 12,
  "saved_epoch": 12
}