{
  "best_checkpoint": "/home/user/SC/Deepfake-Fusion/outputs/fusion/resnet_spai_openfake/logo/flux-1.1-pro/best.pth",
  "best_epoch": 10,
  "best_monitor": "val_auc",
  "best_score": 0.9948159026342975,
  "val_metrics": {
    "accuracy": 0.9661363636363637,
    "precision": 0.9674111212397447,
    "recall": 0.9647727272727272,
    "f1": 0.9660901228948566,
    "auc": 0.9948159026342975,
    "loss": 0.20303267267955974,
    "threshold": 0.5,
    "loss_total": 0.20303267267955974,
    "loss_spatial_aux": 0.19599592944437808,
    "loss_spectral_aux": 0.13619355020197954
  },
  "test_metrics": {
    "accuracy": 0.7135625,
    "precision": 0.9291635267520724,
    "recall": 0.462375,
    "f1": 0.6174776729822219,
    "auc": 0.8752377265625,
    "loss": 2.815577239252627,
    "threshold": 0.5,
    "loss_total": 2.815577239252627,
    "loss_spatial_aux": 1.4933521811291575,
    "loss_spectral_aux": 1.5342211187854409
  }
}