{
  "dataset_name": "openfake_merged_merged",
  "dataset_class": "OpenFakeDataset",
  "split": "test",
  "checkpoint": "/home/user/SC/Deepfake-Fusion/outputs/spatial/resnet_openfake/merged/merged/best.pth",
  "metrics": {
    "accuracy": 0.9378320658401917,
    "precision": 0.943211178486686,
    "recall": 0.9317637253880613,
    "f1": 0.9374525063543222,
    "auc": 0.9844607317338168,
    "loss": 0.22217918663180014,
    "threshold": 0.5,
    "loss_total": 0.22216862964754303
  },
  "dataset_size": 38396,
  "class_counts": {
    "0": 19198,
    "1": 19198
  },
  "best_score_in_checkpoint": 0.9842558564256458,
  "best_epoch_in_checkpoint": 10,
  "saved_epoch": 10
}