{
  "best_checkpoint": "/home/user/SC/Deepfake-Fusion/outputs/spatial/resnet_openfake/merged/merged/best.pth",
  "best_epoch": 10,
  "best_monitor": "val_auc",
  "best_score": 0.9842558564256458,
  "val_metrics": {
    "accuracy": 0.9387436191269924,
    "precision": 0.9470332236492941,
    "recall": 0.9294718199812481,
    "f1": 0.9381703470031546,
    "auc": 0.9842558564256458,
    "loss": 0.22389806127260098,
    "threshold": 0.5,
    "loss_total": 0.22392202787101267
  },
  "test_metrics": {
    "accuracy": 0.9378320658401917,
    "precision": 0.943211178486686,
    "recall": 0.9317637253880613,
    "f1": 0.9374525063543222,
    "auc": 0.9844607317338168,
    "loss": 0.22217918663180014,
    "threshold": 0.5,
    "loss_total": 0.22216862964754303
  }
}