{
  "dataset_name": "openfake_merged_merged",
  "dataset_class": "OpenFakeDataset",
  "fit_split": "val",
  "evaluated_csv": "/home/user/SC/Deepfake-Fusion/data/splits/openfake/merged/val.csv",
  "split_csv_override_used": false,
  "generator_name": null,
  "checkpoint": "/home/user/SC/Deepfake-Fusion/outputs/spatial/resnet_openfake/merged/merged/best.pth",
  "threshold_for_reporting": 0.5,
  "temperature_init": 1.0,
  "temperature": 2.448233127593994,
  "nll_before": 0.1782647967338562,
  "nll_after": 0.11901846528053284,
  "metrics_before": {
    "accuracy": 0.9532763829565579,
    "precision": 0.9568458630827383,
    "recall": 0.9493697260131264,
    "f1": 0.9530931339225017,
    "auc": 0.990776116652166,
    "loss": 0.1782704590912821
  },
  "metrics_after": {
    "accuracy": 0.9532763829565579,
    "precision": 0.9568458630827383,
    "recall": 0.9493697260131264,
    "f1": 0.9530931339225017,
    "auc": 0.9912848977729205,
    "loss": 0.11901846528053284
  },
  "dataset_size": 19198,
  "class_counts": {
    "0": 9599,
    "1": 9599
  },
  "best_score_in_checkpoint": 0.9907752267098265,
  "best_epoch_in_checkpoint": 10,
  "saved_epoch": 10
}