{
  "dataset_name": "openfake_merged_merged",
  "dataset_class": "OpenFakeDataset",
  "fit_split": "val",
  "evaluated_csv": "/home/user/SC/Deepfake-Fusion/data/splits/openfake/merged/val.csv",
  "split_csv_override_used": false,
  "generator_name": null,
  "checkpoint": "/home/user/SC/Deepfake-Fusion/outputs/spatial/resnet_openfake/merged/merged/best.pth",
  "threshold_for_reporting": 0.5,
  "temperature_init": 1.0,
  "temperature": 2.3394250869750977,
  "nll_before": 0.22389037907123566,
  "nll_after": 0.1568244844675064,
  "metrics_before": {
    "accuracy": 0.9387436191269924,
    "precision": 0.9470332236492941,
    "recall": 0.9294718199812481,
    "f1": 0.9381703470031546,
    "auc": 0.9842558564256458,
    "loss": 0.22389806127260098
  },
  "metrics_after": {
    "accuracy": 0.9387436191269924,
    "precision": 0.9470332236492941,
    "recall": 0.9294718199812481,
    "f1": 0.9381703470031546,
    "auc": 0.9848392895998375,
    "loss": 0.1568244844675064
  },
  "dataset_size": 19198,
  "class_counts": {
    "0": 9599,
    "1": 9599
  },
  "best_score_in_checkpoint": 0.9842558564256458,
  "best_epoch_in_checkpoint": 10,
  "saved_epoch": 10
}