{
  "dataset_name": "openfake_logo_grok-2-image-1212",
  "dataset_class": "OpenFakeDataset",
  "split": "test",
  "checkpoint": "/home/user/SC/Deepfake-Fusion/outputs/spatial/vit_openfake/logo/grok-2-image-1212/best.pth",
  "metrics": {
    "accuracy": 0.82775,
    "precision": 0.9537902388369678,
    "recall": 0.688875,
    "f1": 0.7999709682101902,
    "auc": 0.9477972265624999,
    "loss": 0.9904504105374217,
    "threshold": 0.5,
    "loss_total": 0.9904504105374217
  },
  "dataset_size": 16000,
  "class_counts": {
    "0": 8000,
    "1": 8000
  },
  "best_score_in_checkpoint": 0.9929350271177686,
  "best_epoch_in_checkpoint": 9,
  "saved_epoch": 9
}