{
  "best_checkpoint": "/home/user/SC/Deepfake-Fusion/outputs/spatial/vit_openfake/logo/grok-2-image-1212/best.pth",
  "best_epoch": 9,
  "best_monitor": "val_auc",
  "best_score": 0.9929350271177686,
  "val_metrics": {
    "accuracy": 0.9607386363636363,
    "precision": 0.9593293304633511,
    "recall": 0.9622727272727273,
    "f1": 0.9607987746071368,
    "auc": 0.9929350271177686,
    "loss": 0.15473521188578823,
    "threshold": 0.5,
    "loss_total": 0.15473521188578823
  },
  "test_metrics": {
    "accuracy": 0.82775,
    "precision": 0.9537902388369678,
    "recall": 0.688875,
    "f1": 0.7999709682101902,
    "auc": 0.9477972265624999,
    "loss": 0.9904504105374217,
    "threshold": 0.5,
    "loss_total": 0.9904504105374217
  }
}