{
  "dataset_name": "openfake_logo_grok-2-image-1212",
  "dataset_class": "OpenFakeDataset",
  "fit_split": "val",
  "evaluated_csv": "/home/user/SC/Deepfake-Fusion/data/splits/openfake/logo/grok-2-image-1212/val.csv",
  "split_csv_override_used": false,
  "generator_name": null,
  "checkpoint": "/home/user/SC/Deepfake-Fusion/outputs/spatial/vit_openfake/logo/grok-2-image-1212/best.pth",
  "threshold_for_reporting": 0.5,
  "temperature_init": 1.0,
  "temperature": 2.5341198444366455,
  "nll_before": 0.1547282338142395,
  "nll_after": 0.09850282967090607,
  "metrics_before": {
    "accuracy": 0.9607386363636363,
    "precision": 0.9593293304633511,
    "recall": 0.9622727272727273,
    "f1": 0.9607987746071368,
    "auc": 0.9929350271177686,
    "loss": 0.15473521188578823
  },
  "metrics_after": {
    "accuracy": 0.9607386363636363,
    "precision": 0.9593293304633511,
    "recall": 0.9622727272727273,
    "f1": 0.9607987746071368,
    "auc": 0.9940070118801652,
    "loss": 0.09850282967090607
  },
  "dataset_size": 17600,
  "class_counts": {
    "0": 8800,
    "1": 8800
  },
  "best_score_in_checkpoint": 0.9929350271177686,
  "best_epoch_in_checkpoint": 9,
  "saved_epoch": 9
}