{
  "dataset_name": "openfake_merged_merged",
  "dataset_class": "OpenFakeDataset",
  "split": "test",
  "checkpoint": "/home/user/SC/Deepfake-Fusion/outputs/spatial/vit_openfake/merged/merged/best.pth",
  "metrics": {
    "accuracy": 0.9693718095634962,
    "precision": 0.9756651182432432,
    "recall": 0.9627565371392853,
    "f1": 0.96916784646846,
    "auc": 0.9950116683378951,
    "loss": 0.1425810694719357
  },
  "dataset_size": 38396,
  "class_counts": {
    "0": 19198,
    "1": 19198
  },
  "best_score_in_checkpoint": 0.9948537510543238,
  "best_epoch_in_checkpoint": 9,
  "saved_epoch": 9
}