{
  "dataset_name": "openfake_merged_merged",
  "dataset_class": "OpenFakeDataset",
  "fit_split": "val",
  "evaluated_csv": "/home/user/SC/Deepfake-Fusion/data/splits/openfake/merged/val.csv",
  "split_csv_override_used": false,
  "generator_name": null,
  "checkpoint": "/home/user/SC/Deepfake-Fusion/outputs/spatial/vit_openfake/merged/merged/best.pth",
  "threshold_for_reporting": 0.5,
  "temperature_init": 1.0,
  "temperature": 2.7581393718719482,
  "nll_before": 0.14530615508556366,
  "nll_after": 0.08320344239473343,
  "metrics_before": {
    "accuracy": 0.9679133243046151,
    "precision": 0.9764506205579718,
    "recall": 0.9589540577143453,
    "f1": 0.9676232523914643,
    "auc": 0.9948537510543238,
    "loss": 0.14531494853570817
  },
  "metrics_after": {
    "accuracy": 0.9679133243046151,
    "precision": 0.9764506205579718,
    "recall": 0.9589540577143453,
    "f1": 0.9676232523914643,
    "auc": 0.9958652627732203,
    "loss": 0.08320344239473343
  },
  "dataset_size": 19198,
  "class_counts": {
    "0": 9599,
    "1": 9599
  },
  "best_score_in_checkpoint": 0.9948537510543238,
  "best_epoch_in_checkpoint": 9,
  "saved_epoch": 9
}