{
  "dataset_name": "openfake_logo_imagen-4.0",
  "dataset_class": "OpenFakeDataset",
  "split": "test",
  "checkpoint": "/home/user/SC/Deepfake-Fusion/outputs/spatial/vit_openfake/logo/imagen-4.0/best.pth",
  "metrics": {
    "accuracy": 0.9491059147180193,
    "precision": 0.9708928805559197,
    "recall": 0.9259722395898462,
    "f1": 0.9479006656426011,
    "auc": 0.990015309761418,
    "loss": 0.25426340644264483
  },
  "dataset_size": 15994,
  "class_counts": {
    "0": 7997,
    "1": 7997
  },
  "best_score_in_checkpoint": 0.9951280862603307,
  "best_epoch_in_checkpoint": 10,
  "saved_epoch": 10
}