{
  "best_checkpoint": "/home/user/SC/Deepfake-Fusion/outputs/spatial/vit_openfake/logo/imagen-4.0/best.pth",
  "best_epoch": 10,
  "best_monitor": "val_auc",
  "best_score": 0.9951280862603307,
  "val_metrics": {
    "accuracy": 0.9707954545454546,
    "precision": 0.967607223476298,
    "recall": 0.9742045454545455,
    "f1": 0.9708946772366931,
    "auc": 0.9951280862603307,
    "loss": 0.13444780357182026
  },
  "test_metrics": {
    "accuracy": 0.9491059147180193,
    "precision": 0.9708928805559197,
    "recall": 0.9259722395898462,
    "f1": 0.9479006656426011,
    "auc": 0.990015309761418,
    "loss": 0.25426340644264483
  }
}