{
  "dataset_name": "openfake_by_generator_grok-2-image-1212",
  "dataset_class": "OpenFakeDataset",
  "split": "test",
  "checkpoint": "C:/Deepfake-Fusion/outputs/frequency/spai_openfake/by_generator/grok-2-image-1212/best.pth",
  "metrics": {
    "accuracy": 0.99812382739212,
    "precision": 0.99812382739212,
    "recall": 0.99812382739212,
    "f1": 0.99812382739212,
    "auc": 0.9995965661778136,
    "loss": 0.010380960166868904
  },
  "dataset_size": 3198,
  "class_counts": {
    "0": 1599,
    "1": 1599
  },
  "best_score_in_checkpoint": 0.9999953125000001,
  "best_epoch_in_checkpoint": 6,
  "saved_epoch": 6
}