{
  "best_checkpoint": "C:/Deepfake-Fusion/outputs/frequency/spai_openfake/by_generator/grok-2-image-1212/best.pth",
  "best_epoch": 6,
  "best_monitor": "val_auc",
  "best_score": 0.9999953125000001,
  "val_metrics": {
    "accuracy": 0.998125,
    "precision": 0.9987484355444305,
    "recall": 0.9975,
    "f1": 0.99812382739212,
    "auc": 0.9999953125000001,
    "loss": 0.003487538918852806
  },
  "test_metrics": {
    "accuracy": 0.99812382739212,
    "precision": 0.99812382739212,
    "recall": 0.99812382739212,
    "f1": 0.99812382739212,
    "auc": 0.9995965661778136,
    "loss": 0.010380960166868904
  }
}