{
  "dataset_name": "openfake_by_generator_grok-2-image-1212",
  "dataset_class": "OpenFakeDataset",
  "fit_split": "val",
  "evaluated_csv": "/home/user/SC/Deepfake-Fusion/data/splits/openfake/by_generator/grok-2-image-1212/val.csv",
  "split_csv_override_used": false,
  "generator_name": null,
  "checkpoint": "/home/user/SC/Deepfake-Fusion/outputs/frequency/spai_openfake/by_generator/grok-2-image-1212/best.pth",
  "threshold_for_reporting": 0.5,
  "temperature_init": 1.0,
  "temperature": 1.3616639375686646,
  "nll_before": 0.009822052903473377,
  "nll_after": 0.00924061331897974,
  "metrics_before": {
    "accuracy": 0.998125,
    "precision": 0.9962640099626401,
    "recall": 1.0,
    "f1": 0.9981285090455396,
    "auc": 0.999971875,
    "loss": 0.009822442680597305
  },
  "metrics_after": {
    "accuracy": 0.998125,
    "precision": 0.9962640099626401,
    "recall": 1.0,
    "f1": 0.9981285090455396,
    "auc": 0.9999703124999999,
    "loss": 0.00924061331897974
  },
  "dataset_size": 1600,
  "class_counts": {
    "0": 800,
    "1": 800
  },
  "best_score_in_checkpoint": 0.999971875,
  "best_epoch_in_checkpoint": 10,
  "saved_epoch": 10
}