{
  "dataset_name": "openfake_by_generator_grok-2-image-1212",
  "dataset_class": "OpenFakeDataset",
  "fit_split": "val",
  "evaluated_csv": "/home/user/SC/Deepfake-Fusion/data/splits/openfake/by_generator/grok-2-image-1212/val.csv",
  "split_csv_override_used": false,
  "generator_name": null,
  "checkpoint": "/home/user/SC/Deepfake-Fusion/outputs/frequency/spai_openfake/by_generator/grok-2-image-1212/best.pth",
  "threshold_for_reporting": 0.5,
  "temperature_init": 1.0,
  "temperature": 0.8611819744110107,
  "nll_before": 0.0034883178304880857,
  "nll_after": 0.003426414215937257,
  "metrics_before": {
    "accuracy": 0.998125,
    "precision": 0.9987484355444305,
    "recall": 0.9975,
    "f1": 0.99812382739212,
    "auc": 0.9999953125,
    "loss": 0.003489101529121399
  },
  "metrics_after": {
    "accuracy": 0.998125,
    "precision": 0.9987484355444305,
    "recall": 0.9975,
    "f1": 0.99812382739212,
    "auc": 0.9999953124999998,
    "loss": 0.003426414215937257
  },
  "dataset_size": 1600,
  "class_counts": {
    "0": 800,
    "1": 800
  },
  "best_score_in_checkpoint": 0.9999953125000001,
  "best_epoch_in_checkpoint": 6,
  "saved_epoch": 6
}