{
  "best_checkpoint": "/home/user/SC/Deepfake-Fusion/outputs/spatial/resnet_openfake/by_generator/gpt-image-1/best.pth",
  "best_epoch": 8,
  "best_monitor": "val_auc",
  "best_score": 0.9962382812499999,
  "val_metrics": {
    "accuracy": 0.9725,
    "precision": 0.9655172413793104,
    "recall": 0.98,
    "f1": 0.9727047146401985,
    "auc": 0.9962382812499999,
    "loss": 0.09153213813900947,
    "threshold": 0.5,
    "loss_total": 0.09153213813900947
  },
  "test_metrics": {
    "accuracy": 0.9737335834896811,
    "precision": 0.9713752333540759,
    "recall": 0.9762351469668543,
    "f1": 0.9737991266375546,
    "auc": 0.9970396601065159,
    "loss": 0.07621036543615112,
    "threshold": 0.5,
    "loss_total": 0.07616524687036871
  }
}