{
  "dataset_name": "openfake_by_generator_gpt-image-1",
  "dataset_class": "OpenFakeDataset",
  "fit_split": "val",
  "evaluated_csv": "/home/user/SC/Deepfake-Fusion/data/splits/openfake/by_generator/gpt-image-1/val.csv",
  "split_csv_override_used": false,
  "generator_name": null,
  "checkpoint": "/home/user/SC/Deepfake-Fusion/outputs/spatial/resnet_openfake/by_generator/gpt-image-1/best.pth",
  "threshold_for_reporting": 0.5,
  "temperature_init": 1.0,
  "temperature": 1.654104471206665,
  "nll_before": 0.09153113514184952,
  "nll_after": 0.07763105630874634,
  "metrics_before": {
    "accuracy": 0.9725,
    "precision": 0.9655172413793104,
    "recall": 0.98,
    "f1": 0.9727047146401985,
    "auc": 0.9962382812499999,
    "loss": 0.09153213813900947
  },
  "metrics_after": {
    "accuracy": 0.9725,
    "precision": 0.9655172413793104,
    "recall": 0.98,
    "f1": 0.9727047146401985,
    "auc": 0.9962500000000001,
    "loss": 0.07763105630874634
  },
  "dataset_size": 1600,
  "class_counts": {
    "0": 800,
    "1": 800
  },
  "best_score_in_checkpoint": 0.9962382812499999,
  "best_epoch_in_checkpoint": 8,
  "saved_epoch": 8
}