{
  "dataset_name": "openfake_group_holdout_split_a",
  "dataset_class": "OpenFakeDataset",
  "split": "test",
  "checkpoint": "/home/user/SC/Deepfake-Fusion/outputs/frequency/spai_openfake/group_holdout/split_a/best.pth",
  "metrics": {
    "accuracy": 0.8465883039473135,
    "precision": 0.9715322672110696,
    "recall": 0.7141011212538035,
    "f1": 0.8231591591591592,
    "auc": 0.9597031456561954,
    "loss": 0.8477892789858189
  },
  "dataset_size": 95964,
  "class_counts": {
    "0": 47982,
    "1": 47982
  },
  "best_score_in_checkpoint": 0.9942655381944445,
  "best_epoch_in_checkpoint": 7,
  "saved_epoch": 7
}