{
  "best_checkpoint": "/home/user/SC/Deepfake-Fusion/outputs/frequency/spai_openfake/group_holdout/split_a/best.pth",
  "best_epoch": 7,
  "best_monitor": "val_auc",
  "best_score": 0.9942655381944445,
  "val_metrics": {
    "accuracy": 0.9658333333333333,
    "precision": 0.9761499148211243,
    "recall": 0.955,
    "f1": 0.9654591406908172,
    "auc": 0.9942655381944445,
    "loss": 0.1379055279493332
  },
  "test_metrics": {
    "accuracy": 0.8465883039473135,
    "precision": 0.9715322672110696,
    "recall": 0.7141011212538035,
    "f1": 0.8231591591591592,
    "auc": 0.9597031456561954,
    "loss": 0.8477892789858189
  }
}