{
  "best_checkpoint": "/home/user/SC/Deepfake-Fusion/outputs/frequency/spai_openfake/group_holdout/split_a/best.pth",
  "best_epoch": 5,
  "best_monitor": "val_auc",
  "best_score": 0.9925757378472222,
  "val_metrics": {
    "accuracy": 0.9555208333333334,
    "precision": 0.9707212055974166,
    "recall": 0.939375,
    "f1": 0.9547908946532557,
    "auc": 0.9925757378472222,
    "loss": 0.12981284310420355,
    "threshold": 0.5,
    "loss_total": 0.12981284310420355
  },
  "test_metrics": {
    "accuracy": 0.8350839898295194,
    "precision": 0.9645746648173833,
    "recall": 0.6957192280438498,
    "f1": 0.8083787383460468,
    "auc": 0.9530555363180399,
    "loss": 0.6367739350303028,
    "threshold": 0.5,
    "loss_total": 0.6367110981295506
  }
}