{
  "best_checkpoint": "/home/user/SC/Deepfake-Fusion/outputs/spatial/vit_openfake/by_generator/flux.1-dev/best.pth",
  "best_epoch": 6,
  "best_monitor": "val_auc",
  "best_score": 0.9914031249999999,
  "val_metrics": {
    "accuracy": 0.95625,
    "precision": 0.9473039215686274,
    "recall": 0.96625,
    "f1": 0.9566831683168316,
    "auc": 0.9914031249999999,
    "loss": 0.1468837145715952,
    "threshold": 0.5,
    "loss_total": 0.1468837145715952
  },
  "test_metrics": {
    "accuracy": 0.9534083802376485,
    "precision": 0.9464285714285714,
    "recall": 0.9612257661038149,
    "f1": 0.9537697797083463,
    "auc": 0.9924172823774708,
    "loss": 0.14504702565370312,
    "threshold": 0.5,
    "loss_total": 0.145210588760674
  }
}