{
  "dataset_name": "openfake_merged_merged",
  "dataset_class": "OpenFakeDataset",
  "split": "test",
  "checkpoint": "/home/user/SC/Deepfake-Fusion/outputs/fusion/vit_spai_openfake/merged/merged/best.pth",
  "metrics": {
    "accuracy": 0.9631992915928742,
    "precision": 0.9715255315764356,
    "recall": 0.9543702469007188,
    "f1": 0.9628714822503087,
    "auc": 0.9934555390396487,
    "loss": 0.17132004377823074
  },
  "dataset_size": 38396,
  "class_counts": {
    "0": 19198,
    "1": 19198
  },
  "best_score_in_checkpoint": 0.993515364599446,
  "best_epoch_in_checkpoint": 12,
  "saved_epoch": 12
}