{
  "dataset_name": "openfake_merged_merged",
  "dataset_class": "OpenFakeDataset",
  "split": "test",
  "checkpoint": "/home/user/SC/Deepfake-Fusion/outputs/fusion/vit_spai_openfake/merged/merged/best.pth",
  "metrics": {
    "accuracy": 0.9660641733513907,
    "precision": 0.9683819295398628,
    "recall": 0.9635899572872174,
    "f1": 0.9659800005221796,
    "auc": 0.9942361405670872,
    "loss": 0.1475628660953949
  },
  "dataset_size": 38396,
  "class_counts": {
    "0": 19198,
    "1": 19198
  },
  "best_score_in_checkpoint": 0.9943656936518277,
  "best_epoch_in_checkpoint": 11,
  "saved_epoch": 11
}