{
  "dataset_name": "openfake_merged_merged",
  "dataset_class": "OpenFakeDataset",
  "split": "test",
  "checkpoint": "/home/user/SC/Deepfake-Fusion/outputs/fusion/vit_spai_openfake/merged/merged/best.pth",
  "metrics": {
    "accuracy": 0.965360975101573,
    "precision": 0.978367958877704,
    "recall": 0.9517658089384311,
    "f1": 0.964883561282146,
    "auc": 0.9941310920989279,
    "loss": 0.1603112551293928
  },
  "dataset_size": 38396,
  "class_counts": {
    "0": 19198,
    "1": 19198
  },
  "best_score_in_checkpoint": 0.9945957220406626,
  "best_epoch_in_checkpoint": 12,
  "saved_epoch": 12
}