{
  "dataset_name": "openfake_merged_merged",
  "dataset_class": "OpenFakeDataset",
  "split": "test",
  "checkpoint": "/home/user/SC/Deepfake-Fusion/outputs/fusion/vit_spai_openfake/merged/merged/best.pth",
  "metrics": {
    "accuracy": 0.9670538597770602,
    "precision": 0.9811644754494231,
    "recall": 0.9523908740493802,
    "f1": 0.9665635820579918,
    "auc": 0.9953092278848324,
    "loss": 0.23196820974297971,
    "threshold": 0.5,
    "loss_total": 0.2319578435374812,
    "loss_spatial_aux": 0.1540897589083761,
    "loss_spectral_aux": 0.1768110020676007
  },
  "dataset_size": 38396,
  "class_counts": {
    "0": 19198,
    "1": 19198
  },
  "best_score_in_checkpoint": 0.9951052954271583,
  "best_epoch_in_checkpoint": 10,
  "saved_epoch": 10
}