{
  "best_checkpoint": "/home/user/SC/Deepfake-Fusion/outputs/fusion/vit_spai_openfake/merged/merged/best.pth",
  "best_epoch": 12,
  "best_monitor": "val_auc",
  "best_score": 0.9945957220406626,
  "val_metrics": {
    "accuracy": 0.964735909990624,
    "precision": 0.9770102651839179,
    "recall": 0.9518699864569226,
    "f1": 0.9642762914885759,
    "auc": 0.9945957220406626,
    "loss": 0.16092837205813917
  },
  "test_metrics": {
    "accuracy": 0.965360975101573,
    "precision": 0.978367958877704,
    "recall": 0.9517658089384311,
    "f1": 0.964883561282146,
    "auc": 0.9941310920989279,
    "loss": 0.1603112551293928
  }
}