{
  "best_checkpoint": "/home/user/SC/Deepfake-Fusion/outputs/fusion/vit_spai_openfake/merged/merged/best.pth",
  "best_epoch": 12,
  "best_monitor": "val_auc",
  "best_score": 0.993515364599446,
  "val_metrics": {
    "accuracy": 0.9620793832690905,
    "precision": 0.9725151805688719,
    "recall": 0.9510365663089905,
    "f1": 0.9616559570209628,
    "auc": 0.993515364599446,
    "loss": 0.17991894338885772
  },
  "test_metrics": {
    "accuracy": 0.9631992915928742,
    "precision": 0.9715255315764356,
    "recall": 0.9543702469007188,
    "f1": 0.9628714822503087,
    "auc": 0.9934555390396487,
    "loss": 0.17132004377823074
  }
}