{
  "best_checkpoint": "/home/user/SC/Deepfake-Fusion/outputs/fusion/vit_spai_openfake/merged/merged/best.pth",
  "best_epoch": 8,
  "best_monitor": "val_auc",
  "best_score": 0.9915786709950569,
  "val_metrics": {
    "accuracy": 0.9555682883633712,
    "precision": 0.9675005345306821,
    "recall": 0.9428065423481613,
    "f1": 0.9549939323589933,
    "auc": 0.9915786709950569,
    "loss": 0.23136661636455566,
    "threshold": 0.5,
    "loss_total": 0.23140301278792322,
    "loss_spatial_aux": 0.1715138978138566,
    "loss_spectral_aux": 0.17048361929754416
  },
  "test_metrics": {
    "accuracy": 0.9567402854464007,
    "precision": 0.9678279891159366,
    "recall": 0.9448900927179914,
    "f1": 0.9562215018054347,
    "auc": 0.992395697753919,
    "loss": 0.2179030893607827,
    "threshold": 0.5,
    "loss_total": 0.21791194929198052,
    "loss_spatial_aux": 0.163901949217543,
    "loss_spectral_aux": 0.15759265213583906
  }
}