{
  "best_checkpoint": "/home/user/SC/Deepfake-Fusion/outputs/fusion/vit_spai_openfake/merged/merged/best.pth",
  "best_epoch": 11,
  "best_monitor": "val_auc",
  "best_score": 0.9943656936518277,
  "val_metrics": {
    "accuracy": 0.967704969267632,
    "precision": 0.9694656488549618,
    "recall": 0.9658297739347849,
    "f1": 0.967644296002505,
    "auc": 0.9943656936518277,
    "loss": 0.1394862125150635
  },
  "test_metrics": {
    "accuracy": 0.9660641733513907,
    "precision": 0.9683819295398628,
    "recall": 0.9635899572872174,
    "f1": 0.9659800005221796,
    "auc": 0.9942361405670872,
    "loss": 0.1475628660953949
  }
}