{
  "dataset_name": "openfake_merged_merged",
  "dataset_class": "OpenFakeDataset",
  "fit_split": "val",
  "evaluated_csv": "/home/user/SC/Deepfake-Fusion/data/splits/openfake/merged/val.csv",
  "split_csv_override_used": false,
  "generator_name": null,
  "checkpoint": "/home/user/SC/Deepfake-Fusion/outputs/fusion/vit_spai_openfake/merged/merged/best.pth",
  "threshold_for_reporting": 0.5,
  "temperature_init": 1.0,
  "temperature": 2.210221767425537,
  "nll_before": 0.16296930611133575,
  "nll_after": 0.11476392298936844,
  "metrics_before": {
    "accuracy": 0.9555682883633712,
    "precision": 0.9675005345306821,
    "recall": 0.9428065423481613,
    "f1": 0.9549939323589933,
    "auc": 0.9915786709950569,
    "loss": 0.1629755951573618
  },
  "metrics_after": {
    "accuracy": 0.9555682883633712,
    "precision": 0.9675005345306821,
    "recall": 0.9428065423481613,
    "f1": 0.9549939323589933,
    "auc": 0.9921244986789294,
    "loss": 0.11476392298936844
  },
  "dataset_size": 19198,
  "class_counts": {
    "0": 9599,
    "1": 9599
  },
  "best_score_in_checkpoint": 0.9915786709950569,
  "best_epoch_in_checkpoint": 8,
  "saved_epoch": 8
}