{
  "dataset_name": "openfake_merged_merged",
  "dataset_class": "OpenFakeDataset",
  "fit_split": "val",
  "evaluated_csv": "/home/user/SC/Deepfake-Fusion/data/splits/openfake/merged/val.csv",
  "split_csv_override_used": false,
  "generator_name": null,
  "checkpoint": "/home/user/SC/Deepfake-Fusion/outputs/fusion/vit_spai_openfake/merged/merged/best.pth",
  "threshold_for_reporting": 0.5,
  "temperature_init": 1.0,
  "temperature": 2.9981844425201416,
  "nll_before": 0.17693394422531128,
  "nll_after": 0.09253174811601639,
  "metrics_before": {
    "accuracy": 0.9646317324721325,
    "precision": 0.9818496110630942,
    "recall": 0.9467652880508386,
    "f1": 0.9639883320074251,
    "auc": 0.9951052954271583,
    "loss": 0.17694492017319952
  },
  "metrics_after": {
    "accuracy": 0.9646317324721325,
    "precision": 0.9818496110630942,
    "recall": 0.9467652880508386,
    "f1": 0.9639883320074251,
    "auc": 0.9958191431394221,
    "loss": 0.09253174811601639
  },
  "dataset_size": 19198,
  "class_counts": {
    "0": 9599,
    "1": 9599
  },
  "best_score_in_checkpoint": 0.9951052954271583,
  "best_epoch_in_checkpoint": 10,
  "saved_epoch": 10
}