{
  "dataset_name": "openfake_group_holdout_split_b",
  "dataset_class": "OpenFakeDataset",
  "split": "test",
  "checkpoint": "/home/user/SC/Deepfake-Fusion/outputs/fusion/resnet_spai_openfake/group_holdout/split_b/best.pth",
  "metrics": {
    "accuracy": 0.8118669501062898,
    "precision": 0.9433777777777778,
    "recall": 0.6635613355008128,
    "f1": 0.7791073263837909,
    "auc": 0.9377683667103839,
    "loss": 1.7656373310037434,
    "threshold": 0.5,
    "loss_total": 1.7658370168407758,
    "loss_spatial_aux": 0.9629209902683894,
    "loss_spectral_aux": 1.1220360468824704
  },
  "dataset_size": 95964,
  "class_counts": {
    "0": 47982,
    "1": 47982
  },
  "best_score_in_checkpoint": 0.9918111979166667,
  "best_epoch_in_checkpoint": 14,
  "saved_epoch": 14
}