{
  "dataset_name": "openfake_group_holdout_split_b",
  "dataset_class": "OpenFakeDataset",
  "split": "test",
  "checkpoint": "/home/user/SC/Deepfake-Fusion/outputs/fusion/resnet_spai_openfake/group_holdout/split_b/best.pth",
  "metrics": {
    "accuracy": 0.732264182401734,
    "precision": 0.9447659336712296,
    "recall": 0.49337251469300986,
    "f1": 0.648229028327332,
    "auc": 0.9065493411629961,
    "loss": 2.0268988324893153,
    "threshold": 0.5,
    "loss_total": 2.027485404610634,
    "loss_spatial_aux": 0.822811502456665,
    "loss_spectral_aux": 1.5736309393644332
  },
  "dataset_size": 95964,
  "class_counts": {
    "0": 47982,
    "1": 47982
  },
  "best_score_in_checkpoint": 0.9941236328125,
  "best_epoch_in_checkpoint": 7,
  "saved_epoch": 7
}