{
  "best_checkpoint": "/home/user/SC/Deepfake-Fusion/outputs/fusion/resnet_spai_openfake/group_holdout/split_b/best.pth",
  "best_epoch": 15,
  "best_monitor": "val_auc",
  "best_score": 0.9947258680555555,
  "val_metrics": {
    "accuracy": 0.9663541666666666,
    "precision": 0.9705696867773806,
    "recall": 0.961875,
    "f1": 0.9662027833001988,
    "auc": 0.9947258680555555,
    "loss": 0.15474427346140146
  },
  "test_metrics": {
    "accuracy": 0.7735921804009837,
    "precision": 0.9508844238365104,
    "recall": 0.5769872035346588,
    "f1": 0.718186181044658,
    "auc": 0.9291300777935252,
    "loss": 1.7873305857919433
  }
}