{
  "dataset_name": "openfake_group_holdout_split_b",
  "dataset_class": "OpenFakeDataset",
  "fit_split": "val",
  "evaluated_csv": "/home/user/SC/Deepfake-Fusion/data/splits/openfake/group_holdout/split_b/val.csv",
  "split_csv_override_used": false,
  "generator_name": null,
  "checkpoint": "/home/user/SC/Deepfake-Fusion/outputs/fusion/resnet_spai_openfake/group_holdout/split_b/best.pth",
  "threshold_for_reporting": 0.5,
  "temperature_init": 1.0,
  "temperature": 2.942561388015747,
  "nll_before": 0.198204904794693,
  "nll_after": 0.1055954173207283,
  "metrics_before": {
    "accuracy": 0.9569791666666667,
    "precision": 0.9563137091741211,
    "recall": 0.9577083333333334,
    "f1": 0.9570105131674821,
    "auc": 0.9918111979166667,
    "loss": 0.19821792906771105
  },
  "metrics_after": {
    "accuracy": 0.9569791666666667,
    "precision": 0.9563137091741211,
    "recall": 0.9577083333333334,
    "f1": 0.9570105131674821,
    "auc": 0.9935143229166666,
    "loss": 0.1055954173207283
  },
  "dataset_size": 9600,
  "class_counts": {
    "0": 4800,
    "1": 4800
  },
  "best_score_in_checkpoint": 0.9918111979166667,
  "best_epoch_in_checkpoint": 14,
  "saved_epoch": 14
}