{
  "dataset_name": "openfake_group_holdout_split_b",
  "dataset_class": "OpenFakeDataset",
  "fit_split": "val",
  "evaluated_csv": "/home/user/SC/Deepfake-Fusion/data/splits/openfake/group_holdout/split_b/val.csv",
  "split_csv_override_used": false,
  "generator_name": null,
  "checkpoint": "/home/user/SC/Deepfake-Fusion/outputs/fusion/resnet_spai_openfake/group_holdout/split_b/best.pth",
  "threshold_for_reporting": 0.5,
  "temperature_init": 1.0,
  "temperature": 1.9580068588256836,
  "nll_before": 0.13065758347511292,
  "nll_after": 0.09949386864900589,
  "metrics_before": {
    "accuracy": 0.9611458333333334,
    "precision": 0.9696583916825801,
    "recall": 0.9520833333333333,
    "f1": 0.9607904972143383,
    "auc": 0.9941236328125,
    "loss": 0.13065982602536677
  },
  "metrics_after": {
    "accuracy": 0.9611458333333334,
    "precision": 0.9696583916825801,
    "recall": 0.9520833333333333,
    "f1": 0.9607904972143383,
    "auc": 0.9941760416666667,
    "loss": 0.09949386864900589
  },
  "dataset_size": 9600,
  "class_counts": {
    "0": 4800,
    "1": 4800
  },
  "best_score_in_checkpoint": 0.9941236328125,
  "best_epoch_in_checkpoint": 7,
  "saved_epoch": 7
}