{
  "dataset_name": "openfake_group_holdout_split_b",
  "dataset_class": "OpenFakeDataset",
  "fit_split": "val",
  "evaluated_csv": "/home/user/SC/Deepfake-Fusion/data/splits/openfake/group_holdout/split_b/val.csv",
  "split_csv_override_used": false,
  "generator_name": null,
  "checkpoint": "/home/user/SC/Deepfake-Fusion/outputs/fusion/resnet_spai_openfake/group_holdout/split_b/best.pth",
  "threshold_for_reporting": 0.5,
  "temperature_init": 1.0,
  "temperature": 2.8816957473754883,
  "nll_before": 0.15473683178424835,
  "nll_after": 0.08463393896818161,
  "metrics_before": {
    "accuracy": 0.9663541666666666,
    "precision": 0.9705696867773806,
    "recall": 0.961875,
    "f1": 0.9662027833001988,
    "auc": 0.9947258680555555,
    "loss": 0.15474427346140146
  },
  "metrics_after": {
    "accuracy": 0.9663541666666666,
    "precision": 0.9705696867773806,
    "recall": 0.961875,
    "f1": 0.9662027833001988,
    "auc": 0.9957034505208333,
    "loss": 0.08463393896818161
  },
  "dataset_size": 9600,
  "class_counts": {
    "0": 4800,
    "1": 4800
  },
  "best_score_in_checkpoint": 0.9947258680555555,
  "best_epoch_in_checkpoint": 15,
  "saved_epoch": 15
}