{
  "dataset_name": "openfake_logo_flux.1-dev",
  "dataset_class": "OpenFakeDataset",
  "fit_split": "val",
  "evaluated_csv": "/home/user/SC/Deepfake-Fusion/data/splits/openfake/logo/flux.1-dev/val.csv",
  "split_csv_override_used": false,
  "generator_name": null,
  "checkpoint": "/home/user/SC/Deepfake-Fusion/outputs/frequency/spai_openfake/logo/flux.1-dev/best.pth",
  "threshold_for_reporting": 0.5,
  "temperature_init": 1.0,
  "temperature": 3.009176015853882,
  "nll_before": 0.1340293288230896,
  "nll_after": 0.07196220755577087,
  "metrics_before": {
    "accuracy": 0.9721590909090909,
    "precision": 0.9707681849082257,
    "recall": 0.9736363636363636,
    "f1": 0.9722001588562351,
    "auc": 0.9950228434917354,
    "loss": 0.13403621024706147
  },
  "metrics_after": {
    "accuracy": 0.9721590909090909,
    "precision": 0.9707681849082257,
    "recall": 0.9736363636363636,
    "f1": 0.9722001588562351,
    "auc": 0.9967840263429752,
    "loss": 0.07196220755577087
  },
  "dataset_size": 17600,
  "class_counts": {
    "0": 8800,
    "1": 8800
  },
  "best_score_in_checkpoint": 0.9950224367252065,
  "best_epoch_in_checkpoint": 10,
  "saved_epoch": 10
}