{
  "best_checkpoint": "/home/user/SC/Deepfake-Fusion/outputs/frequency/spai_openfake/by_generator/grok-2-image-1212/best.pth",
  "best_epoch": 10,
  "best_monitor": "val_auc",
  "best_score": 0.999971875,
  "val_metrics": {
    "accuracy": 0.998125,
    "precision": 0.9962640099626401,
    "recall": 1.0,
    "f1": 0.9981285090455396,
    "auc": 0.999971875,
    "loss": 0.009822442680597305,
    "threshold": 0.5,
    "loss_total": 0.009822442680597305
  },
  "test_metrics": {
    "accuracy": 0.9968730456535334,
    "precision": 0.9962523422860712,
    "recall": 0.9974984365228268,
    "f1": 0.996875,
    "auc": 0.9999168883303785,
    "loss": 0.01320465170940635,
    "threshold": 0.5,
    "loss_total": 0.01319645138035412
  }
}