{
  "best_checkpoint": "/home/user/SC/Deepfake-Fusion/outputs/spatial/resnet_openfake/logo/dalle-3/best.pth",
  "best_epoch": 10,
  "best_monitor": "val_auc",
  "best_score": 0.9824893143078512,
  "val_metrics": {
    "accuracy": 0.9345454545454546,
    "precision": 0.9323835368611488,
    "recall": 0.9370454545454545,
    "f1": 0.9347086828383586,
    "auc": 0.9824893143078512,
    "loss": 0.23701200303706255,
    "threshold": 0.5,
    "loss_total": 0.23701200303706255
  },
  "test_metrics": {
    "accuracy": 0.9001875,
    "precision": 0.927493657364134,
    "recall": 0.86825,
    "f1": 0.8968945703402414,
    "auc": 0.965161703125,
    "loss": 0.3896396637260914,
    "threshold": 0.5,
    "loss_total": 0.3896396637260914
  }
}