{
  "dataset_name": "openfake_by_generator_grok-2-image-1212",
  "dataset_class": "OpenFakeDataset",
  "fit_split": "val",
  "evaluated_csv": "/home/user/SC/Deepfake-Fusion/data/splits/openfake/by_generator/grok-2-image-1212/val.csv",
  "split_csv_override_used": false,
  "generator_name": null,
  "checkpoint": "/home/user/SC/Deepfake-Fusion/outputs/spatial/resnet_openfake/by_generator/grok-2-image-1212/best.pth",
  "threshold_for_reporting": 0.5,
  "temperature_init": 1.0,
  "temperature": 1.2957875728607178,
  "nll_before": 0.035115841776132584,
  "nll_after": 0.03349011018872261,
  "metrics_before": {
    "accuracy": 0.98625,
    "precision": 0.9850374064837906,
    "recall": 0.9875,
    "f1": 0.9862671660424469,
    "auc": 0.999234375,
    "loss": 0.03511446066200733
  },
  "metrics_after": {
    "accuracy": 0.98625,
    "precision": 0.9850374064837906,
    "recall": 0.9875,
    "f1": 0.9862671660424469,
    "auc": 0.9992343749999999,
    "loss": 0.03349011018872261
  },
  "dataset_size": 1600,
  "class_counts": {
    "0": 800,
    "1": 800
  },
  "best_score_in_checkpoint": 0.999234375,
  "best_epoch_in_checkpoint": 10,
  "saved_epoch": 10
}