{
  "dataset_name": "openfake_by_generator_grok-2-image-1212",
  "dataset_class": "OpenFakeDataset",
  "fit_split": "val",
  "evaluated_csv": "/home/user/SC/Deepfake-Fusion/data/splits/openfake/by_generator/grok-2-image-1212/val.csv",
  "split_csv_override_used": false,
  "generator_name": null,
  "checkpoint": "/home/user/SC/Deepfake-Fusion/outputs/spatial/resnet_openfake/by_generator/grok-2-image-1212/best.pth",
  "threshold_for_reporting": 0.5,
  "temperature_init": 1.0,
  "temperature": 1.214081883430481,
  "nll_before": 0.030381739139556885,
  "nll_after": 0.029531801119446754,
  "metrics_before": {
    "accuracy": 0.990625,
    "precision": 0.9900124843945068,
    "recall": 0.99125,
    "f1": 0.9906308557151781,
    "auc": 0.9993617187500001,
    "loss": 0.03038033075630665
  },
  "metrics_after": {
    "accuracy": 0.990625,
    "precision": 0.9900124843945068,
    "recall": 0.99125,
    "f1": 0.9906308557151781,
    "auc": 0.9993609375000001,
    "loss": 0.029531801119446754
  },
  "dataset_size": 1600,
  "class_counts": {
    "0": 800,
    "1": 800
  },
  "best_score_in_checkpoint": 0.9993625,
  "best_epoch_in_checkpoint": 8,
  "saved_epoch": 8
}