{
  "dataset_name": "openfake_group_holdout_split_b",
  "dataset_class": "OpenFakeDataset",
  "fit_split": "val",
  "evaluated_csv": "/home/user/SC/Deepfake-Fusion/data/splits/openfake/group_holdout/split_b/val.csv",
  "split_csv_override_used": false,
  "generator_name": null,
  "checkpoint": "/home/user/SC/Deepfake-Fusion/outputs/fusion/vit_spai_openfake/group_holdout/split_b/best.pth",
  "threshold_for_reporting": 0.5,
  "temperature_init": 1.0,
  "temperature": 1.4649524688720703,
  "nll_before": 0.15858715772628784,
  "nll_after": 0.14518111944198608,
  "metrics_before": {
    "accuracy": 0.9414583333333333,
    "precision": 0.910977501939488,
    "recall": 0.9785416666666666,
    "f1": 0.9435516271595018,
    "auc": 0.9907156032986112,
    "loss": 0.1585894582917293
  },
  "metrics_after": {
    "accuracy": 0.9414583333333333,
    "precision": 0.910977501939488,
    "recall": 0.9785416666666666,
    "f1": 0.9435516271595018,
    "auc": 0.9907463324652779,
    "loss": 0.14518111944198608
  },
  "dataset_size": 9600,
  "class_counts": {
    "0": 4800,
    "1": 4800
  },
  "best_score_in_checkpoint": 0.9907156032986112,
  "best_epoch_in_checkpoint": 3,
  "saved_epoch": 3
}