{
  "best_checkpoint": "/home/user/SC/Deepfake-Fusion/outputs/fusion/vit_spai_openfake/logo/flux.1-dev/best.pth",
  "best_epoch": 13,
  "best_monitor": "val_auc",
  "best_score": 0.9934220364152891,
  "val_metrics": {
    "accuracy": 0.9636363636363636,
    "precision": 0.9761904761904762,
    "recall": 0.9504545454545454,
    "f1": 0.9631506218332566,
    "auc": 0.9934220364152891,
    "loss": 0.28232741625535046,
    "threshold": 0.5,
    "loss_total": 0.28232741625535046,
    "loss_spatial_aux": 0.18829917222938755,
    "loss_spectral_aux": 0.1995097468048334
  },
  "test_metrics": {
    "accuracy": 0.9310625,
    "precision": 0.9711709249897527,
    "recall": 0.8885,
    "f1": 0.9279979110908023,
    "auc": 0.9840271328125001,
    "loss": 0.6211596586160595,
    "threshold": 0.5,
    "loss_total": 0.6211596586160595,
    "loss_spatial_aux": 0.3758534682765603,
    "loss_spectral_aux": 0.41149262876063586
  }
}