{
  "best_checkpoint": "/home/user/SC/Deepfake-Fusion/outputs/spatial/resnet_openfake/logo/sd-3.5/best.pth",
  "best_epoch": 10,
  "best_monitor": "val_auc",
  "best_score": 0.9844437822830578,
  "val_metrics": {
    "accuracy": 0.9394318181818182,
    "precision": 0.9366531165311653,
    "recall": 0.9426136363636364,
    "f1": 0.9396239238785682,
    "auc": 0.9844437822830578,
    "loss": 0.21856212166222658,
    "threshold": 0.5,
    "loss_total": 0.21856212166222658
  },
  "test_metrics": {
    "accuracy": 0.7839375,
    "precision": 0.9153410129822637,
    "recall": 0.62575,
    "f1": 0.7433365505976687,
    "auc": 0.9049643906250001,
    "loss": 1.0026537278592587,
    "threshold": 0.5,
    "loss_total": 1.0026537278592587
  }
}