{
  "dataset_name": "openfake_logo_ideogram-3.0",
  "dataset_class": "OpenFakeDataset",
  "split": "test",
  "checkpoint": "/home/user/SC/Deepfake-Fusion/outputs/spatial/resnet_openfake/logo/ideogram-3.0/best.pth",
  "metrics": {
    "accuracy": 0.9054375,
    "precision": 0.9322937491669999,
    "recall": 0.874375,
    "f1": 0.9024059859382055,
    "auc": 0.9680527890624999,
    "loss": 0.3573990769684315,
    "threshold": 0.5,
    "loss_total": 0.3573990769684315
  },
  "dataset_size": 16000,
  "class_counts": {
    "0": 8000,
    "1": 8000
  },
  "best_score_in_checkpoint": 0.9842426782024793,
  "best_epoch_in_checkpoint": 10,
  "saved_epoch": 10
}