{
  "best_checkpoint": "/home/user/SC/Deepfake-Fusion/outputs/spatial/resnet_openfake/logo/ideogram-3.0/best.pth",
  "best_epoch": 10,
  "best_monitor": "val_auc",
  "best_score": 0.9842426782024793,
  "val_metrics": {
    "accuracy": 0.9363068181818182,
    "precision": 0.939352328641721,
    "recall": 0.9328409090909091,
    "f1": 0.9360852956268887,
    "auc": 0.9842426782024793,
    "loss": 0.21674680884588848,
    "threshold": 0.5,
    "loss_total": 0.21674680884588848
  },
  "test_metrics": {
    "accuracy": 0.9054375,
    "precision": 0.9322937491669999,
    "recall": 0.874375,
    "f1": 0.9024059859382055,
    "auc": 0.9680527890624999,
    "loss": 0.3573990769684315,
    "threshold": 0.5,
    "loss_total": 0.3573990769684315
  }
}