{
  "dataset_name": "openfake_logo_ideogram-3.0",
  "dataset_class": "OpenFakeDataset",
  "fit_split": "val",
  "evaluated_csv": "/home/user/SC/Deepfake-Fusion/data/splits/openfake/logo/ideogram-3.0/val.csv",
  "split_csv_override_used": false,
  "generator_name": null,
  "checkpoint": "/home/user/SC/Deepfake-Fusion/outputs/spatial/resnet_openfake/logo/ideogram-3.0/best.pth",
  "threshold_for_reporting": 0.5,
  "temperature_init": 1.0,
  "temperature": 2.356121063232422,
  "nll_before": 0.1721448302268982,
  "nll_after": 0.11777365952730179,
  "metrics_before": {
    "accuracy": 0.9533522727272727,
    "precision": 0.9591437449648982,
    "recall": 0.9470454545454545,
    "f1": 0.953056206758534,
    "auc": 0.990962138429752,
    "loss": 0.17215076569806445
  },
  "metrics_after": {
    "accuracy": 0.9533522727272727,
    "precision": 0.9591437449648982,
    "recall": 0.9470454545454545,
    "f1": 0.953056206758534,
    "auc": 0.9914134103822313,
    "loss": 0.11777365952730179
  },
  "dataset_size": 17600,
  "class_counts": {
    "0": 8800,
    "1": 8800
  },
  "best_score_in_checkpoint": 0.9909630358987603,
  "best_epoch_in_checkpoint": 10,
  "saved_epoch": 10
}