{
  "dataset_name": "openfake_logo_ideogram-3.0",
  "dataset_class": "OpenFakeDataset",
  "fit_split": "val",
  "evaluated_csv": "/home/user/SC/Deepfake-Fusion/data/splits/openfake/logo/ideogram-3.0/val.csv",
  "split_csv_override_used": false,
  "generator_name": null,
  "checkpoint": "/home/user/SC/Deepfake-Fusion/outputs/spatial/resnet_openfake/logo/ideogram-3.0/best.pth",
  "threshold_for_reporting": 0.5,
  "temperature_init": 1.0,
  "temperature": 2.2560083866119385,
  "nll_before": 0.2167396992444992,
  "nll_after": 0.1566234529018402,
  "metrics_before": {
    "accuracy": 0.9363068181818182,
    "precision": 0.939352328641721,
    "recall": 0.9328409090909091,
    "f1": 0.9360852956268887,
    "auc": 0.9842426782024793,
    "loss": 0.21674680884588848
  },
  "metrics_after": {
    "accuracy": 0.9363068181818182,
    "precision": 0.939352328641721,
    "recall": 0.9328409090909091,
    "f1": 0.9360852956268887,
    "auc": 0.9848043775826446,
    "loss": 0.1566234529018402
  },
  "dataset_size": 17600,
  "class_counts": {
    "0": 8800,
    "1": 8800
  },
  "best_score_in_checkpoint": 0.9842426782024793,
  "best_epoch_in_checkpoint": 10,
  "saved_epoch": 10
}