{
  "best_checkpoint": "/home/user/SC/Deepfake-Fusion/outputs/spatial/resnet_openfake/by_generator/dalle-3/best.pth",
  "best_epoch": 7,
  "best_monitor": "val_auc",
  "best_score": 0.9956234374999999,
  "val_metrics": {
    "accuracy": 0.97625,
    "precision": 0.9738805970149254,
    "recall": 0.97875,
    "f1": 0.9763092269326683,
    "auc": 0.9956234374999999,
    "loss": 0.088689197152853,
    "threshold": 0.5,
    "loss_total": 0.088689197152853
  },
  "test_metrics": {
    "accuracy": 0.9784240150093808,
    "precision": 0.9733910891089109,
    "recall": 0.983739837398374,
    "f1": 0.9785381026438569,
    "auc": 0.9970869848689828,
    "loss": 0.07246264288804172,
    "threshold": 0.5,
    "loss_total": 0.072458815574646
  }
}