{
  "dataset_name": "openfake_group_holdout_split_a",
  "dataset_class": "OpenFakeDataset",
  "split": "test",
  "checkpoint": "/home/user/SC/Deepfake-Fusion/outputs/fusion/resnet_spai_openfake/group_holdout/split_a/best.pth",
  "metrics": {
    "accuracy": 0.847015547496978,
    "precision": 0.957042079547638,
    "recall": 0.7266474928098037,
    "f1": 0.8260812907964413,
    "auc": 0.9514784498621285,
    "loss": 1.3535590751140008,
    "threshold": 0.5,
    "loss_total": 1.3532635518511136,
    "loss_spatial_aux": 0.8237699956695239,
    "loss_spectral_aux": 0.8742324425031741
  },
  "dataset_size": 95964,
  "class_counts": {
    "0": 47982,
    "1": 47982
  },
  "best_score_in_checkpoint": 0.991989453125,
  "best_epoch_in_checkpoint": 12,
  "saved_epoch": 12
}