{
  "best_checkpoint": "/home/user/SC/Deepfake-Fusion/outputs/fusion/resnet_spai_openfake/group_holdout/split_a/best.pth",
  "best_epoch": 10,
  "best_monitor": "val_auc",
  "best_score": 0.9947271918402778,
  "val_metrics": {
    "accuracy": 0.9676041666666667,
    "precision": 0.979286781977365,
    "recall": 0.9554166666666667,
    "f1": 0.967204471158916,
    "auc": 0.9947271918402778,
    "loss": 0.22480241604149342,
    "threshold": 0.5,
    "loss_total": 0.22480241604149342,
    "loss_spatial_aux": 0.19575659289956093,
    "loss_spectral_aux": 0.14879192544768255
  },
  "test_metrics": {
    "accuracy": 0.8356050185486223,
    "precision": 0.9761947007333807,
    "recall": 0.6879871618523613,
    "f1": 0.8071346487689186,
    "auc": 0.9613247937388663,
    "loss": 1.437983097750241,
    "threshold": 0.5,
    "loss_total": 1.4379196769396465,
    "loss_spatial_aux": 0.8126967918078105,
    "loss_spectral_aux": 0.7866217921674251
  }
}