{
  "dataset_name": "openfake_group_holdout_split_a",
  "dataset_class": "OpenFakeDataset",
  "fit_split": "val",
  "evaluated_csv": "/home/user/SC/Deepfake-Fusion/data/splits/openfake/group_holdout/split_a/val.csv",
  "split_csv_override_used": false,
  "generator_name": null,
  "checkpoint": "/home/user/SC/Deepfake-Fusion/outputs/fusion/resnet_spai_openfake/group_holdout/split_a/best.pth",
  "threshold_for_reporting": 0.5,
  "temperature_init": 1.0,
  "temperature": 2.6759469509124756,
  "nll_before": 0.15588173270225525,
  "nll_after": 0.0888197049498558,
  "metrics_before": {
    "accuracy": 0.9676041666666667,
    "precision": 0.979286781977365,
    "recall": 0.9554166666666667,
    "f1": 0.967204471158916,
    "auc": 0.9947271918402778,
    "loss": 0.15589271057397128
  },
  "metrics_after": {
    "accuracy": 0.9676041666666667,
    "precision": 0.979286781977365,
    "recall": 0.9554166666666667,
    "f1": 0.967204471158916,
    "auc": 0.9956830946180556,
    "loss": 0.0888197049498558
  },
  "dataset_size": 9600,
  "class_counts": {
    "0": 4800,
    "1": 4800
  },
  "best_score_in_checkpoint": 0.9947271918402778,
  "best_epoch_in_checkpoint": 10,
  "saved_epoch": 10
}