{
  "dataset_name": "openfake_group_holdout_split_a",
  "dataset_class": "OpenFakeDataset",
  "fit_split": "val",
  "evaluated_csv": "/home/user/SC/Deepfake-Fusion/data/splits/openfake/group_holdout/split_a/val.csv",
  "split_csv_override_used": false,
  "generator_name": null,
  "checkpoint": "/home/user/SC/Deepfake-Fusion/outputs/fusion/resnet_spai_openfake/group_holdout/split_a/best.pth",
  "threshold_for_reporting": 0.5,
  "temperature_init": 1.0,
  "temperature": 2.8019206523895264,
  "nll_before": 0.1920403093099594,
  "nll_after": 0.10556734353303909,
  "metrics_before": {
    "accuracy": 0.959375,
    "precision": 0.9677556215528214,
    "recall": 0.9504166666666667,
    "f1": 0.9590077780113517,
    "auc": 0.991989453125,
    "loss": 0.19205086597551901
  },
  "metrics_after": {
    "accuracy": 0.959375,
    "precision": 0.9677556215528214,
    "recall": 0.9504166666666667,
    "f1": 0.9590077780113517,
    "auc": 0.9933266276041666,
    "loss": 0.10556734353303909
  },
  "dataset_size": 9600,
  "class_counts": {
    "0": 4800,
    "1": 4800
  },
  "best_score_in_checkpoint": 0.991989453125,
  "best_epoch_in_checkpoint": 12,
  "saved_epoch": 12
}