{
  "dataset_name": "openfake_group_holdout_split_a",
  "dataset_class": "OpenFakeDataset",
  "fit_split": "val",
  "evaluated_csv": "/home/user/SC/Deepfake-Fusion/data/splits/openfake/group_holdout/split_a/val.csv",
  "split_csv_override_used": false,
  "generator_name": null,
  "checkpoint": "/home/user/SC/Deepfake-Fusion/outputs/fusion/resnet_spai_openfake/group_holdout/split_a/best.pth",
  "threshold_for_reporting": 0.5,
  "temperature_init": 1.0,
  "temperature": 2.9116218090057373,
  "nll_before": 0.17232824862003326,
  "nll_after": 0.09265982359647751,
  "metrics_before": {
    "accuracy": 0.9659375,
    "precision": 0.9677891654465594,
    "recall": 0.9639583333333334,
    "f1": 0.9658699509445778,
    "auc": 0.9927390190972223,
    "loss": 0.17234163273125888
  },
  "metrics_after": {
    "accuracy": 0.9659375,
    "precision": 0.9677891654465594,
    "recall": 0.9639583333333334,
    "f1": 0.9658699509445778,
    "auc": 0.9945232421875,
    "loss": 0.09265982359647751
  },
  "dataset_size": 9600,
  "class_counts": {
    "0": 4800,
    "1": 4800
  },
  "best_score_in_checkpoint": 0.9927390190972223,
  "best_epoch_in_checkpoint": 15,
  "saved_epoch": 15
}