{
  "dataset_name": "openfake_logo_flux.1-dev",
  "dataset_class": "OpenFakeDataset",
  "fit_split": "val",
  "evaluated_csv": "/home/user/SC/Deepfake-Fusion/data/splits/openfake/logo/flux.1-dev/val.csv",
  "split_csv_override_used": false,
  "generator_name": null,
  "checkpoint": "/home/user/SC/Deepfake-Fusion/outputs/spatial/vit_openfake/logo/flux.1-dev/best.pth",
  "threshold_for_reporting": 0.5,
  "temperature_init": 1.0,
  "temperature": 2.593395948410034,
  "nll_before": 0.1411803662776947,
  "nll_after": 0.08510817587375641,
  "metrics_before": {
    "accuracy": 0.9669886363636364,
    "precision": 0.9699256718124643,
    "recall": 0.9638636363636364,
    "f1": 0.9668851524650898,
    "auc": 0.994127162964876,
    "loss": 0.14118529234420168
  },
  "metrics_after": {
    "accuracy": 0.9669886363636364,
    "precision": 0.9699256718124643,
    "recall": 0.9638636363636364,
    "f1": 0.9668851524650898,
    "auc": 0.9954219976756199,
    "loss": 0.08510817587375641
  },
  "dataset_size": 17600,
  "class_counts": {
    "0": 8800,
    "1": 8800
  },
  "best_score_in_checkpoint": 0.994127162964876,
  "best_epoch_in_checkpoint": 10,
  "saved_epoch": 10
}