{
  "best_checkpoint": "/home/user/SC/Deepfake-Fusion/outputs/spatial/vit_openfake/logo/sd-3.5/best.pth",
  "best_epoch": 9,
  "best_monitor": "val_auc",
  "best_score": 0.9944799070247934,
  "val_metrics": {
    "accuracy": 0.9634090909090909,
    "precision": 0.9730858468677495,
    "recall": 0.9531818181818181,
    "f1": 0.9630309988518944,
    "auc": 0.9944799070247934,
    "loss": 0.14761305106634443,
    "threshold": 0.5,
    "loss_total": 0.14761305106634443
  },
  "test_metrics": {
    "accuracy": 0.7789375,
    "precision": 0.9577435897435898,
    "recall": 0.583625,
    "f1": 0.7252815533980582,
    "auc": 0.94178265625,
    "loss": 1.3134047863855958,
    "threshold": 0.5,
    "loss_total": 1.3134047863855958
  }
}