{
  "dataset_name": "openfake_by_generator_imagen-4.0",
  "dataset_class": "OpenFakeDataset",
  "fit_split": "val",
  "evaluated_csv": "/home/user/SC/Deepfake-Fusion/data/splits/openfake/by_generator/imagen-4.0/val.csv",
  "split_csv_override_used": false,
  "generator_name": null,
  "checkpoint": "/home/user/SC/Deepfake-Fusion/outputs/frequency/spai_openfake/by_generator/imagen-4.0/best.pth",
  "threshold_for_reporting": 0.5,
  "temperature_init": 1.0,
  "temperature": 1.4938116073608398,
  "nll_before": 0.10932823270559311,
  "nll_after": 0.09831216931343079,
  "metrics_before": {
    "accuracy": 0.961875,
    "precision": 0.9590062111801242,
    "recall": 0.965,
    "f1": 0.9619937694704049,
    "auc": 0.9940343749999999,
    "loss": 0.10933108896017074
  },
  "metrics_after": {
    "accuracy": 0.961875,
    "precision": 0.9590062111801242,
    "recall": 0.965,
    "f1": 0.9619937694704049,
    "auc": 0.9940203125,
    "loss": 0.09831216931343079
  },
  "dataset_size": 1600,
  "class_counts": {
    "0": 800,
    "1": 800
  },
  "best_score_in_checkpoint": 0.9940343749999999,
  "best_epoch_in_checkpoint": 6,
  "saved_epoch": 6
}