{
  "dataset_name": "openfake_by_generator_imagen-4.0",
  "dataset_class": "OpenFakeDataset",
  "split": "test",
  "checkpoint": "/home/user/SC/Deepfake-Fusion/outputs/spatial/resnet_openfake/by_generator/imagen-4.0/best.pth",
  "metrics": {
    "accuracy": 0.9399624765478424,
    "precision": 0.9356037151702786,
    "recall": 0.9449656035021888,
    "f1": 0.940261356565028,
    "auc": 0.9858637805601609,
    "loss": 0.1791076577822442,
    "threshold": 0.5,
    "loss_total": 0.17906529564410448
  },
  "dataset_size": 3198,
  "class_counts": {
    "0": 1599,
    "1": 1599
  },
  "best_score_in_checkpoint": 0.9850046875000001,
  "best_epoch_in_checkpoint": 10,
  "saved_epoch": 10
}