{
  "best_checkpoint": "/home/user/SC/Deepfake-Fusion/outputs/spatial/resnet_openfake/by_generator/imagen-4.0/best.pth",
  "best_epoch": 10,
  "best_monitor": "val_auc",
  "best_score": 0.9850046875000001,
  "val_metrics": {
    "accuracy": 0.935,
    "precision": 0.9264705882352942,
    "recall": 0.945,
    "f1": 0.9356435643564357,
    "auc": 0.9850046875000001,
    "loss": 0.18811073124408723,
    "threshold": 0.5,
    "loss_total": 0.18811073124408723
  },
  "test_metrics": {
    "accuracy": 0.9399624765478424,
    "precision": 0.9356037151702786,
    "recall": 0.9449656035021888,
    "f1": 0.940261356565028,
    "auc": 0.9858637805601609,
    "loss": 0.1791076577822442,
    "threshold": 0.5,
    "loss_total": 0.17906529564410448
  }
}