{
  "dataset_name": "openfake_by_generator_imagen-4.0",
  "dataset_class": "OpenFakeDataset",
  "fit_split": "val",
  "evaluated_csv": "/home/user/SC/Deepfake-Fusion/data/splits/openfake/by_generator/imagen-4.0/val.csv",
  "split_csv_override_used": false,
  "generator_name": null,
  "checkpoint": "/home/user/SC/Deepfake-Fusion/outputs/spatial/resnet_openfake/by_generator/imagen-4.0/best.pth",
  "threshold_for_reporting": 0.5,
  "temperature_init": 1.0,
  "temperature": 1.7944862842559814,
  "nll_before": 0.18810108304023743,
  "nll_after": 0.15649527311325073,
  "metrics_before": {
    "accuracy": 0.935,
    "precision": 0.9264705882352942,
    "recall": 0.945,
    "f1": 0.9356435643564357,
    "auc": 0.9850046875000001,
    "loss": 0.18811073124408723
  },
  "metrics_after": {
    "accuracy": 0.935,
    "precision": 0.9264705882352942,
    "recall": 0.945,
    "f1": 0.9356435643564357,
    "auc": 0.9850109374999999,
    "loss": 0.15649527311325073
  },
  "dataset_size": 1600,
  "class_counts": {
    "0": 800,
    "1": 800
  },
  "best_score_in_checkpoint": 0.9850046875000001,
  "best_epoch_in_checkpoint": 10,
  "saved_epoch": 10
}