{
  "dataset_name": "openfake_group_holdout_split_b",
  "dataset_class": "OpenFakeDataset",
  "split": "test",
  "checkpoint": "/home/user/SC/Deepfake-Fusion/outputs/spatial/resnet_openfake/group_holdout/split_b/best.pth",
  "metrics": {
    "accuracy": 0.8093764328289775,
    "precision": 0.9310124560843182,
    "recall": 0.6682714351215039,
    "f1": 0.7780595222207394,
    "auc": 0.930891648072472,
    "loss": 0.8923500980910899
  },
  "dataset_size": 95964,
  "class_counts": {
    "0": 47982,
    "1": 47982
  },
  "best_score_in_checkpoint": 0.9900644748263887,
  "best_epoch_in_checkpoint": 10,
  "saved_epoch": 10
}