{
  "best_checkpoint": "/home/user/SC/Deepfake-Fusion/outputs/spatial/resnet_openfake/group_holdout/split_b/best.pth",
  "best_epoch": 10,
  "best_monitor": "val_auc",
  "best_score": 0.9900644748263887,
  "val_metrics": {
    "accuracy": 0.9528125,
    "precision": 0.9519650655021834,
    "recall": 0.95375,
    "f1": 0.9528566968467063,
    "auc": 0.9900644748263887,
    "loss": 0.17126876541723807
  },
  "test_metrics": {
    "accuracy": 0.8093764328289775,
    "precision": 0.9310124560843182,
    "recall": 0.6682714351215039,
    "f1": 0.7780595222207394,
    "auc": 0.930891648072472,
    "loss": 0.8923500980910899
  }
}