{
  "dataset_name": "openfake_group_holdout_split_b",
  "dataset_class": "OpenFakeDataset",
  "fit_split": "val",
  "evaluated_csv": "/home/user/SC/Deepfake-Fusion/data/splits/openfake/group_holdout/split_b/val.csv",
  "split_csv_override_used": false,
  "generator_name": null,
  "checkpoint": "/home/user/SC/Deepfake-Fusion/outputs/spatial/resnet_openfake/group_holdout/split_b/best.pth",
  "threshold_for_reporting": 0.5,
  "temperature_init": 1.0,
  "temperature": 2.2723121643066406,
  "nll_before": 0.2386847883462906,
  "nll_after": 0.17248417437076569,
  "metrics_before": {
    "accuracy": 0.9301041666666666,
    "precision": 0.9207254941919707,
    "recall": 0.94125,
    "f1": 0.9308746265581539,
    "auc": 0.9814443142361112,
    "loss": 0.2386953973894318
  },
  "metrics_after": {
    "accuracy": 0.9301041666666666,
    "precision": 0.9207254941919707,
    "recall": 0.94125,
    "f1": 0.9308746265581539,
    "auc": 0.9823159288194444,
    "loss": 0.17248417437076569
  },
  "dataset_size": 9600,
  "class_counts": {
    "0": 4800,
    "1": 4800
  },
  "best_score_in_checkpoint": 0.9814443142361112,
  "best_epoch_in_checkpoint": 10,
  "saved_epoch": 10
}