{
  "dataset_name": "openfake_group_holdout_split_b",
  "dataset_class": "OpenFakeDataset",
  "fit_split": "val",
  "evaluated_csv": "/home/user/SC/Deepfake-Fusion/data/splits/openfake/group_holdout/split_b/val.csv",
  "split_csv_override_used": false,
  "generator_name": null,
  "checkpoint": "/home/user/SC/Deepfake-Fusion/outputs/spatial/resnet_openfake/group_holdout/split_b/best.pth",
  "threshold_for_reporting": 0.5,
  "temperature_init": 1.0,
  "temperature": 2.2436978816986084,
  "nll_before": 0.17126122117042542,
  "nll_after": 0.12217338383197784,
  "metrics_before": {
    "accuracy": 0.9528125,
    "precision": 0.9519650655021834,
    "recall": 0.95375,
    "f1": 0.9528566968467063,
    "auc": 0.9900644748263887,
    "loss": 0.17126876541723807
  },
  "metrics_after": {
    "accuracy": 0.9528125,
    "precision": 0.9519650655021834,
    "recall": 0.95375,
    "f1": 0.9528566968467063,
    "auc": 0.9905823350694445,
    "loss": 0.12217338383197784
  },
  "dataset_size": 9600,
  "class_counts": {
    "0": 4800,
    "1": 4800
  },
  "best_score_in_checkpoint": 0.9900644748263887,
  "best_epoch_in_checkpoint": 10,
  "saved_epoch": 10
}