{
  "dataset_name": "openfake_logo_imagen-4.0",
  "dataset_class": "OpenFakeDataset",
  "split": "test",
  "checkpoint": "/home/user/SC/Deepfake-Fusion/outputs/spatial/resnet_openfake/logo/imagen-4.0/best.pth",
  "metrics": {
    "accuracy": 0.9053395023133675,
    "precision": 0.9352759500469988,
    "recall": 0.8709516068525697,
    "f1": 0.901968401968402,
    "auc": 0.970867045005576,
    "loss": 0.3507512129141686,
    "threshold": 0.5,
    "loss_total": 0.3508491757512093
  },
  "dataset_size": 15994,
  "class_counts": {
    "0": 7997,
    "1": 7997
  },
  "best_score_in_checkpoint": 0.9820853564049586,
  "best_epoch_in_checkpoint": 10,
  "saved_epoch": 10
}