{
  "best_checkpoint": "/home/user/SC/Deepfake-Fusion/outputs/spatial/resnet_openfake/logo/imagen-4.0/best.pth",
  "best_epoch": 10,
  "best_monitor": "val_auc",
  "best_score": 0.9820853564049586,
  "val_metrics": {
    "accuracy": 0.9336363636363636,
    "precision": 0.932163080407701,
    "recall": 0.9353409090909091,
    "f1": 0.9337492909812819,
    "auc": 0.9820853564049586,
    "loss": 0.2422825198891488,
    "threshold": 0.5,
    "loss_total": 0.2422825198891488
  },
  "test_metrics": {
    "accuracy": 0.9053395023133675,
    "precision": 0.9352759500469988,
    "recall": 0.8709516068525697,
    "f1": 0.901968401968402,
    "auc": 0.970867045005576,
    "loss": 0.3507512129141686,
    "threshold": 0.5,
    "loss_total": 0.3508491757512093
  }
}