{
  "dataset_name": "openfake_logo_imagen-4.0",
  "dataset_class": "OpenFakeDataset",
  "fit_split": "val",
  "evaluated_csv": "/home/user/SC/Deepfake-Fusion/data/splits/openfake/logo/imagen-4.0/val.csv",
  "split_csv_override_used": false,
  "generator_name": null,
  "checkpoint": "/home/user/SC/Deepfake-Fusion/outputs/spatial/resnet_openfake/logo/imagen-4.0/best.pth",
  "threshold_for_reporting": 0.5,
  "temperature_init": 1.0,
  "temperature": 2.4170033931732178,
  "nll_before": 0.24227489531040192,
  "nll_after": 0.16604074835777283,
  "metrics_before": {
    "accuracy": 0.9336363636363636,
    "precision": 0.932163080407701,
    "recall": 0.9353409090909091,
    "f1": 0.9337492909812819,
    "auc": 0.9820853564049586,
    "loss": 0.2422825198891488
  },
  "metrics_after": {
    "accuracy": 0.9336931818181818,
    "precision": 0.9321707620880988,
    "recall": 0.9354545454545454,
    "f1": 0.933809766887868,
    "auc": 0.9831181882747935,
    "loss": 0.16604074835777283
  },
  "dataset_size": 17600,
  "class_counts": {
    "0": 8800,
    "1": 8800
  },
  "best_score_in_checkpoint": 0.9820853564049586,
  "best_epoch_in_checkpoint": 10,
  "saved_epoch": 10
}