{
  "dataset_name": "openfake_logo_imagen-4.0",
  "dataset_class": "OpenFakeDataset",
  "fit_split": "val",
  "evaluated_csv": "/home/user/SC/Deepfake-Fusion/data/splits/openfake/logo/imagen-4.0/val.csv",
  "split_csv_override_used": false,
  "generator_name": null,
  "checkpoint": "/home/user/SC/Deepfake-Fusion/outputs/spatial/resnet_openfake/logo/imagen-4.0/best.pth",
  "threshold_for_reporting": 0.5,
  "temperature_init": 1.0,
  "temperature": 2.4580657482147217,
  "nll_before": 0.18328526616096497,
  "nll_after": 0.12189377099275589,
  "metrics_before": {
    "accuracy": 0.9524431818181818,
    "precision": 0.9523917736620838,
    "recall": 0.9525,
    "f1": 0.9524458837566048,
    "auc": 0.9896927040289256,
    "loss": 0.18329472362317822
  },
  "metrics_after": {
    "accuracy": 0.9524431818181818,
    "precision": 0.9523917736620838,
    "recall": 0.9525,
    "f1": 0.9524458837566048,
    "auc": 0.9907484245867769,
    "loss": 0.12189377099275589
  },
  "dataset_size": 17600,
  "class_counts": {
    "0": 8800,
    "1": 8800
  },
  "best_score_in_checkpoint": 0.9896925167871901,
  "best_epoch_in_checkpoint": 10,
  "saved_epoch": 10
}