{
  "dataset_name": "openfake_by_generator_sdxl-epic-realism",
  "dataset_class": "OpenFakeDataset",
  "split": "test",
  "checkpoint": "/home/user/SC/Deepfake-Fusion/outputs/fusion/vit_spai_openfake/by_generator/sdxl-epic-realism/best.pth",
  "metrics": {
    "accuracy": 0.9912445278298937,
    "precision": 0.9906308557151781,
    "recall": 0.991869918699187,
    "f1": 0.99125,
    "auc": 0.9997434293869566,
    "loss": 0.04299094494382121,
    "threshold": 0.5,
    "loss_total": 0.042966508746612814,
    "loss_spatial_aux": 0.028049589168513193,
    "loss_spectral_aux": 0.04322516229003668
  },
  "dataset_size": 3198,
  "class_counts": {
    "0": 1599,
    "1": 1599
  },
  "best_score_in_checkpoint": 0.99971875,
  "best_epoch_in_checkpoint": 5,
  "saved_epoch": 5
}