{
  "dataset_name": "openfake_by_generator_sdxl-epic-realism",
  "dataset_class": "OpenFakeDataset",
  "split": "test",
  "checkpoint": "/home/user/SC/Deepfake-Fusion/outputs/fusion/vit_spai_openfake/by_generator/sdxl-epic-realism/best.pth",
  "metrics": {
    "accuracy": 0.9871794871794872,
    "precision": 0.9802712700369913,
    "recall": 0.9943714821763602,
    "f1": 0.9872710338404223,
    "auc": 0.9994622186083313,
    "loss": 0.050396335132424724,
    "threshold": 0.5,
    "loss_total": 0.05037247429601848,
    "loss_spatial_aux": 0.03361372783780098,
    "loss_spectral_aux": 0.057877257317304615
  },
  "dataset_size": 3198,
  "class_counts": {
    "0": 1599,
    "1": 1599
  },
  "best_score_in_checkpoint": 0.9995078125000001,
  "best_epoch_in_checkpoint": 2,
  "saved_epoch": 2
}