{
  "best_checkpoint": "/home/user/SC/Deepfake-Fusion/outputs/fusion/vit_spai_openfake/by_generator/sdxl-epic-realism/best.pth",
  "best_epoch": 6,
  "best_monitor": "val_auc",
  "best_score": 0.99963828125,
  "val_metrics": {
    "accuracy": 0.98625,
    "precision": 0.9924050632911392,
    "recall": 0.98,
    "f1": 0.9861635220125786,
    "auc": 0.99963828125,
    "loss": 0.03369427315890789
  },
  "test_metrics": {
    "accuracy": 0.9887429643527205,
    "precision": 0.9930599369085173,
    "recall": 0.9843652282676673,
    "f1": 0.9886934673366834,
    "auc": 0.9994725831224252,
    "loss": 0.03489722182311402
  }
}