{
  "best_checkpoint": "/home/user/SC/Deepfake-Fusion/outputs/fusion/vit_spai_openfake/by_generator/sdxl-epic-realism/best.pth",
  "best_epoch": 11,
  "best_monitor": "val_auc",
  "best_score": 0.9997625,
  "val_metrics": {
    "accuracy": 0.99125,
    "precision": 0.9863861386138614,
    "recall": 0.99625,
    "f1": 0.9912935323383084,
    "auc": 0.9997625,
    "loss": 0.03156382367014885
  },
  "test_metrics": {
    "accuracy": 0.9937460913070669,
    "precision": 0.9900682805710739,
    "recall": 0.9974984365228268,
    "f1": 0.9937694704049844,
    "auc": 0.9995543258939589,
    "loss": 0.019787327620008916
  }
}