{
  "best_checkpoint": "/home/user/SC/Deepfake-Fusion/outputs/fusion/vit_spai_openfake/by_generator/sdxl-epic-realism/best.pth",
  "best_epoch": 6,
  "best_monitor": "val_auc",
  "best_score": 0.9998734375,
  "val_metrics": {
    "accuracy": 0.99375,
    "precision": 0.99375,
    "recall": 0.99375,
    "f1": 0.99375,
    "auc": 0.9998734375,
    "loss": 0.017698826640844344
  },
  "test_metrics": {
    "accuracy": 0.9934333958724203,
    "precision": 0.9918952618453866,
    "recall": 0.9949968730456535,
    "f1": 0.99344364658133,
    "auc": 0.9998457056298086,
    "loss": 0.01964552723819007
  }
}