{
  "dataset_name": "openfake_by_generator_hidream-i1-full",
  "dataset_class": "OpenFakeDataset",
  "split": "test",
  "checkpoint": "/home/user/SC/Deepfake-Fusion/outputs/spatial/resnet_openfake/by_generator/hidream-i1-full/best.pth",
  "metrics": {
    "accuracy": 0.9427767354596623,
    "precision": 0.9375772558714462,
    "recall": 0.9487179487179487,
    "f1": 0.943114703139571,
    "auc": 0.9870531574416624,
    "loss": 0.16830807274266882,
    "threshold": 0.5,
    "loss_total": 0.16826341688632965
  },
  "dataset_size": 3198,
  "class_counts": {
    "0": 1599,
    "1": 1599
  },
  "best_score_in_checkpoint": 0.9864953125,
  "best_epoch_in_checkpoint": 9,
  "saved_epoch": 9
}