{
  "best_checkpoint": "/home/user/SC/Deepfake-Fusion/outputs/spatial/resnet_openfake/logo/sdxl-epic-realism/best.pth",
  "best_epoch": 10,
  "best_monitor": "val_auc",
  "best_score": 0.9823326510847106,
  "val_metrics": {
    "accuracy": 0.9303977272727273,
    "precision": 0.9232316459939658,
    "recall": 0.9388636363636363,
    "f1": 0.9309820271564595,
    "auc": 0.9823326510847106,
    "loss": 0.2408846544677561,
    "threshold": 0.5,
    "loss_total": 0.2408846544677561
  },
  "test_metrics": {
    "accuracy": 0.8801875,
    "precision": 0.9184206906039345,
    "recall": 0.8345,
    "f1": 0.8744515030453861,
    "auc": 0.95822821875,
    "loss": 0.437370820119977,
    "threshold": 0.5,
    "loss_total": 0.437370820119977
  }
}