{
  "dataset_name": "openfake_logo_sdxl-epic-realism",
  "dataset_class": "OpenFakeDataset",
  "fit_split": "val",
  "evaluated_csv": "/home/user/SC/Deepfake-Fusion/data/splits/openfake/logo/sdxl-epic-realism/val.csv",
  "split_csv_override_used": false,
  "generator_name": null,
  "checkpoint": "/home/user/SC/Deepfake-Fusion/outputs/spatial/resnet_openfake/logo/sdxl-epic-realism/best.pth",
  "threshold_for_reporting": 0.5,
  "temperature_init": 1.0,
  "temperature": 2.392385482788086,
  "nll_before": 0.2408781796693802,
  "nll_after": 0.16654153168201447,
  "metrics_before": {
    "accuracy": 0.9303977272727273,
    "precision": 0.9232316459939658,
    "recall": 0.9388636363636363,
    "f1": 0.9309820271564595,
    "auc": 0.9823326510847106,
    "loss": 0.2408846544677561
  },
  "metrics_after": {
    "accuracy": 0.9303977272727273,
    "precision": 0.9232316459939658,
    "recall": 0.9388636363636363,
    "f1": 0.9309820271564595,
    "auc": 0.9832810950413222,
    "loss": 0.16654153168201447
  },
  "dataset_size": 17600,
  "class_counts": {
    "0": 8800,
    "1": 8800
  },
  "best_score_in_checkpoint": 0.9823326510847106,
  "best_epoch_in_checkpoint": 10,
  "saved_epoch": 10
}