{
  "dataset_name": "openfake_logo_gpt-image-1",
  "dataset_class": "OpenFakeDataset",
  "split": "test",
  "checkpoint": "/home/user/SC/Deepfake-Fusion/outputs/fusion/resnet_spai_openfake/logo/gpt-image-1/best.pth",
  "metrics": {
    "accuracy": 0.958375,
    "precision": 0.9628881595556678,
    "recall": 0.9535,
    "f1": 0.958171084034669,
    "auc": 0.9917095078125,
    "loss": 0.2694151036441326,
    "threshold": 0.5,
    "loss_total": 0.2694151036441326,
    "loss_spatial_aux": 0.26609158174693587,
    "loss_spectral_aux": 0.17502683459967375
  },
  "dataset_size": 16000,
  "class_counts": {
    "0": 8000,
    "1": 8000
  },
  "best_score_in_checkpoint": 0.9921356275826447,
  "best_epoch_in_checkpoint": 11,
  "saved_epoch": 11
}