{
  "best_checkpoint": "/home/user/SC/Deepfake-Fusion/outputs/fusion/resnet_spai_openfake/logo/gpt-image-1/best.pth",
  "best_epoch": 9,
  "best_monitor": "val_auc",
  "best_score": 0.9951602079028925,
  "val_metrics": {
    "accuracy": 0.9609090909090909,
    "precision": 0.9819391634980988,
    "recall": 0.9390909090909091,
    "f1": 0.9600371747211895,
    "auc": 0.9951602079028925,
    "loss": 0.21137051085518166,
    "threshold": 0.5,
    "loss_total": 0.21137051085518166,
    "loss_spatial_aux": 0.21164028186689723,
    "loss_spectral_aux": 0.1538675254854289
  },
  "test_metrics": {
    "accuracy": 0.9661875,
    "precision": 0.9840363400389358,
    "recall": 0.94775,
    "f1": 0.9655523718560968,
    "auc": 0.9957750625,
    "loss": 0.1866129549946636,
    "threshold": 0.5,
    "loss_total": 0.1866129549946636,
    "loss_spatial_aux": 0.1741866665035486,
    "loss_spectral_aux": 0.1276118144467473
  }
}