{
  "best_checkpoint": "/home/user/SC/Deepfake-Fusion/outputs/fusion/resnet_spai_openfake/logo/gpt-image-1/best.pth",
  "best_epoch": 11,
  "best_monitor": "val_auc",
  "best_score": 0.9921356275826447,
  "val_metrics": {
    "accuracy": 0.9584090909090909,
    "precision": 0.9616617074845503,
    "recall": 0.9548863636363636,
    "f1": 0.9582620595278823,
    "auc": 0.9921356275826447,
    "loss": 0.2677659563110633,
    "threshold": 0.5,
    "loss_total": 0.2677659563110633,
    "loss_spatial_aux": 0.25329632853242484,
    "loss_spectral_aux": 0.19734885395927862
  },
  "test_metrics": {
    "accuracy": 0.958375,
    "precision": 0.9628881595556678,
    "recall": 0.9535,
    "f1": 0.958171084034669,
    "auc": 0.9917095078125,
    "loss": 0.2694151036441326,
    "threshold": 0.5,
    "loss_total": 0.2694151036441326,
    "loss_spatial_aux": 0.26609158174693587,
    "loss_spectral_aux": 0.17502683459967375
  }
}