{
  "best_checkpoint": "/home/user/SC/Deepfake-Fusion/outputs/fusion/resnet_spai_openfake/logo/gpt-image-1/best.pth",
  "best_epoch": 15,
  "best_monitor": "val_auc",
  "best_score": 0.9944231727789257,
  "val_metrics": {
    "accuracy": 0.9682954545454545,
    "precision": 0.9725917431192661,
    "recall": 0.96375,
    "f1": 0.9681506849315068,
    "auc": 0.9944231727789257,
    "loss": 0.14989978918297725
  },
  "test_metrics": {
    "accuracy": 0.9651875,
    "precision": 0.9729317575295463,
    "recall": 0.957,
    "f1": 0.9649001197302918,
    "auc": 0.9936158593750001,
    "loss": 0.1656235400289297
  }
}