{
  "dataset_name": "openfake_logo_gpt-image-1",
  "dataset_class": "OpenFakeDataset",
  "fit_split": "val",
  "evaluated_csv": "/home/user/SC/Deepfake-Fusion/data/splits/openfake/logo/gpt-image-1/val.csv",
  "split_csv_override_used": false,
  "generator_name": null,
  "checkpoint": "/home/user/SC/Deepfake-Fusion/outputs/fusion/resnet_spai_openfake/logo/gpt-image-1/best.pth",
  "threshold_for_reporting": 0.5,
  "temperature_init": 1.0,
  "temperature": 2.805391311645508,
  "nll_before": 0.14989085495471954,
  "nll_after": 0.08304668962955475,
  "metrics_before": {
    "accuracy": 0.9682954545454545,
    "precision": 0.9725917431192661,
    "recall": 0.96375,
    "f1": 0.9681506849315068,
    "auc": 0.9944231727789257,
    "loss": 0.14989978918297725
  },
  "metrics_after": {
    "accuracy": 0.9682954545454545,
    "precision": 0.9725917431192661,
    "recall": 0.96375,
    "f1": 0.9681506849315068,
    "auc": 0.995810065857438,
    "loss": 0.08304668962955475
  },
  "dataset_size": 17600,
  "class_counts": {
    "0": 8800,
    "1": 8800
  },
  "best_score_in_checkpoint": 0.9944231727789257,
  "best_epoch_in_checkpoint": 15,
  "saved_epoch": 15
}