{
  "dataset_name": "openfake_logo_hidream-i1-full",
  "dataset_class": "OpenFakeDataset",
  "split": "test",
  "checkpoint": "/home/user/SC/Deepfake-Fusion/outputs/fusion/vit_spai_openfake/logo/hidream-i1-full/best.pth",
  "metrics": {
    "accuracy": 0.945,
    "precision": 0.9696569920844327,
    "recall": 0.91875,
    "f1": 0.9435173299101413,
    "auc": 0.9889956249999999,
    "loss": 0.4043404211802408,
    "threshold": 0.5,
    "loss_total": 0.4043404211802408,
    "loss_spatial_aux": 0.29080284909158943,
    "loss_spectral_aux": 0.24383389945328235
  },
  "dataset_size": 16000,
  "class_counts": {
    "0": 8000,
    "1": 8000
  },
  "best_score_in_checkpoint": 0.994021455320248,
  "best_epoch_in_checkpoint": 10,
  "saved_epoch": 10
}