{
  "best_checkpoint": "/home/user/SC/Deepfake-Fusion/outputs/fusion/vit_spai_openfake/logo/hidream-i1-full/best.pth",
  "best_epoch": 10,
  "best_monitor": "val_auc",
  "best_score": 0.994021455320248,
  "val_metrics": {
    "accuracy": 0.966875,
    "precision": 0.9717533585945574,
    "recall": 0.9617045454545454,
    "f1": 0.9667028385401794,
    "auc": 0.994021455320248,
    "loss": 0.22777339461090212,
    "threshold": 0.5,
    "loss_total": 0.22777339461090212,
    "loss_spatial_aux": 0.16184975760904224,
    "loss_spectral_aux": 0.14908341789787466
  },
  "test_metrics": {
    "accuracy": 0.945,
    "precision": 0.9696569920844327,
    "recall": 0.91875,
    "f1": 0.9435173299101413,
    "auc": 0.9889956249999999,
    "loss": 0.4043404211802408,
    "threshold": 0.5,
    "loss_total": 0.4043404211802408,
    "loss_spatial_aux": 0.29080284909158943,
    "loss_spectral_aux": 0.24383389945328235
  }
}