{
  "best_checkpoint": "/home/user/SC/Deepfake-Fusion/outputs/fusion/vit_spai_openfake/logo/hidream-i1-full/best.pth",
  "best_epoch": 12,
  "best_monitor": "val_auc",
  "best_score": 0.9936637138429751,
  "val_metrics": {
    "accuracy": 0.9661363636363637,
    "precision": 0.9705207616425786,
    "recall": 0.9614772727272727,
    "f1": 0.9659778513528942,
    "auc": 0.9936637138429751,
    "loss": 0.1535361116447232
  },
  "test_metrics": {
    "accuracy": 0.940875,
    "precision": 0.9701412956544921,
    "recall": 0.90975,
    "f1": 0.938975616049542,
    "auc": 0.9873741328125001,
    "loss": 0.3066270308047533
  }
}