{
  "best_checkpoint": "/home/user/SC/Deepfake-Fusion/outputs/fusion/vit_spai_openfake/logo/hidream-i1-full/best.pth",
  "best_epoch": 13,
  "best_monitor": "val_auc",
  "best_score": 0.9909478822314048,
  "val_metrics": {
    "accuracy": 0.9584659090909091,
    "precision": 0.9702762559738898,
    "recall": 0.9459090909090909,
    "f1": 0.9579377409517233,
    "auc": 0.9909478822314048,
    "loss": 0.32600857610793105,
    "threshold": 0.5,
    "loss_total": 0.32600857610793105,
    "loss_spatial_aux": 0.21203127325935797,
    "loss_spectral_aux": 0.22503995080563155
  },
  "test_metrics": {
    "accuracy": 0.9231875,
    "precision": 0.967287784679089,
    "recall": 0.876,
    "f1": 0.9193834043948835,
    "auc": 0.9818297265625001,
    "loss": 0.6931355741471052,
    "threshold": 0.5,
    "loss_total": 0.6931355741471052,
    "loss_spatial_aux": 0.4413600327372551,
    "loss_spectral_aux": 0.4201259581744671
  }
}