{
  "best_checkpoint": "/home/user/SC/Deepfake-Fusion/outputs/fusion/vit_spai_openfake/logo/hidream-i1-full/best.pth",
  "best_epoch": 11,
  "best_monitor": "val_auc",
  "best_score": 0.9931989927685951,
  "val_metrics": {
    "accuracy": 0.9554545454545454,
    "precision": 0.9761225944404847,
    "recall": 0.93375,
    "f1": 0.9544662562434661,
    "auc": 0.9931989927685951,
    "loss": 0.20010852815075353
  },
  "test_metrics": {
    "accuracy": 0.9219375,
    "precision": 0.9764290755116444,
    "recall": 0.86475,
    "f1": 0.9172025190586676,
    "auc": 0.9867087578124999,
    "loss": 0.400715094961226
  }
}