{
  "dataset_name": "openfake_logo_hidream-i1-full",
  "dataset_class": "OpenFakeDataset",
  "fit_split": "val",
  "evaluated_csv": "/home/user/SC/Deepfake-Fusion/data/splits/openfake/logo/hidream-i1-full/val.csv",
  "split_csv_override_used": false,
  "generator_name": null,
  "checkpoint": "/home/user/SC/Deepfake-Fusion/outputs/fusion/vit_spai_openfake/logo/hidream-i1-full/best.pth",
  "threshold_for_reporting": 0.5,
  "temperature_init": 1.0,
  "temperature": 2.8652567863464355,
  "nll_before": 0.1655735820531845,
  "nll_after": 0.08875860273838043,
  "metrics_before": {
    "accuracy": 0.966875,
    "precision": 0.9717533585945574,
    "recall": 0.9617045454545454,
    "f1": 0.9667028385401794,
    "auc": 0.994021455320248,
    "loss": 0.16558675802566789
  },
  "metrics_after": {
    "accuracy": 0.966875,
    "precision": 0.9717533585945574,
    "recall": 0.9617045454545454,
    "f1": 0.9667028385401794,
    "auc": 0.9952549651342975,
    "loss": 0.08875860273838043
  },
  "dataset_size": 17600,
  "class_counts": {
    "0": 8800,
    "1": 8800
  },
  "best_score_in_checkpoint": 0.994021455320248,
  "best_epoch_in_checkpoint": 10,
  "saved_epoch": 10
}