{
  "dataset_name": "openfake_logo_hidream-i1-full",
  "dataset_class": "OpenFakeDataset",
  "fit_split": "val",
  "evaluated_csv": "/home/user/SC/Deepfake-Fusion/data/splits/openfake/logo/hidream-i1-full/val.csv",
  "split_csv_override_used": false,
  "generator_name": null,
  "checkpoint": "/home/user/SC/Deepfake-Fusion/outputs/fusion/vit_spai_openfake/logo/hidream-i1-full/best.pth",
  "threshold_for_reporting": 0.5,
  "temperature_init": 1.0,
  "temperature": 2.805628538131714,
  "nll_before": 0.20009908080101013,
  "nll_after": 0.11382602155208588,
  "metrics_before": {
    "accuracy": 0.9554545454545454,
    "precision": 0.9761225944404847,
    "recall": 0.93375,
    "f1": 0.9544662562434661,
    "auc": 0.9931989927685951,
    "loss": 0.20010852815075353
  },
  "metrics_after": {
    "accuracy": 0.9555113636363637,
    "precision": 0.9761254305737024,
    "recall": 0.9338636363636363,
    "f1": 0.9545269760148672,
    "auc": 0.9937304622933885,
    "loss": 0.11382602155208588
  },
  "dataset_size": 17600,
  "class_counts": {
    "0": 8800,
    "1": 8800
  },
  "best_score_in_checkpoint": 0.9931989927685951,
  "best_epoch_in_checkpoint": 11,
  "saved_epoch": 11
}