{
  "best_checkpoint": "/home/user/SC/Deepfake-Fusion/outputs/spatial/resnet_openfake/by_generator/hidream-i1-full/best.pth",
  "best_epoch": 9,
  "best_monitor": "val_auc",
  "best_score": 0.9864953125,
  "val_metrics": {
    "accuracy": 0.94625,
    "precision": 0.9451371571072319,
    "recall": 0.9475,
    "f1": 0.9463171036204744,
    "auc": 0.9864953125,
    "loss": 0.15958381451666356,
    "threshold": 0.5,
    "loss_total": 0.15958381451666356
  },
  "test_metrics": {
    "accuracy": 0.9427767354596623,
    "precision": 0.9375772558714462,
    "recall": 0.9487179487179487,
    "f1": 0.943114703139571,
    "auc": 0.9870531574416624,
    "loss": 0.16830807274266882,
    "threshold": 0.5,
    "loss_total": 0.16826341688632965
  }
}