{
  "best_checkpoint": "/home/user/SC/Deepfake-Fusion/outputs/spatial/vit_openfake/logo/midjourney-6/best.pth",
  "best_epoch": 10,
  "best_monitor": "val_auc",
  "best_score": 0.9937610537190082,
  "val_metrics": {
    "accuracy": 0.9660227272727273,
    "precision": 0.964649898028552,
    "recall": 0.9675,
    "f1": 0.9660728469306706,
    "auc": 0.9937610537190082,
    "loss": 0.1488471310788935,
    "threshold": 0.5,
    "loss_total": 0.1488471310788935
  },
  "test_metrics": {
    "accuracy": 0.813375,
    "precision": 0.948479427549195,
    "recall": 0.66275,
    "f1": 0.78027961736571,
    "auc": 0.9439507421875001,
    "loss": 1.1799968547672033,
    "threshold": 0.5,
    "loss_total": 1.1799968547672033
  }
}