{
  "best_checkpoint": "/home/user/SC/Deepfake-Fusion/outputs/spatial/vit_openfake/logo/midjourney-6/best.pth",
  "best_epoch": 10,
  "best_monitor": "val_auc",
  "best_score": 0.9949806753615703,
  "val_metrics": {
    "accuracy": 0.9744886363636364,
    "precision": 0.9732517284370396,
    "recall": 0.9757954545454546,
    "f1": 0.9745219315667026,
    "auc": 0.9949806753615703,
    "loss": 0.1255234029685909
  },
  "test_metrics": {
    "accuracy": 0.7841875,
    "precision": 0.9513599364701211,
    "recall": 0.599,
    "f1": 0.7351384520978753,
    "auc": 0.937914203125,
    "loss": 1.5677452930808067
  }
}