{
  "dataset_name": "openfake_logo_midjourney-6",
  "dataset_class": "OpenFakeDataset",
  "fit_split": "val",
  "evaluated_csv": "/home/user/SC/Deepfake-Fusion/data/splits/openfake/logo/midjourney-6/val.csv",
  "split_csv_override_used": false,
  "generator_name": null,
  "checkpoint": "/home/user/SC/Deepfake-Fusion/outputs/spatial/vit_openfake/logo/midjourney-6/best.pth",
  "threshold_for_reporting": 0.5,
  "temperature_init": 1.0,
  "temperature": 2.780179977416992,
  "nll_before": 0.12551724910736084,
  "nll_after": 0.07053475081920624,
  "metrics_before": {
    "accuracy": 0.9744886363636364,
    "precision": 0.9732517284370396,
    "recall": 0.9757954545454546,
    "f1": 0.9745219315667026,
    "auc": 0.9949806753615703,
    "loss": 0.1255234029685909
  },
  "metrics_after": {
    "accuracy": 0.9744886363636364,
    "precision": 0.9732517284370396,
    "recall": 0.9757954545454546,
    "f1": 0.9745219315667026,
    "auc": 0.9968585162706612,
    "loss": 0.07053475081920624
  },
  "dataset_size": 17600,
  "class_counts": {
    "0": 8800,
    "1": 8800
  },
  "best_score_in_checkpoint": 0.9949806753615703,
  "best_epoch_in_checkpoint": 10,
  "saved_epoch": 10
}