{
  "dataset_name": "openfake_by_generator_sd-3.5",
  "dataset_class": "OpenFakeDataset",
  "split": "test",
  "checkpoint": "/home/user/SC/Deepfake-Fusion/outputs/spatial/vit_openfake/by_generator/sd-3.5/best.pth",
  "metrics": {
    "accuracy": 0.984677923702314,
    "precision": 0.9886506935687264,
    "recall": 0.9806128830519074,
    "f1": 0.9846153846153847,
    "auc": 0.9978647145397707,
    "loss": 0.06416272497581571,
    "threshold": 0.5,
    "loss_total": 0.06413289837539196
  },
  "dataset_size": 3198,
  "class_counts": {
    "0": 1599,
    "1": 1599
  },
  "best_score_in_checkpoint": 0.99864296875,
  "best_epoch_in_checkpoint": 8,
  "saved_epoch": 8
}