{
  "dataset_name": "openfake_by_generator_sd-3.5",
  "dataset_class": "OpenFakeDataset",
  "split": "test",
  "checkpoint": "/home/user/SC/Deepfake-Fusion/outputs/spatial/vit_openfake/by_generator/sd-3.5/best.pth",
  "metrics": {
    "accuracy": 0.9874921826141339,
    "precision": 0.9887147335423198,
    "recall": 0.9862414008755472,
    "f1": 0.9874765184721352,
    "auc": 0.9989559218726839,
    "loss": 0.0521663887201435
  },
  "dataset_size": 3198,
  "class_counts": {
    "0": 1599,
    "1": 1599
  },
  "best_score_in_checkpoint": 0.99896171875,
  "best_epoch_in_checkpoint": 8,
  "saved_epoch": 8
}