{
  "best_checkpoint": "/home/user/SC/Deepfake-Fusion/outputs/spatial/vit_openfake/by_generator/sd-3.5/best.pth",
  "best_epoch": 8,
  "best_monitor": "val_auc",
  "best_score": 0.99896171875,
  "val_metrics": {
    "accuracy": 0.98375,
    "precision": 0.9742647058823529,
    "recall": 0.99375,
    "f1": 0.9839108910891089,
    "auc": 0.99896171875,
    "loss": 0.05079726502299309
  },
  "test_metrics": {
    "accuracy": 0.9874921826141339,
    "precision": 0.9887147335423198,
    "recall": 0.9862414008755472,
    "f1": 0.9874765184721352,
    "auc": 0.9989559218726839,
    "loss": 0.0521663887201435
  }
}