{
  "best_checkpoint": "/home/user/SC/Deepfake-Fusion/outputs/spatial/vit_openfake/by_generator/sd-3.5/best.pth",
  "best_epoch": 8,
  "best_monitor": "val_auc",
  "best_score": 0.99864296875,
  "val_metrics": {
    "accuracy": 0.98125,
    "precision": 0.9861111111111112,
    "recall": 0.97625,
    "f1": 0.9811557788944724,
    "auc": 0.99864296875,
    "loss": 0.05869776040315628,
    "threshold": 0.5,
    "loss_total": 0.05869776040315628
  },
  "test_metrics": {
    "accuracy": 0.984677923702314,
    "precision": 0.9886506935687264,
    "recall": 0.9806128830519074,
    "f1": 0.9846153846153847,
    "auc": 0.9978647145397707,
    "loss": 0.06416272497581571,
    "threshold": 0.5,
    "loss_total": 0.06413289837539196
  }
}