{
  "dataset_name": "openfake_by_generator_sd-3.5",
  "dataset_class": "OpenFakeDataset",
  "fit_split": "val",
  "evaluated_csv": "/home/user/SC/Deepfake-Fusion/data/splits/openfake/by_generator/sd-3.5/val.csv",
  "split_csv_override_used": false,
  "generator_name": null,
  "checkpoint": "/home/user/SC/Deepfake-Fusion/outputs/spatial/vit_openfake/by_generator/sd-3.5/best.pth",
  "threshold_for_reporting": 0.5,
  "temperature_init": 1.0,
  "temperature": 1.7176520824432373,
  "nll_before": 0.05079496279358864,
  "nll_after": 0.04211323335766792,
  "metrics_before": {
    "accuracy": 0.98375,
    "precision": 0.9742647058823529,
    "recall": 0.99375,
    "f1": 0.9839108910891089,
    "auc": 0.99896171875,
    "loss": 0.05079726502299309
  },
  "metrics_after": {
    "accuracy": 0.98375,
    "precision": 0.9742647058823529,
    "recall": 0.99375,
    "f1": 0.9839108910891089,
    "auc": 0.998959375,
    "loss": 0.04211323335766792
  },
  "dataset_size": 1600,
  "class_counts": {
    "0": 800,
    "1": 800
  },
  "best_score_in_checkpoint": 0.99896171875,
  "best_epoch_in_checkpoint": 8,
  "saved_epoch": 8
}