{
  "dataset_name": "openfake_by_generator_sd-3.5",
  "dataset_class": "OpenFakeDataset",
  "fit_split": "val",
  "evaluated_csv": "/home/user/SC/Deepfake-Fusion/data/splits/openfake/by_generator/sd-3.5/val.csv",
  "split_csv_override_used": false,
  "generator_name": null,
  "checkpoint": "/home/user/SC/Deepfake-Fusion/outputs/spatial/vit_openfake/by_generator/sd-3.5/best.pth",
  "threshold_for_reporting": 0.5,
  "temperature_init": 1.0,
  "temperature": 1.811201572418213,
  "nll_before": 0.058697596192359924,
  "nll_after": 0.04747161269187927,
  "metrics_before": {
    "accuracy": 0.98125,
    "precision": 0.9861111111111112,
    "recall": 0.97625,
    "f1": 0.9811557788944724,
    "auc": 0.99864296875,
    "loss": 0.05869776040315628
  },
  "metrics_after": {
    "accuracy": 0.98125,
    "precision": 0.9861111111111112,
    "recall": 0.97625,
    "f1": 0.9811557788944724,
    "auc": 0.9986515625000001,
    "loss": 0.04747161269187927
  },
  "dataset_size": 1600,
  "class_counts": {
    "0": 800,
    "1": 800
  },
  "best_score_in_checkpoint": 0.99864296875,
  "best_epoch_in_checkpoint": 8,
  "saved_epoch": 8
}