{
  "dataset_name": "openfake_logo_sd-3.5",
  "dataset_class": "OpenFakeDataset",
  "fit_split": "val",
  "evaluated_csv": "/home/user/SC/Deepfake-Fusion/data/splits/openfake/logo/sd-3.5/val.csv",
  "split_csv_override_used": false,
  "generator_name": null,
  "checkpoint": "/home/user/SC/Deepfake-Fusion/outputs/fusion/resnet_spai_openfake/logo/sd-3.5/best.pth",
  "threshold_for_reporting": 0.5,
  "temperature_init": 1.0,
  "temperature": 3.0594210624694824,
  "nll_before": 0.1830422729253769,
  "nll_after": 0.09219957143068314,
  "metrics_before": {
    "accuracy": 0.9651136363636363,
    "precision": 0.9659608378870674,
    "recall": 0.9642045454545455,
    "f1": 0.9650818926296634,
    "auc": 0.9929450929752065,
    "loss": 0.18305389085953885
  },
  "metrics_after": {
    "accuracy": 0.9651136363636363,
    "precision": 0.9659608378870674,
    "recall": 0.9642045454545455,
    "f1": 0.9650818926296634,
    "auc": 0.9948072507747933,
    "loss": 0.09219957143068314
  },
  "dataset_size": 17600,
  "class_counts": {
    "0": 8800,
    "1": 8800
  },
  "best_score_in_checkpoint": 0.9929450929752065,
  "best_epoch_in_checkpoint": 15,
  "saved_epoch": 15
}