{
  "best_checkpoint": "/home/user/SC/Deepfake-Fusion/outputs/spatial/vit_openfake/by_generator/flux.1-dev/best.pth",
  "best_epoch": 10,
  "best_monitor": "val_auc",
  "best_score": 0.9955703125,
  "val_metrics": {
    "accuracy": 0.966875,
    "precision": 0.9662921348314607,
    "recall": 0.9675,
    "f1": 0.966895690193629,
    "auc": 0.9955703125,
    "loss": 0.12655883677303792
  },
  "test_metrics": {
    "accuracy": 0.9637273295809882,
    "precision": 0.9563076923076923,
    "recall": 0.9718574108818011,
    "f1": 0.9640198511166254,
    "auc": 0.9934478670807778,
    "loss": 0.139966675654063
  }
}