{
  "dataset_name": "openfake_by_generator_flux.1-dev",
  "dataset_class": "OpenFakeDataset",
  "fit_split": "val",
  "evaluated_csv": "/home/user/SC/Deepfake-Fusion/data/splits/openfake/by_generator/flux.1-dev/val.csv",
  "split_csv_override_used": false,
  "generator_name": null,
  "checkpoint": "/home/user/SC/Deepfake-Fusion/outputs/spatial/vit_openfake/by_generator/flux.1-dev/best.pth",
  "threshold_for_reporting": 0.5,
  "temperature_init": 1.0,
  "temperature": 1.9436936378479004,
  "nll_before": 0.14688333868980408,
  "nll_after": 0.11516111344099045,
  "metrics_before": {
    "accuracy": 0.95625,
    "precision": 0.9473039215686274,
    "recall": 0.96625,
    "f1": 0.9566831683168316,
    "auc": 0.9914031249999999,
    "loss": 0.1468837145715952
  },
  "metrics_after": {
    "accuracy": 0.95625,
    "precision": 0.9473039215686274,
    "recall": 0.96625,
    "f1": 0.9566831683168316,
    "auc": 0.9914164062499999,
    "loss": 0.11516111344099045
  },
  "dataset_size": 1600,
  "class_counts": {
    "0": 800,
    "1": 800
  },
  "best_score_in_checkpoint": 0.9914031249999999,
  "best_epoch_in_checkpoint": 6,
  "saved_epoch": 6
}