{
  "dataset_name": "openfake_by_generator_flux-1.1-pro",
  "dataset_class": "OpenFakeDataset",
  "split": "test",
  "checkpoint": "/home/user/SC/Deepfake-Fusion/outputs/fusion/vit_spai_openfake/by_generator/flux-1.1-pro/best.pth",
  "metrics": {
    "accuracy": 0.9568480300187617,
    "precision": 0.9697749196141479,
    "recall": 0.943089430894309,
    "f1": 0.9562460367786937,
    "auc": 0.9919457947646296,
    "loss": 0.17682096116091028
  },
  "dataset_size": 3198,
  "class_counts": {
    "0": 1599,
    "1": 1599
  },
  "best_score_in_checkpoint": 0.9901398437500001,
  "best_epoch_in_checkpoint": 12,
  "saved_epoch": 12
}