{
  "dataset_name": "openfake_by_generator_flux-1.1-pro",
  "dataset_class": "OpenFakeDataset",
  "split": "test",
  "checkpoint": "/home/user/SC/Deepfake-Fusion/outputs/fusion/vit_spai_openfake/by_generator/flux-1.1-pro/best.pth",
  "metrics": {
    "accuracy": 0.9455909943714822,
    "precision": 0.9417234965902046,
    "recall": 0.9499687304565353,
    "f1": 0.9458281444582815,
    "auc": 0.9863671439427628,
    "loss": 0.34094195648459363,
    "threshold": 0.5,
    "loss_total": 0.34106186509132386,
    "loss_spatial_aux": 0.2098518969491124,
    "loss_spectral_aux": 0.2554083239659667
  },
  "dataset_size": 3198,
  "class_counts": {
    "0": 1599,
    "1": 1599
  },
  "best_score_in_checkpoint": 0.98581015625,
  "best_epoch_in_checkpoint": 13,
  "saved_epoch": 13
}