{
  "dataset_name": "openfake_by_generator_flux-1.1-pro",
  "dataset_class": "OpenFakeDataset",
  "split": "test",
  "checkpoint": "/home/user/SC/Deepfake-Fusion/outputs/fusion/vit_spai_openfake/by_generator/flux-1.1-pro/best.pth",
  "metrics": {
    "accuracy": 0.9693558474046279,
    "precision": 0.9729048519218652,
    "recall": 0.965603502188868,
    "f1": 0.9692404268675455,
    "auc": 0.993333270755135,
    "loss": 0.22009818398482803,
    "threshold": 0.5,
    "loss_total": 0.22040852965787053,
    "loss_spatial_aux": 0.16261000208556653,
    "loss_spectral_aux": 0.18026352901011705
  },
  "dataset_size": 3198,
  "class_counts": {
    "0": 1599,
    "1": 1599
  },
  "best_score_in_checkpoint": 0.9927734375,
  "best_epoch_in_checkpoint": 11,
  "saved_epoch": 11
}