{
  "best_checkpoint": "/home/user/SC/Deepfake-Fusion/outputs/fusion/vit_spai_openfake/by_generator/flux-1.1-pro/best.pth",
  "best_epoch": 12,
  "best_monitor": "val_auc",
  "best_score": 0.98699453125,
  "val_metrics": {
    "accuracy": 0.93875,
    "precision": 0.9546632124352331,
    "recall": 0.92125,
    "f1": 0.9376590330788804,
    "auc": 0.98699453125,
    "loss": 0.23946077145636083
  },
  "test_metrics": {
    "accuracy": 0.9446529080675422,
    "precision": 0.9557692307692308,
    "recall": 0.9324577861163227,
    "f1": 0.9439696106362773,
    "auc": 0.9896963040924969,
    "loss": 0.1979714147257313
  }
}