{
  "best_checkpoint": "/home/user/SC/Deepfake-Fusion/outputs/fusion/vit_spai_openfake/by_generator/flux-1.1-pro/best.pth",
  "best_epoch": 12,
  "best_monitor": "val_auc",
  "best_score": 0.9901398437500001,
  "val_metrics": {
    "accuracy": 0.94625,
    "precision": 0.9672774869109948,
    "recall": 0.92375,
    "f1": 0.9450127877237852,
    "auc": 0.9901398437500001,
    "loss": 0.25078213527798654
  },
  "test_metrics": {
    "accuracy": 0.9568480300187617,
    "precision": 0.9697749196141479,
    "recall": 0.943089430894309,
    "f1": 0.9562460367786937,
    "auc": 0.9919457947646296,
    "loss": 0.17682096116091028
  }
}