{
  "best_checkpoint": "/home/user/SC/Deepfake-Fusion/outputs/fusion/vit_spai_openfake/by_generator/flux-1.1-pro/best.pth",
  "best_epoch": 11,
  "best_monitor": "val_auc",
  "best_score": 0.9927734375,
  "val_metrics": {
    "accuracy": 0.955625,
    "precision": 0.9608091024020228,
    "recall": 0.95,
    "f1": 0.9553739786297926,
    "auc": 0.9927734375,
    "loss": 0.3059650471806526,
    "threshold": 0.5,
    "loss_total": 0.3059650471806526,
    "loss_spatial_aux": 0.19623820796608926,
    "loss_spectral_aux": 0.2394256254285574
  },
  "test_metrics": {
    "accuracy": 0.9693558474046279,
    "precision": 0.9729048519218652,
    "recall": 0.965603502188868,
    "f1": 0.9692404268675455,
    "auc": 0.993333270755135,
    "loss": 0.22009818398482803,
    "threshold": 0.5,
    "loss_total": 0.22040852965787053,
    "loss_spatial_aux": 0.16261000208556653,
    "loss_spectral_aux": 0.18026352901011705
  }
}