{
  "best_checkpoint": "/home/user/SC/Deepfake-Fusion/outputs/fusion/vit_spai_openfake/logo/midjourney-6/best.pth",
  "best_epoch": 10,
  "best_monitor": "val_auc",
  "best_score": 0.9941876807851238,
  "val_metrics": {
    "accuracy": 0.96375,
    "precision": 0.9698365185355745,
    "recall": 0.9572727272727273,
    "f1": 0.963513668077319,
    "auc": 0.9941876807851238,
    "loss": 0.140576052733443
  },
  "test_metrics": {
    "accuracy": 0.7823125,
    "precision": 0.949452736318408,
    "recall": 0.596375,
    "f1": 0.7325911708253359,
    "auc": 0.943532640625,
    "loss": 1.1416822407320142
  }
}