{
  "best_checkpoint": "/home/user/SC/Deepfake-Fusion/outputs/fusion/vit_spai_openfake/logo/midjourney-6/best.pth",
  "best_epoch": 14,
  "best_monitor": "val_auc",
  "best_score": 0.9933203383264463,
  "val_metrics": {
    "accuracy": 0.9667613636363637,
    "precision": 0.9752400786763855,
    "recall": 0.9578409090909091,
    "f1": 0.9664621911368457,
    "auc": 0.9933203383264463,
    "loss": 0.18723471216180107
  },
  "test_metrics": {
    "accuracy": 0.7854375,
    "precision": 0.956426144313412,
    "recall": 0.598125,
    "f1": 0.7359840036914558,
    "auc": 0.9376595234375,
    "loss": 1.755529917784035
  }
}