{
  "best_checkpoint": "/home/user/SC/Deepfake-Fusion/outputs/fusion/vit_spai_openfake/logo/midjourney-6/best.pth",
  "best_epoch": 2,
  "best_monitor": "val_auc",
  "best_score": 0.9928199315599173,
  "val_metrics": {
    "accuracy": 0.9556818181818182,
    "precision": 0.9637982882257692,
    "recall": 0.9469318181818182,
    "f1": 0.9552906110283159,
    "auc": 0.9928199315599173,
    "loss": 0.17074787821959367,
    "threshold": 0.5,
    "loss_total": 0.17074787821959367,
    "loss_spatial_aux": 0.14905479426411064,
    "loss_spectral_aux": 0.142699732739817
  },
  "test_metrics": {
    "accuracy": 0.7813125,
    "precision": 0.9391219512195121,
    "recall": 0.601625,
    "f1": 0.7334095238095238,
    "auc": 0.935989671875,
    "loss": 0.8756306025013327,
    "threshold": 0.5,
    "loss_total": 0.8756306025013327,
    "loss_spatial_aux": 0.6873394272476435,
    "loss_spectral_aux": 0.4539474909007549
  }
}