{
  "dataset_name": "openfake_logo_midjourney-6",
  "dataset_class": "OpenFakeDataset",
  "fit_split": "val",
  "evaluated_csv": "/home/user/SC/Deepfake-Fusion/data/splits/openfake/logo/midjourney-6/val.csv",
  "split_csv_override_used": false,
  "generator_name": null,
  "checkpoint": "/home/user/SC/Deepfake-Fusion/outputs/fusion/vit_spai_openfake/logo/midjourney-6/best.pth",
  "threshold_for_reporting": 0.5,
  "temperature_init": 1.0,
  "temperature": 3.297135353088379,
  "nll_before": 0.1872221678495407,
  "nll_after": 0.08882568031549454,
  "metrics_before": {
    "accuracy": 0.9667613636363637,
    "precision": 0.9752400786763855,
    "recall": 0.9578409090909091,
    "f1": 0.9664621911368457,
    "auc": 0.9933203383264463,
    "loss": 0.18723471216180107
  },
  "metrics_after": {
    "accuracy": 0.9667613636363637,
    "precision": 0.9752400786763855,
    "recall": 0.9578409090909091,
    "f1": 0.9664621911368457,
    "auc": 0.9952643595041322,
    "loss": 0.08882568031549454
  },
  "dataset_size": 17600,
  "class_counts": {
    "0": 8800,
    "1": 8800
  },
  "best_score_in_checkpoint": 0.9933203383264463,
  "best_epoch_in_checkpoint": 14,
  "saved_epoch": 14
}