{
  "dataset_name": "openfake_logo_midjourney-6",
  "dataset_class": "OpenFakeDataset",
  "fit_split": "val",
  "evaluated_csv": "/home/user/SC/Deepfake-Fusion/data/splits/openfake/logo/midjourney-6/val.csv",
  "split_csv_override_used": false,
  "generator_name": null,
  "checkpoint": "/home/user/SC/Deepfake-Fusion/outputs/fusion/vit_spai_openfake/logo/midjourney-6/best.pth",
  "threshold_for_reporting": 0.5,
  "temperature_init": 1.0,
  "temperature": 2.975053548812866,
  "nll_before": 0.19183732569217682,
  "nll_after": 0.09956560283899307,
  "metrics_before": {
    "accuracy": 0.9624431818181818,
    "precision": 0.9714980882864095,
    "recall": 0.9528409090909091,
    "f1": 0.9620790545579714,
    "auc": 0.9926864992252066,
    "loss": 0.19185168943621894
  },
  "metrics_after": {
    "accuracy": 0.9624431818181818,
    "precision": 0.9714980882864095,
    "recall": 0.9528409090909091,
    "f1": 0.9620790545579714,
    "auc": 0.9942848269628098,
    "loss": 0.09956560283899307
  },
  "dataset_size": 17600,
  "class_counts": {
    "0": 8800,
    "1": 8800
  },
  "best_score_in_checkpoint": 0.9926864992252066,
  "best_epoch_in_checkpoint": 12,
  "saved_epoch": 12
}