{
  "best_checkpoint": "/home/user/SC/Deepfake-Fusion/outputs/fusion/resnet_spai_openfake/logo/hidream-i1-full/best.pth",
  "best_epoch": 10,
  "best_monitor": "val_auc",
  "best_score": 0.9941280668904957,
  "val_metrics": {
    "accuracy": 0.9643181818181819,
    "precision": 0.9681484876260311,
    "recall": 0.9602272727272727,
    "f1": 0.9641716111364673,
    "auc": 0.9941280668904957,
    "loss": 0.13562925921245056
  },
  "test_metrics": {
    "accuracy": 0.9373125,
    "precision": 0.9666533279978659,
    "recall": 0.905875,
    "f1": 0.935277795702394,
    "auc": 0.9867733359374998,
    "loss": 0.268452616147697
  }
}