{
  "dataset_name": "openfake_logo_hidream-i1-full",
  "dataset_class": "OpenFakeDataset",
  "fit_split": "val",
  "evaluated_csv": "/home/user/SC/Deepfake-Fusion/data/splits/openfake/logo/hidream-i1-full/val.csv",
  "split_csv_override_used": false,
  "generator_name": null,
  "checkpoint": "/home/user/SC/Deepfake-Fusion/outputs/fusion/resnet_spai_openfake/logo/hidream-i1-full/best.pth",
  "threshold_for_reporting": 0.5,
  "temperature_init": 1.0,
  "temperature": 2.2383766174316406,
  "nll_before": 0.13562510907649994,
  "nll_after": 0.09351521730422974,
  "metrics_before": {
    "accuracy": 0.9643181818181819,
    "precision": 0.9681484876260311,
    "recall": 0.9602272727272727,
    "f1": 0.9641716111364673,
    "auc": 0.9941280668904957,
    "loss": 0.13562925921245056
  },
  "metrics_after": {
    "accuracy": 0.9643181818181819,
    "precision": 0.9681484876260311,
    "recall": 0.9602272727272727,
    "f1": 0.9641716111364673,
    "auc": 0.9946255940082644,
    "loss": 0.09351521730422974
  },
  "dataset_size": 17600,
  "class_counts": {
    "0": 8800,
    "1": 8800
  },
  "best_score_in_checkpoint": 0.9941280668904957,
  "best_epoch_in_checkpoint": 10,
  "saved_epoch": 10
}