{
  "dataset_name": "openfake_logo_midjourney-6",
  "dataset_class": "OpenFakeDataset",
  "split": "test",
  "checkpoint": "/home/user/SC/Deepfake-Fusion/outputs/spatial/resnet_openfake/logo/midjourney-6/best.pth",
  "metrics": {
    "accuracy": 0.8106875,
    "precision": 0.9140429785107447,
    "recall": 0.685875,
    "f1": 0.7836892094551168,
    "auc": 0.9249072109375,
    "loss": 0.7797578549534082,
    "threshold": 0.5,
    "loss_total": 0.7797578549534082
  },
  "dataset_size": 16000,
  "class_counts": {
    "0": 8000,
    "1": 8000
  },
  "best_score_in_checkpoint": 0.9838638623450413,
  "best_epoch_in_checkpoint": 10,
  "saved_epoch": 10
}