{
  "dataset_name": "openfake_merged_merged",
  "dataset_class": "OpenFakeDataset",
  "split": "test",
  "checkpoint": "C:/Deepfake-Fusion/outputs/frequency/spai_openfake/merged/merged/best.pth",
  "metrics": {
    "accuracy": 0.9709605167204918,
    "precision": 0.9736497459269736,
    "recall": 0.9681216793415981,
    "f1": 0.9708778436545041,
    "auc": 0.9946472857881927,
    "loss": 0.15041304961256727
  },
  "dataset_size": 38396,
  "class_counts": {
    "0": 19198,
    "1": 19198
  },
  "best_score_in_checkpoint": 0.9944655951059076,
  "best_epoch_in_checkpoint": 9,
  "saved_epoch": 9
}