{
  "best_checkpoint": "C:/Deepfake-Fusion/outputs/frequency/spai_openfake/merged/merged/best.pth",
  "best_epoch": 9,
  "best_monitor": "val_auc",
  "best_score": 0.9944655951059076,
  "val_metrics": {
    "accuracy": 0.9687467444525472,
    "precision": 0.9731833000315491,
    "recall": 0.9640587561204292,
    "f1": 0.9685995394599121,
    "auc": 0.9944655951059076,
    "loss": 0.15943364767199172
  },
  "test_metrics": {
    "accuracy": 0.9709605167204918,
    "precision": 0.9736497459269736,
    "recall": 0.9681216793415981,
    "f1": 0.9708778436545041,
    "auc": 0.9946472857881927,
    "loss": 0.15041304961256727
  }
}