{
  "dataset_name": "openfake_merged_merged",
  "dataset_class": "OpenFakeDataset",
  "fit_split": "val",
  "evaluated_csv": "/home/user/SC/Deepfake-Fusion/data/splits/openfake/merged/val.csv",
  "split_csv_override_used": false,
  "generator_name": null,
  "checkpoint": "/home/user/SC/Deepfake-Fusion/outputs/frequency/spai_openfake/merged/merged/best.pth",
  "threshold_for_reporting": 0.5,
  "temperature_init": 1.0,
  "temperature": 2.9998936653137207,
  "nll_before": 0.16801656782627106,
  "nll_after": 0.09081100672483444,
  "metrics_before": {
    "accuracy": 0.9663506615272425,
    "precision": 0.96859625248613,
    "recall": 0.9639545786019377,
    "f1": 0.9662698412698413,
    "auc": 0.993070529091667,
    "loss": 0.16802591702033734
  },
  "metrics_after": {
    "accuracy": 0.9663506615272425,
    "precision": 0.96859625248613,
    "recall": 0.9639545786019377,
    "f1": 0.9662698412698413,
    "auc": 0.9948095252612358,
    "loss": 0.09081100672483444
  },
  "dataset_size": 19198,
  "class_counts": {
    "0": 9599,
    "1": 9599
  },
  "best_score_in_checkpoint": 0.993070529091667,
  "best_epoch_in_checkpoint": 10,
  "saved_epoch": 10
}