{
  "dataset_name": "openfake_by_generator_grok-2-image-1212",
  "dataset_class": "OpenFakeDataset",
  "split": "test",
  "checkpoint": "/home/user/SC/Deepfake-Fusion/outputs/fusion/vit_spai_openfake/by_generator/grok-2-image-1212/best.pth",
  "metrics": {
    "accuracy": 0.9953095684803002,
    "precision": 0.9987405541561712,
    "recall": 0.991869918699187,
    "f1": 0.995293379353624,
    "auc": 0.9999037860201087,
    "loss": 0.015921812086337576
  },
  "dataset_size": 3198,
  "class_counts": {
    "0": 1599,
    "1": 1599
  },
  "best_score_in_checkpoint": 0.999959375,
  "best_epoch_in_checkpoint": 5,
  "saved_epoch": 5
}