{
  "dataset_name": "openfake_by_generator_grok-2-image-1212",
  "dataset_class": "OpenFakeDataset",
  "split": "test",
  "checkpoint": "/home/user/SC/Deepfake-Fusion/outputs/fusion/vit_spai_openfake/by_generator/grok-2-image-1212/best.pth",
  "metrics": {
    "accuracy": 0.9871794871794872,
    "precision": 0.9755799755799756,
    "recall": 0.9993746091307066,
    "f1": 0.9873339511893728,
    "auc": 0.999718593664505,
    "loss": 0.03495798239944849
  },
  "dataset_size": 3198,
  "class_counts": {
    "0": 1599,
    "1": 1599
  },
  "best_score_in_checkpoint": 0.9999687500000001,
  "best_epoch_in_checkpoint": 6,
  "saved_epoch": 6
}