{
  "best_checkpoint": "/home/user/SC/Deepfake-Fusion/outputs/fusion/vit_spai_openfake/by_generator/grok-2-image-1212/best.pth",
  "best_epoch": 6,
  "best_monitor": "val_auc",
  "best_score": 0.9999687500000001,
  "val_metrics": {
    "accuracy": 0.99,
    "precision": 0.9803921568627451,
    "recall": 1.0,
    "f1": 0.9900990099009901,
    "auc": 0.9999687500000001,
    "loss": 0.02337822861969471
  },
  "test_metrics": {
    "accuracy": 0.9871794871794872,
    "precision": 0.9755799755799756,
    "recall": 0.9993746091307066,
    "f1": 0.9873339511893728,
    "auc": 0.999718593664505,
    "loss": 0.03495798239944849
  }
}