{
  "best_checkpoint": "/home/user/SC/Deepfake-Fusion/outputs/fusion/vit_spai_openfake/by_generator/grok-2-image-1212/best.pth",
  "best_epoch": 3,
  "best_monitor": "val_auc",
  "best_score": 0.9999289062500001,
  "val_metrics": {
    "accuracy": 0.983125,
    "precision": 0.9673518742442564,
    "recall": 1.0,
    "f1": 0.9834050399508297,
    "auc": 0.9999289062500001,
    "loss": 0.08274677031673491,
    "threshold": 0.5,
    "loss_total": 0.08274677031673491,
    "loss_spatial_aux": 0.027070054411888124,
    "loss_spectral_aux": 0.09623402953147889
  },
  "test_metrics": {
    "accuracy": 0.9821763602251408,
    "precision": 0.966142684401451,
    "recall": 0.9993746091307066,
    "f1": 0.9824777128804181,
    "auc": 0.9995224501241982,
    "loss": 0.08106865180452313,
    "threshold": 0.5,
    "loss_total": 0.08101838327012956,
    "loss_spatial_aux": 0.022328582033514975,
    "loss_spectral_aux": 0.09446151712909341
  }
}