{
  "best_checkpoint": "/home/user/SC/Deepfake-Fusion/outputs/fusion/vit_spai_openfake/by_generator/grok-2-image-1212/best.pth",
  "best_epoch": 14,
  "best_monitor": "val_auc",
  "best_score": 0.999984375,
  "val_metrics": {
    "accuracy": 0.996875,
    "precision": 0.9962546816479401,
    "recall": 0.9975,
    "f1": 0.9968769519050593,
    "auc": 0.999984375,
    "loss": 0.011056120380017092,
    "threshold": 0.5,
    "loss_total": 0.011056120380017092,
    "loss_spatial_aux": 0.016711756885051728,
    "loss_spectral_aux": 0.002181389480829239
  },
  "test_metrics": {
    "accuracy": 0.9987492182614134,
    "precision": 0.9981261711430356,
    "recall": 0.9993746091307066,
    "f1": 0.99875,
    "auc": 0.9996149485235652,
    "loss": 0.01486330707579159,
    "threshold": 0.5,
    "loss_total": 0.014854051483998773,
    "loss_spatial_aux": 0.011334225309474278,
    "loss_spectral_aux": 0.016892780601629055
  }
}