{
  "best_checkpoint": "/home/user/SC/Deepfake-Fusion/outputs/fusion/vit_spai_openfake/by_generator/grok-2-image-1212/best.pth",
  "best_epoch": 11,
  "best_monitor": "val_auc",
  "best_score": 0.9999765625,
  "val_metrics": {
    "accuracy": 0.9975,
    "precision": 0.9975,
    "recall": 0.9975,
    "f1": 0.9975,
    "auc": 0.9999765625,
    "loss": 0.0076278834789991375
  },
  "test_metrics": {
    "accuracy": 0.9962476547842402,
    "precision": 0.9968691296180339,
    "recall": 0.9956222639149468,
    "f1": 0.9962453066332916,
    "auc": 0.9998918570510572,
    "loss": 0.013564871429531455
  }
}