{
  "best_checkpoint": "/home/user/SC/Deepfake-Fusion/outputs/fusion/vit_spai_openfake/by_generator/grok-2-image-1212/best.pth",
  "best_epoch": 5,
  "best_monitor": "val_auc",
  "best_score": 0.999959375,
  "val_metrics": {
    "accuracy": 0.995625,
    "precision": 1.0,
    "recall": 0.99125,
    "f1": 0.9956057752667922,
    "auc": 0.999959375,
    "loss": 0.01652272716164589
  },
  "test_metrics": {
    "accuracy": 0.9953095684803002,
    "precision": 0.9987405541561712,
    "recall": 0.991869918699187,
    "f1": 0.995293379353624,
    "auc": 0.9999037860201087,
    "loss": 0.015921812086337576
  }
}