{
  "dataset_name": "openfake_by_generator_grok-2-image-1212",
  "dataset_class": "OpenFakeDataset",
  "fit_split": "val",
  "evaluated_csv": "/home/user/SC/Deepfake-Fusion/data/splits/openfake/by_generator/grok-2-image-1212/val.csv",
  "split_csv_override_used": false,
  "generator_name": null,
  "checkpoint": "/home/user/SC/Deepfake-Fusion/outputs/fusion/vit_spai_openfake/by_generator/grok-2-image-1212/best.pth",
  "threshold_for_reporting": 0.5,
  "temperature_init": 1.0,
  "temperature": 1.633744478225708,
  "nll_before": 0.05808736011385918,
  "nll_after": 0.048472870141267776,
  "metrics_before": {
    "accuracy": 0.983125,
    "precision": 0.9673518742442564,
    "recall": 1.0,
    "f1": 0.9834050399508297,
    "auc": 0.9999289062500001,
    "loss": 0.05808595433831215
  },
  "metrics_after": {
    "accuracy": 0.983125,
    "precision": 0.9673518742442564,
    "recall": 1.0,
    "f1": 0.9834050399508297,
    "auc": 0.9999281250000001,
    "loss": 0.048472870141267776
  },
  "dataset_size": 1600,
  "class_counts": {
    "0": 800,
    "1": 800
  },
  "best_score_in_checkpoint": 0.9999289062500001,
  "best_epoch_in_checkpoint": 3,
  "saved_epoch": 3
}