{
  "dataset_name": "openfake_by_generator_grok-2-image-1212",
  "dataset_class": "OpenFakeDataset",
  "fit_split": "val",
  "evaluated_csv": "/home/user/SC/Deepfake-Fusion/data/splits/openfake/by_generator/grok-2-image-1212/val.csv",
  "split_csv_override_used": false,
  "generator_name": null,
  "checkpoint": "/home/user/SC/Deepfake-Fusion/outputs/fusion/vit_spai_openfake/by_generator/grok-2-image-1212/best.pth",
  "threshold_for_reporting": 0.5,
  "temperature_init": 1.0,
  "temperature": 1.5166826248168945,
  "nll_before": 0.0072763580828905106,
  "nll_after": 0.006312031764537096,
  "metrics_before": {
    "accuracy": 0.996875,
    "precision": 0.9962546816479401,
    "recall": 0.9975,
    "f1": 0.9968769519050593,
    "auc": 0.999984375,
    "loss": 0.007277491465210915
  },
  "metrics_after": {
    "accuracy": 0.996875,
    "precision": 0.9962546816479401,
    "recall": 0.9975,
    "f1": 0.9968769519050593,
    "auc": 0.9999843749999999,
    "loss": 0.006312031764537096
  },
  "dataset_size": 1600,
  "class_counts": {
    "0": 800,
    "1": 800
  },
  "best_score_in_checkpoint": 0.999984375,
  "best_epoch_in_checkpoint": 14,
  "saved_epoch": 14
}