{
  "dataset_name": "openfake_by_generator_sd-3.5",
  "dataset_class": "OpenFakeDataset",
  "split": "test",
  "checkpoint": "/home/user/SC/Deepfake-Fusion/outputs/fusion/vit_spai_openfake/by_generator/sd-3.5/best.pth",
  "metrics": {
    "accuracy": 0.9796747967479674,
    "precision": 0.9811794228356336,
    "recall": 0.9781113195747342,
    "f1": 0.9796429689946758,
    "auc": 0.9970805314922828,
    "loss": 0.07972699550887322
  },
  "dataset_size": 3198,
  "class_counts": {
    "0": 1599,
    "1": 1599
  },
  "best_score_in_checkpoint": 0.9968914062500001,
  "best_epoch_in_checkpoint": 11,
  "saved_epoch": 11
}