{
  "dataset_name": "openfake_by_generator_sd-3.5",
  "dataset_class": "OpenFakeDataset",
  "split": "test",
  "checkpoint": "/home/user/SC/Deepfake-Fusion/outputs/fusion/vit_spai_openfake/by_generator/sd-3.5/best.pth",
  "metrics": {
    "accuracy": 0.9768605378361476,
    "precision": 0.987220447284345,
    "recall": 0.9662288930581614,
    "f1": 0.9766118836915297,
    "auc": 0.9976742421486849,
    "loss": 0.07318860197846333
  },
  "dataset_size": 3198,
  "class_counts": {
    "0": 1599,
    "1": 1599
  },
  "best_score_in_checkpoint": 0.99833515625,
  "best_epoch_in_checkpoint": 5,
  "saved_epoch": 5
}