{
  "best_checkpoint": "/home/user/SC/Deepfake-Fusion/outputs/fusion/vit_spai_openfake/by_generator/sd-3.5/best.pth",
  "best_epoch": 5,
  "best_monitor": "val_auc",
  "best_score": 0.99833515625,
  "val_metrics": {
    "accuracy": 0.981875,
    "precision": 0.9873577749683944,
    "recall": 0.97625,
    "f1": 0.9817724701445631,
    "auc": 0.99833515625,
    "loss": 0.054411991015076634
  },
  "test_metrics": {
    "accuracy": 0.9768605378361476,
    "precision": 0.987220447284345,
    "recall": 0.9662288930581614,
    "f1": 0.9766118836915297,
    "auc": 0.9976742421486849,
    "loss": 0.07318860197846333
  }
}