{
  "best_checkpoint": "/home/user/SC/Deepfake-Fusion/outputs/fusion/vit_spai_openfake/by_generator/sd-3.5/best.pth",
  "best_epoch": 10,
  "best_monitor": "val_auc",
  "best_score": 0.99841484375,
  "val_metrics": {
    "accuracy": 0.974375,
    "precision": 0.9656441717791411,
    "recall": 0.98375,
    "f1": 0.9746130030959752,
    "auc": 0.99841484375,
    "loss": 0.13471782584441827,
    "threshold": 0.5,
    "loss_total": 0.13471782584441827,
    "loss_spatial_aux": 0.09102149918675423,
    "loss_spectral_aux": 0.1477805846184492
  },
  "test_metrics": {
    "accuracy": 0.9821763602251408,
    "precision": 0.975925925925926,
    "recall": 0.9887429643527205,
    "f1": 0.9822926374650512,
    "auc": 0.9977970518628552,
    "loss": 0.1190187008993198,
    "threshold": 0.5,
    "loss_total": 0.11894565933733248,
    "loss_spatial_aux": 0.06959945077076554,
    "loss_spectral_aux": 0.1135864143568324
  }
}