{
  "best_checkpoint": "/home/user/SC/Deepfake-Fusion/outputs/fusion/vit_spai_openfake/by_generator/sd-3.5/best.pth",
  "best_epoch": 6,
  "best_monitor": "val_auc",
  "best_score": 0.99739765625,
  "val_metrics": {
    "accuracy": 0.97625,
    "precision": 0.9822784810126582,
    "recall": 0.97,
    "f1": 0.9761006289308176,
    "auc": 0.99739765625,
    "loss": 0.06766768388450145
  },
  "test_metrics": {
    "accuracy": 0.9721701063164477,
    "precision": 0.9852185089974294,
    "recall": 0.9587242026266416,
    "f1": 0.9717908082408875,
    "auc": 0.9973449243801141,
    "loss": 0.0769848575986796
  }
}