{
  "dataset_name": "openfake_by_generator_sd-3.5",
  "dataset_class": "OpenFakeDataset",
  "fit_split": "val",
  "evaluated_csv": "/home/user/SC/Deepfake-Fusion/data/splits/openfake/by_generator/sd-3.5/val.csv",
  "split_csv_override_used": false,
  "generator_name": null,
  "checkpoint": "/home/user/SC/Deepfake-Fusion/outputs/fusion/vit_spai_openfake/by_generator/sd-3.5/best.pth",
  "threshold_for_reporting": 0.5,
  "temperature_init": 1.0,
  "temperature": 1.2121011018753052,
  "nll_before": 0.05441005155444145,
  "nll_after": 0.05295350030064583,
  "metrics_before": {
    "accuracy": 0.981875,
    "precision": 0.9873577749683944,
    "recall": 0.97625,
    "f1": 0.9817724701445631,
    "auc": 0.99833515625,
    "loss": 0.054411991015076634
  },
  "metrics_after": {
    "accuracy": 0.981875,
    "precision": 0.9873577749683944,
    "recall": 0.97625,
    "f1": 0.9817724701445631,
    "auc": 0.99833515625,
    "loss": 0.05295350030064583
  },
  "dataset_size": 1600,
  "class_counts": {
    "0": 800,
    "1": 800
  },
  "best_score_in_checkpoint": 0.99833515625,
  "best_epoch_in_checkpoint": 5,
  "saved_epoch": 5
}