{
  "dataset_name": "openfake_by_generator_sd-3.5",
  "dataset_class": "OpenFakeDataset",
  "fit_split": "val",
  "evaluated_csv": "/home/user/SC/Deepfake-Fusion/data/splits/openfake/by_generator/sd-3.5/val.csv",
  "split_csv_override_used": false,
  "generator_name": null,
  "checkpoint": "/home/user/SC/Deepfake-Fusion/outputs/fusion/vit_spai_openfake/by_generator/sd-3.5/best.pth",
  "threshold_for_reporting": 0.5,
  "temperature_init": 1.0,
  "temperature": 2.1123790740966797,
  "nll_before": 0.08695946633815765,
  "nll_after": 0.0611589252948761,
  "metrics_before": {
    "accuracy": 0.974375,
    "precision": 0.9656441717791411,
    "recall": 0.98375,
    "f1": 0.9746130030959752,
    "auc": 0.99841484375,
    "loss": 0.08695740841329097
  },
  "metrics_after": {
    "accuracy": 0.974375,
    "precision": 0.9656441717791411,
    "recall": 0.98375,
    "f1": 0.9746130030959752,
    "auc": 0.9984375,
    "loss": 0.0611589252948761
  },
  "dataset_size": 1600,
  "class_counts": {
    "0": 800,
    "1": 800
  },
  "best_score_in_checkpoint": 0.99841484375,
  "best_epoch_in_checkpoint": 10,
  "saved_epoch": 10
}