{
  "dataset_name": "openfake_by_generator_sd-3.5",
  "dataset_class": "OpenFakeDataset",
  "fit_split": "val",
  "evaluated_csv": "/home/user/SC/Deepfake-Fusion/data/splits/openfake/by_generator/sd-3.5/val.csv",
  "split_csv_override_used": false,
  "generator_name": null,
  "checkpoint": "/home/user/SC/Deepfake-Fusion/outputs/fusion/vit_spai_openfake/by_generator/sd-3.5/best.pth",
  "threshold_for_reporting": 0.5,
  "temperature_init": 1.0,
  "temperature": 1.9219558238983154,
  "nll_before": 0.05030398070812225,
  "nll_after": 0.03741836920380592,
  "metrics_before": {
    "accuracy": 0.985625,
    "precision": 0.9874529485570891,
    "recall": 0.98375,
    "f1": 0.9855979962429555,
    "auc": 0.9992531250000001,
    "loss": 0.050309367775917054
  },
  "metrics_after": {
    "accuracy": 0.985625,
    "precision": 0.9874529485570891,
    "recall": 0.98375,
    "f1": 0.9855979962429555,
    "auc": 0.99925,
    "loss": 0.03741836920380592
  },
  "dataset_size": 1600,
  "class_counts": {
    "0": 800,
    "1": 800
  },
  "best_score_in_checkpoint": 0.9992531250000001,
  "best_epoch_in_checkpoint": 7,
  "saved_epoch": 7
}