{
  "dataset_name": "openfake_logo_dalle-3",
  "dataset_class": "OpenFakeDataset",
  "split": "test",
  "checkpoint": "/home/user/SC/Deepfake-Fusion/outputs/fusion/resnet_spai_openfake/logo/dalle-3/best.pth",
  "metrics": {
    "accuracy": 0.8839375,
    "precision": 0.9675749733597199,
    "recall": 0.7945,
    "f1": 0.8725375797927105,
    "auc": 0.9716895625,
    "loss": 0.8793130791336298,
    "threshold": 0.5,
    "loss_total": 0.8793130791336298,
    "loss_spatial_aux": 0.32643060433864596,
    "loss_spectral_aux": 0.7967710032686591
  },
  "dataset_size": 16000,
  "class_counts": {
    "0": 8000,
    "1": 8000
  },
  "best_score_in_checkpoint": 0.9922837939049587,
  "best_epoch_in_checkpoint": 10,
  "saved_epoch": 10
}