{
  "best_checkpoint": "C:/Deepfake-Fusion/outputs/frequency/spai_openfake/by_generator/sd-3.5/best.pth",
  "best_epoch": 10,
  "best_monitor": "val_auc",
  "best_score": 0.9984734375,
  "val_metrics": {
    "accuracy": 0.984375,
    "precision": 0.9813664596273292,
    "recall": 0.9875,
    "f1": 0.9844236760124611,
    "auc": 0.9984734375,
    "loss": 0.06116599179804325
  },
  "test_metrics": {
    "accuracy": 0.9862414008755472,
    "precision": 0.987460815047022,
    "recall": 0.9849906191369606,
    "f1": 0.9862241703193487,
    "auc": 0.9979896753795074,
    "loss": 0.06110178255444023
  }
}