{
  "dataset_name": "openfake_by_generator_sd-3.5",
  "dataset_class": "OpenFakeDataset",
  "fit_split": "val",
  "evaluated_csv": "/home/user/SC/Deepfake-Fusion/data/splits/openfake/by_generator/sd-3.5/val.csv",
  "split_csv_override_used": false,
  "generator_name": null,
  "checkpoint": "/home/user/SC/Deepfake-Fusion/outputs/frequency/spai_openfake/by_generator/sd-3.5/best.pth",
  "threshold_for_reporting": 0.5,
  "temperature_init": 1.0,
  "temperature": 2.034003257751465,
  "nll_before": 0.0611753948032856,
  "nll_after": 0.043024130165576935,
  "metrics_before": {
    "accuracy": 0.984375,
    "precision": 0.9813664596273292,
    "recall": 0.9875,
    "f1": 0.9844236760124611,
    "auc": 0.9984734375,
    "loss": 0.0611761049926281
  },
  "metrics_after": {
    "accuracy": 0.984375,
    "precision": 0.9813664596273292,
    "recall": 0.9875,
    "f1": 0.9844236760124611,
    "auc": 0.99886640625,
    "loss": 0.043024130165576935
  },
  "dataset_size": 1600,
  "class_counts": {
    "0": 800,
    "1": 800
  },
  "best_score_in_checkpoint": 0.9984734375,
  "best_epoch_in_checkpoint": 10,
  "saved_epoch": 10
}