{
  "best_checkpoint": "/home/user/SC/Deepfake-Fusion/outputs/spatial/vit_openfake/logo/flux.1-dev/best.pth",
  "best_epoch": 10,
  "best_monitor": "val_auc",
  "best_score": 0.994127162964876,
  "val_metrics": {
    "accuracy": 0.9669886363636364,
    "precision": 0.9699256718124643,
    "recall": 0.9638636363636364,
    "f1": 0.9668851524650898,
    "auc": 0.994127162964876,
    "loss": 0.14118529234420168,
    "threshold": 0.5,
    "loss_total": 0.14118529234420168
  },
  "test_metrics": {
    "accuracy": 0.934875,
    "precision": 0.966979865771812,
    "recall": 0.9005,
    "f1": 0.9325566343042071,
    "auc": 0.9851671796875,
    "loss": 0.32648772445321084,
    "threshold": 0.5,
    "loss_total": 0.32648772445321084
  }
}