{
  "best_checkpoint": "/home/user/SC/Deepfake-Fusion/outputs/spatial/vit_openfake/logo/flux.1-dev/best.pth",
  "best_epoch": 9,
  "best_monitor": "val_auc",
  "best_score": 0.9952603241219009,
  "val_metrics": {
    "accuracy": 0.9706818181818182,
    "precision": 0.9662314272850068,
    "recall": 0.9754545454545455,
    "f1": 0.9708210812033476,
    "auc": 0.9952603241219009,
    "loss": 0.12637701321731915
  },
  "test_metrics": {
    "accuracy": 0.94,
    "precision": 0.9636459430979979,
    "recall": 0.9145,
    "f1": 0.9384299640841457,
    "auc": 0.9856973593749999,
    "loss": 0.31628679590672254
  }
}