{
  "dataset_name": "openfake_by_generator_flux-1.1-pro",
  "dataset_class": "OpenFakeDataset",
  "split": "test",
  "checkpoint": "/home/user/SC/Deepfake-Fusion/outputs/spatial/resnet_openfake/by_generator/flux-1.1-pro/best.pth",
  "metrics": {
    "accuracy": 0.9058786741713571,
    "precision": 0.8909638554216868,
    "recall": 0.924953095684803,
    "f1": 0.9076403804848113,
    "auc": 0.9704253479250047,
    "loss": 0.2725072048693019,
    "threshold": 0.5,
    "loss_total": 0.27260555446147916
  },
  "dataset_size": 3198,
  "class_counts": {
    "0": 1599,
    "1": 1599
  },
  "best_score_in_checkpoint": 0.96429375,
  "best_epoch_in_checkpoint": 8,
  "saved_epoch": 8
}