{
  "dataset_name": "openfake_by_generator_midjourney-6",
  "dataset_class": "OpenFakeDataset",
  "split": "test",
  "checkpoint": "/home/user/SC/Deepfake-Fusion/outputs/spatial/vit_openfake/by_generator/midjourney-6/best.pth",
  "metrics": {
    "accuracy": 0.9774859287054409,
    "precision": 0.9823120656980417,
    "recall": 0.9724828017510945,
    "f1": 0.9773727215587681,
    "auc": 0.9982063523911325,
    "loss": 0.06702447622511222
  },
  "dataset_size": 3198,
  "class_counts": {
    "0": 1599,
    "1": 1599
  },
  "best_score_in_checkpoint": 0.9977734375,
  "best_epoch_in_checkpoint": 3,
  "saved_epoch": 3
}