{
  "dataset_name": "openfake_by_generator_midjourney-6",
  "dataset_class": "OpenFakeDataset",
  "fit_split": "val",
  "evaluated_csv": "/home/user/SC/Deepfake-Fusion/data/splits/openfake/by_generator/midjourney-6/val.csv",
  "split_csv_override_used": false,
  "generator_name": null,
  "checkpoint": "/home/user/SC/Deepfake-Fusion/outputs/spatial/vit_openfake/by_generator/midjourney-6/best.pth",
  "threshold_for_reporting": 0.5,
  "temperature_init": 1.0,
  "temperature": 1.4252021312713623,
  "nll_before": 0.0522974357008934,
  "nll_after": 0.047677598893642426,
  "metrics_before": {
    "accuracy": 0.984375,
    "precision": 0.9813664596273292,
    "recall": 0.9875,
    "f1": 0.9844236760124611,
    "auc": 0.9982421874999999,
    "loss": 0.052299614250659945
  },
  "metrics_after": {
    "accuracy": 0.984375,
    "precision": 0.9813664596273292,
    "recall": 0.9875,
    "f1": 0.9844236760124611,
    "auc": 0.9982421875,
    "loss": 0.047677598893642426
  },
  "dataset_size": 1600,
  "class_counts": {
    "0": 800,
    "1": 800
  },
  "best_score_in_checkpoint": 0.9982421874999999,
  "best_epoch_in_checkpoint": 4,
  "saved_epoch": 4
}