{
  "dataset_name": "openfake_by_generator_imagen-4.0",
  "dataset_class": "OpenFakeDataset",
  "split": "test",
  "checkpoint": "C:/Deepfake-Fusion/outputs/fusion/resnet_spai_openfake/by_generator/imagen-4.0/best.pth",
  "metrics": {
    "accuracy": 0.9659161976235147,
    "precision": 0.965625,
    "recall": 0.9662288930581614,
    "f1": 0.9659268521412941,
    "auc": 0.9932126121665314,
    "loss": 0.1366721755586765
  },
  "dataset_size": 3198,
  "class_counts": {
    "0": 1599,
    "1": 1599
  },
  "best_score_in_checkpoint": 0.9944624999999999,
  "best_epoch_in_checkpoint": 10,
  "saved_epoch": 10
}