{
  "dataset_name": "openfake_by_generator_imagen-4.0",
  "dataset_class": "OpenFakeDataset",
  "split": "test",
  "checkpoint": "/home/user/SC/Deepfake-Fusion/outputs/fusion/resnet_spai_openfake/by_generator/imagen-4.0/best.pth",
  "metrics": {
    "accuracy": 0.9590368980612883,
    "precision": 0.9616352201257862,
    "recall": 0.9562226391494684,
    "f1": 0.9589212919410474,
    "auc": 0.9914917117131916,
    "loss": 0.2272906845867671,
    "threshold": 0.5,
    "loss_total": 0.22724227763712407,
    "loss_spatial_aux": 0.21542947694659234,
    "loss_spectral_aux": 0.15423914842307568
  },
  "dataset_size": 3198,
  "class_counts": {
    "0": 1599,
    "1": 1599
  },
  "best_score_in_checkpoint": 0.99393359375,
  "best_epoch_in_checkpoint": 8,
  "saved_epoch": 8
}