{
  "dataset_name": "openfake_by_generator_imagen-4.0",
  "dataset_class": "OpenFakeDataset",
  "split": "test",
  "checkpoint": "/home/user/SC/Deepfake-Fusion/outputs/fusion/resnet_spai_openfake/by_generator/imagen-4.0/best.pth",
  "metrics": {
    "accuracy": 0.9727954971857411,
    "precision": 0.9707347447073474,
    "recall": 0.9749843652282677,
    "f1": 0.9728549141965679,
    "auc": 0.9949063302149834,
    "loss": 0.18824948458055768,
    "threshold": 0.5,
    "loss_total": 0.18824321070685981,
    "loss_spatial_aux": 0.20388296227902175,
    "loss_spectral_aux": 0.12412325944751501
  },
  "dataset_size": 3198,
  "class_counts": {
    "0": 1599,
    "1": 1599
  },
  "best_score_in_checkpoint": 0.99446171875,
  "best_epoch_in_checkpoint": 13,
  "saved_epoch": 13
}