{
  "dataset_name": "openfake_by_generator_imagen-4.0",
  "dataset_class": "OpenFakeDataset",
  "split": "test",
  "checkpoint": "/home/user/SC/Deepfake-Fusion/outputs/fusion/resnet_spai_openfake/by_generator/imagen-4.0/best.pth",
  "metrics": {
    "accuracy": 0.9615384615384616,
    "precision": 0.9456521739130435,
    "recall": 0.9793621013133208,
    "f1": 0.9622119815668203,
    "auc": 0.9933025683265925,
    "loss": 0.1344702111008467
  },
  "dataset_size": 3198,
  "class_counts": {
    "0": 1599,
    "1": 1599
  },
  "best_score_in_checkpoint": 0.9918140624999999,
  "best_epoch_in_checkpoint": 5,
  "saved_epoch": 5
}