{
  "dataset_name": "openfake_by_generator_imagen-4.0",
  "dataset_class": "OpenFakeDataset",
  "fit_split": "val",
  "evaluated_csv": "/home/user/SC/Deepfake-Fusion/data/splits/openfake/by_generator/imagen-4.0/val.csv",
  "split_csv_override_used": false,
  "generator_name": null,
  "checkpoint": "/home/user/SC/Deepfake-Fusion/outputs/fusion/resnet_spai_openfake/by_generator/imagen-4.0/best.pth",
  "threshold_for_reporting": 0.5,
  "temperature_init": 1.0,
  "temperature": 1.9896713495254517,
  "nll_before": 0.1586209535598755,
  "nll_after": 0.11902886629104614,
  "metrics_before": {
    "accuracy": 0.955,
    "precision": 0.9364508393285371,
    "recall": 0.97625,
    "f1": 0.95593635250918,
    "auc": 0.9918140624999999,
    "loss": 0.15862919718027116
  },
  "metrics_after": {
    "accuracy": 0.955,
    "precision": 0.9364508393285371,
    "recall": 0.97625,
    "f1": 0.95593635250918,
    "auc": 0.9921054687499999,
    "loss": 0.11902886629104614
  },
  "dataset_size": 1600,
  "class_counts": {
    "0": 800,
    "1": 800
  },
  "best_score_in_checkpoint": 0.9918140624999999,
  "best_epoch_in_checkpoint": 5,
  "saved_epoch": 5
}