{
  "dataset_name": "openfake_by_generator_midjourney-6",
  "dataset_class": "OpenFakeDataset",
  "split": "test",
  "checkpoint": "/home/user/SC/Deepfake-Fusion/outputs/frequency/spai_openfake/by_generator/midjourney-6/best.pth",
  "metrics": {
    "accuracy": 0.9759224515322076,
    "precision": 0.9685960591133005,
    "recall": 0.983739837398374,
    "f1": 0.9761092150170648,
    "auc": 0.9975303122925875,
    "loss": 0.07526840113122028,
    "threshold": 0.5,
    "loss_total": 0.07523267261683941
  },
  "dataset_size": 3198,
  "class_counts": {
    "0": 1599,
    "1": 1599
  },
  "best_score_in_checkpoint": 0.9977703125,
  "best_epoch_in_checkpoint": 4,
  "saved_epoch": 4
}