{
  "best_checkpoint": "C:/Deepfake-Fusion/outputs/frequency/spai_openfake/by_generator/midjourney-6/best.pth",
  "best_epoch": 8,
  "best_monitor": "val_auc",
  "best_score": 0.9981734375,
  "val_metrics": {
    "accuracy": 0.988125,
    "precision": 0.9815043156596794,
    "recall": 0.995,
    "f1": 0.9882060831781502,
    "auc": 0.9981734375,
    "loss": 0.0576318571716547
  },
  "test_metrics": {
    "accuracy": 0.9887429643527205,
    "precision": 0.9881324172392255,
    "recall": 0.9893683552220137,
    "f1": 0.98875,
    "auc": 0.9990098955687204,
    "loss": 0.050696452576934996
  }
}