{
  "best_checkpoint": "/home/user/SC/Deepfake-Fusion/outputs/frequency/spai_openfake/by_generator/midjourney-6/best.pth",
  "best_epoch": 4,
  "best_monitor": "val_auc",
  "best_score": 0.9977703125,
  "val_metrics": {
    "accuracy": 0.98,
    "precision": 0.9682926829268292,
    "recall": 0.9925,
    "f1": 0.980246913580247,
    "auc": 0.9977703125,
    "loss": 0.06567663989961148,
    "threshold": 0.5,
    "loss_total": 0.06567663989961148
  },
  "test_metrics": {
    "accuracy": 0.9759224515322076,
    "precision": 0.9685960591133005,
    "recall": 0.983739837398374,
    "f1": 0.9761092150170648,
    "auc": 0.9975303122925875,
    "loss": 0.07526840113122028,
    "threshold": 0.5,
    "loss_total": 0.07523267261683941
  }
}