{
  "best_checkpoint": "/home/user/SC/Deepfake-Fusion/outputs/fusion/resnet_spai_openfake/group_holdout/split_c/best.pth",
  "best_epoch": 7,
  "best_monitor": "val_auc",
  "best_score": 0.9894043836805555,
  "val_metrics": {
    "accuracy": 0.9470833333333334,
    "precision": 0.9626994394135403,
    "recall": 0.9302083333333333,
    "f1": 0.946175037084128,
    "auc": 0.9894043836805555,
    "loss": 0.2754419443011284,
    "threshold": 0.5,
    "loss_total": 0.2754419443011284,
    "loss_spatial_aux": 0.25025075118988754,
    "loss_spectral_aux": 0.1986271573230624
  },
  "test_metrics": {
    "accuracy": 0.8401379684048185,
    "precision": 0.9495881656152723,
    "recall": 0.7184152390479763,
    "f1": 0.8179822740054341,
    "auc": 0.9508456954373743,
    "loss": 0.9318244988471798,
    "threshold": 0.5,
    "loss_total": 0.9317285129825275,
    "loss_spatial_aux": 0.4910761612355709,
    "loss_spectral_aux": 0.7263280649185181
  }
}