{
  "dataset_name": "openfake_logo_dalle-3",
  "dataset_class": "OpenFakeDataset",
  "fit_split": "val",
  "evaluated_csv": "/home/user/SC/Deepfake-Fusion/data/splits/openfake/logo/dalle-3/val.csv",
  "split_csv_override_used": false,
  "generator_name": null,
  "checkpoint": "/home/user/SC/Deepfake-Fusion/outputs/fusion/vit_spai_openfake/logo/dalle-3/best.pth",
  "threshold_for_reporting": 0.5,
  "temperature_init": 1.0,
  "temperature": 2.1176517009735107,
  "nll_before": 0.16505791246891022,
  "nll_after": 0.12003295868635178,
  "metrics_before": {
    "accuracy": 0.9540909090909091,
    "precision": 0.964975564347219,
    "recall": 0.9423863636363636,
    "f1": 0.9535472001839714,
    "auc": 0.991258910123967,
    "loss": 0.16506363301114602
  },
  "metrics_after": {
    "accuracy": 0.9540909090909091,
    "precision": 0.964975564347219,
    "recall": 0.9423863636363636,
    "f1": 0.9535472001839714,
    "auc": 0.9914907541322314,
    "loss": 0.12003295868635178
  },
  "dataset_size": 17600,
  "class_counts": {
    "0": 8800,
    "1": 8800
  },
  "best_score_in_checkpoint": 0.991258910123967,
  "best_epoch_in_checkpoint": 7,
  "saved_epoch": 7
}