{
  "dataset_name": "openfake_by_generator_flux-1.1-pro",
  "dataset_class": "OpenFakeDataset",
  "split": "test",
  "checkpoint": "/home/user/SC/Deepfake-Fusion/outputs/spatial/vit_openfake/by_generator/flux-1.1-pro/best.pth",
  "metrics": {
    "accuracy": 0.9640400250156348,
    "precision": 0.9563345633456335,
    "recall": 0.9724828017510945,
    "f1": 0.9643410852713178,
    "auc": 0.9931764341456375,
    "loss": 0.13872699611928033
  },
  "dataset_size": 3198,
  "class_counts": {
    "0": 1599,
    "1": 1599
  },
  "best_score_in_checkpoint": 0.99244296875,
  "best_epoch_in_checkpoint": 10,
  "saved_epoch": 10
}