{
  "best_checkpoint": "/home/user/SC/Deepfake-Fusion/outputs/spatial/vit_openfake/by_generator/flux-1.1-pro/best.pth",
  "best_epoch": 10,
  "best_monitor": "val_auc",
  "best_score": 0.99244296875,
  "val_metrics": {
    "accuracy": 0.964375,
    "precision": 0.9580764488286067,
    "recall": 0.97125,
    "f1": 0.9646182495344506,
    "auc": 0.99244296875,
    "loss": 0.13919065125286578
  },
  "test_metrics": {
    "accuracy": 0.9640400250156348,
    "precision": 0.9563345633456335,
    "recall": 0.9724828017510945,
    "f1": 0.9643410852713178,
    "auc": 0.9931764341456375,
    "loss": 0.13872699611928033
  }
}