{
  "dataset_name": "openfake_by_generator_flux-1.1-pro",
  "dataset_class": "OpenFakeDataset",
  "fit_split": "val",
  "evaluated_csv": "/home/user/SC/Deepfake-Fusion/data/splits/openfake/by_generator/flux-1.1-pro/val.csv",
  "split_csv_override_used": false,
  "generator_name": null,
  "checkpoint": "/home/user/SC/Deepfake-Fusion/outputs/spatial/vit_openfake/by_generator/flux-1.1-pro/best.pth",
  "threshold_for_reporting": 0.5,
  "temperature_init": 1.0,
  "temperature": 2.2020206451416016,
  "nll_before": 0.13918477296829224,
  "nll_after": 0.0979367271065712,
  "metrics_before": {
    "accuracy": 0.964375,
    "precision": 0.9580764488286067,
    "recall": 0.97125,
    "f1": 0.9646182495344506,
    "auc": 0.99244296875,
    "loss": 0.13919065125286578
  },
  "metrics_after": {
    "accuracy": 0.964375,
    "precision": 0.9580764488286067,
    "recall": 0.97125,
    "f1": 0.9646182495344506,
    "auc": 0.9937453125,
    "loss": 0.0979367271065712
  },
  "dataset_size": 1600,
  "class_counts": {
    "0": 800,
    "1": 800
  },
  "best_score_in_checkpoint": 0.99244296875,
  "best_epoch_in_checkpoint": 10,
  "saved_epoch": 10
}