{
  "dataset_name": "openfake_by_generator_midjourney-6",
  "dataset_class": "OpenFakeDataset",
  "split": "test",
  "checkpoint": "/home/user/SC/Deepfake-Fusion/outputs/fusion/vit_spai_openfake/by_generator/midjourney-6/best.pth",
  "metrics": {
    "accuracy": 0.9734208880550344,
    "precision": 0.9527511961722488,
    "recall": 0.9962476547842402,
    "f1": 0.9740140629776827,
    "auc": 0.9984359361561577,
    "loss": 0.10676261263458597,
    "threshold": 0.5,
    "loss_total": 0.1067045513074845,
    "loss_spatial_aux": 0.08253639809787273,
    "loss_spectral_aux": 0.07624564714729785
  },
  "dataset_size": 3198,
  "class_counts": {
    "0": 1599,
    "1": 1599
  },
  "best_score_in_checkpoint": 0.99742890625,
  "best_epoch_in_checkpoint": 1,
  "saved_epoch": 1
}