{
  "dataset_name": "openfake_by_generator_midjourney-6",
  "dataset_class": "OpenFakeDataset",
  "split": "test",
  "checkpoint": "/home/user/SC/Deepfake-Fusion/outputs/fusion/vit_spai_openfake/by_generator/midjourney-6/best.pth",
  "metrics": {
    "accuracy": 0.9690431519699813,
    "precision": 0.9844961240310077,
    "recall": 0.9530956848030019,
    "f1": 0.9685414680648237,
    "auc": 0.9977223491386307,
    "loss": 0.10658297714328228
  },
  "dataset_size": 3198,
  "class_counts": {
    "0": 1599,
    "1": 1599
  },
  "best_score_in_checkpoint": 0.9974296875,
  "best_epoch_in_checkpoint": 3,
  "saved_epoch": 3
}