{
  "dataset_name": "openfake_by_generator_midjourney-6",
  "dataset_class": "OpenFakeDataset",
  "split": "test",
  "checkpoint": "/home/user/SC/Deepfake-Fusion/outputs/fusion/vit_spai_openfake/by_generator/midjourney-6/best.pth",
  "metrics": {
    "accuracy": 0.9740462789243277,
    "precision": 0.9605103280680437,
    "recall": 0.9887429643527205,
    "f1": 0.97442218798151,
    "auc": 0.9972154657323742,
    "loss": 0.11813371518092129,
    "threshold": 0.5,
    "loss_total": 0.11813095336779952,
    "loss_spatial_aux": 0.0884174194931984,
    "loss_spectral_aux": 0.08704450346529484
  },
  "dataset_size": 3198,
  "class_counts": {
    "0": 1599,
    "1": 1599
  },
  "best_score_in_checkpoint": 0.99823203125,
  "best_epoch_in_checkpoint": 2,
  "saved_epoch": 2
}