{
  "best_checkpoint": "/home/user/SC/Deepfake-Fusion/outputs/fusion/vit_spai_openfake/by_generator/midjourney-6/best.pth",
  "best_epoch": 11,
  "best_monitor": "val_auc",
  "best_score": 0.99805390625,
  "val_metrics": {
    "accuracy": 0.985625,
    "precision": 0.986232790988736,
    "recall": 0.985,
    "f1": 0.9856160100062539,
    "auc": 0.99805390625,
    "loss": 0.06291929088532924
  },
  "test_metrics": {
    "accuracy": 0.9840525328330206,
    "precision": 0.9867924528301887,
    "recall": 0.9812382739212008,
    "f1": 0.9840075258701787,
    "auc": 0.9986238663079372,
    "loss": 0.06046728967509003
  }
}