{
  "best_checkpoint": "/home/user/SC/Deepfake-Fusion/outputs/fusion/vit_spai_openfake/by_generator/midjourney-6/best.pth",
  "best_epoch": 1,
  "best_monitor": "val_auc",
  "best_score": 0.99742890625,
  "val_metrics": {
    "accuracy": 0.968125,
    "precision": 0.9411071849234394,
    "recall": 0.99875,
    "f1": 0.9690721649484536,
    "auc": 0.99742890625,
    "loss": 0.12964069241657852,
    "threshold": 0.5,
    "loss_total": 0.12964069241657852,
    "loss_spatial_aux": 0.09475999057292939,
    "loss_spectral_aux": 0.08398903846740723
  },
  "test_metrics": {
    "accuracy": 0.9734208880550344,
    "precision": 0.9527511961722488,
    "recall": 0.9962476547842402,
    "f1": 0.9740140629776827,
    "auc": 0.9984359361561577,
    "loss": 0.10676261263458597,
    "threshold": 0.5,
    "loss_total": 0.1067045513074845,
    "loss_spatial_aux": 0.08253639809787273,
    "loss_spectral_aux": 0.07624564714729785
  }
}