{
  "best_checkpoint": "/home/user/SC/Deepfake-Fusion/outputs/fusion/vit_spai_openfake/by_generator/midjourney-6/best.pth",
  "best_epoch": 3,
  "best_monitor": "val_auc",
  "best_score": 0.9974296875,
  "val_metrics": {
    "accuracy": 0.973125,
    "precision": 0.9883870967741936,
    "recall": 0.9575,
    "f1": 0.9726984126984127,
    "auc": 0.9974296875,
    "loss": 0.0905537886172533
  },
  "test_metrics": {
    "accuracy": 0.9690431519699813,
    "precision": 0.9844961240310077,
    "recall": 0.9530956848030019,
    "f1": 0.9685414680648237,
    "auc": 0.9977223491386307,
    "loss": 0.10658297714328228
  }
}