{
  "best_checkpoint": "/home/user/SC/Deepfake-Fusion/outputs/spatial/vit_openfake/logo/dalle-3/best.pth",
  "best_epoch": 10,
  "best_monitor": "val_auc",
  "best_score": 0.9958771629648762,
  "val_metrics": {
    "accuracy": 0.9716477272727273,
    "precision": 0.9734230637618342,
    "recall": 0.9697727272727272,
    "f1": 0.9715944668981613,
    "auc": 0.9958771629648762,
    "loss": 0.12365720315413041
  },
  "test_metrics": {
    "accuracy": 0.8895,
    "precision": 0.9657698056801196,
    "recall": 0.807625,
    "f1": 0.879646017699115,
    "auc": 0.97506878125,
    "loss": 0.6768094780966639
  }
}