{
  "dataset_name": "openfake_by_generator_flux.1-dev",
  "dataset_class": "OpenFakeDataset",
  "split": "test",
  "checkpoint": "/home/user/SC/Deepfake-Fusion/outputs/fusion/resnet_spai_openfake/by_generator/flux.1-dev/best.pth",
  "metrics": {
    "accuracy": 0.9496560350218887,
    "precision": 0.9603072983354674,
    "recall": 0.9380863039399625,
    "f1": 0.9490667510281556,
    "auc": 0.9910614865998566,
    "loss": 0.19982949819991258,
    "threshold": 0.5,
    "loss_total": 0.1998866830021143,
    "loss_spatial_aux": 0.1866160199046135,
    "loss_spectral_aux": 0.19190603852272034
  },
  "dataset_size": 3198,
  "class_counts": {
    "0": 1599,
    "1": 1599
  },
  "best_score_in_checkpoint": 0.9907140625,
  "best_epoch_in_checkpoint": 2,
  "saved_epoch": 2
}