{
  "dataset_name": "openfake_logo_midjourney-6",
  "dataset_class": "OpenFakeDataset",
  "split": "test",
  "checkpoint": "/home/user/SC/Deepfake-Fusion/outputs/spatial/vit_openfake/logo/midjourney-6/best.pth",
  "metrics": {
    "accuracy": 0.813375,
    "precision": 0.948479427549195,
    "recall": 0.66275,
    "f1": 0.78027961736571,
    "auc": 0.9439507421875001,
    "loss": 1.1799968547672033,
    "threshold": 0.5,
    "loss_total": 1.1799968547672033
  },
  "dataset_size": 16000,
  "class_counts": {
    "0": 8000,
    "1": 8000
  },
  "best_score_in_checkpoint": 0.9937610537190082,
  "best_epoch_in_checkpoint": 10,
  "saved_epoch": 10
}