{
  "dataset_name": "openfake_logo_midjourney-6",
  "dataset_class": "OpenFakeDataset",
  "fit_split": "val",
  "evaluated_csv": "/home/user/SC/Deepfake-Fusion/data/splits/openfake/logo/midjourney-6/val.csv",
  "split_csv_override_used": false,
  "generator_name": null,
  "checkpoint": "/home/user/SC/Deepfake-Fusion/outputs/spatial/vit_openfake/logo/midjourney-6/best.pth",
  "threshold_for_reporting": 0.5,
  "temperature_init": 1.0,
  "temperature": 2.705845832824707,
  "nll_before": 0.14883971214294434,
  "nll_after": 0.08644823729991913,
  "metrics_before": {
    "accuracy": 0.9660227272727273,
    "precision": 0.964649898028552,
    "recall": 0.9675,
    "f1": 0.9660728469306706,
    "auc": 0.9937610537190082,
    "loss": 0.1488471310788935
  },
  "metrics_after": {
    "accuracy": 0.9660227272727273,
    "precision": 0.964649898028552,
    "recall": 0.9675,
    "f1": 0.9660728469306706,
    "auc": 0.9954055397727273,
    "loss": 0.08644823729991913
  },
  "dataset_size": 17600,
  "class_counts": {
    "0": 8800,
    "1": 8800
  },
  "best_score_in_checkpoint": 0.9937610537190082,
  "best_epoch_in_checkpoint": 10,
  "saved_epoch": 10
}