{
  "best_checkpoint": "/home/user/SC/Deepfake-Fusion/outputs/fusion/resnet_spai_openfake/logo/midjourney-6/best.pth",
  "best_epoch": 7,
  "best_monitor": "val_auc",
  "best_score": 0.9919778667355372,
  "val_metrics": {
    "accuracy": 0.9535227272727272,
    "precision": 0.9688674812030075,
    "recall": 0.9371590909090909,
    "f1": 0.9527495378927912,
    "auc": 0.9919778667355372,
    "loss": 0.21505525010553272,
    "threshold": 0.5,
    "loss_total": 0.21505525010553272,
    "loss_spatial_aux": 0.23376712261275812,
    "loss_spectral_aux": 0.15014296317642387
  },
  "test_metrics": {
    "accuracy": 0.79575,
    "precision": 0.9520443255636225,
    "recall": 0.622875,
    "f1": 0.753060299229258,
    "auc": 0.9438395859375,
    "loss": 1.013836827404797,
    "threshold": 0.5,
    "loss_total": 1.013836827404797,
    "loss_spatial_aux": 0.6495682613104582,
    "loss_spectral_aux": 0.6785460079610348
  }
}