{
  "best_checkpoint": "/home/user/SC/Deepfake-Fusion/outputs/fusion/resnet_spai_openfake/logo/midjourney-6/best.pth",
  "best_epoch": 10,
  "best_monitor": "val_auc",
  "best_score": 0.9939948347107438,
  "val_metrics": {
    "accuracy": 0.9626704545454545,
    "precision": 0.9623027137504258,
    "recall": 0.9630681818181818,
    "f1": 0.9626852956210598,
    "auc": 0.9939948347107438,
    "loss": 0.14545367403463882
  },
  "test_metrics": {
    "accuracy": 0.80325,
    "precision": 0.9448111477814448,
    "recall": 0.644125,
    "f1": 0.7660175412516723,
    "auc": 0.9470585156250001,
    "loss": 1.029007859952748
  }
}