{
  "best_checkpoint": "/home/user/SC/Deepfake-Fusion/outputs/fusion/resnet_spai_openfake/logo/midjourney-6/best.pth",
  "best_epoch": 15,
  "best_monitor": "val_auc",
  "best_score": 0.994996410123967,
  "val_metrics": {
    "accuracy": 0.9692045454545455,
    "precision": 0.976130073800738,
    "recall": 0.9619318181818182,
    "f1": 0.9689789377289377,
    "auc": 0.994996410123967,
    "loss": 0.14941781944849275
  },
  "test_metrics": {
    "accuracy": 0.781875,
    "precision": 0.9594539527302364,
    "recall": 0.588625,
    "f1": 0.7296250387356678,
    "auc": 0.9473464609375,
    "loss": 1.5209368868768216
  }
}