{
  "dataset_name": "openfake_logo_midjourney-6",
  "dataset_class": "OpenFakeDataset",
  "fit_split": "val",
  "evaluated_csv": "/home/user/SC/Deepfake-Fusion/data/splits/openfake/logo/midjourney-6/val.csv",
  "split_csv_override_used": false,
  "generator_name": null,
  "checkpoint": "/home/user/SC/Deepfake-Fusion/outputs/fusion/resnet_spai_openfake/logo/midjourney-6/best.pth",
  "threshold_for_reporting": 0.5,
  "temperature_init": 1.0,
  "temperature": 2.3925676345825195,
  "nll_before": 0.13288207352161407,
  "nll_after": 0.08556250482797623,
  "metrics_before": {
    "accuracy": 0.9663636363636363,
    "precision": 0.9716157205240175,
    "recall": 0.9607954545454546,
    "f1": 0.9661752942520855,
    "auc": 0.9949153473657024,
    "loss": 0.13288806873289022
  },
  "metrics_after": {
    "accuracy": 0.9663636363636363,
    "precision": 0.9716157205240175,
    "recall": 0.9607954545454546,
    "f1": 0.9661752942520855,
    "auc": 0.9955725529442149,
    "loss": 0.08556250482797623
  },
  "dataset_size": 17600,
  "class_counts": {
    "0": 8800,
    "1": 8800
  },
  "best_score_in_checkpoint": 0.9949153473657024,
  "best_epoch_in_checkpoint": 9,
  "saved_epoch": 9
}