{
  "dataset_name": "openfake_logo_gpt-image-1",
  "dataset_class": "OpenFakeDataset",
  "split": "test",
  "checkpoint": "/home/user/SC/Deepfake-Fusion/outputs/fusion/vit_spai_openfake/logo/gpt-image-1/best.pth",
  "metrics": {
    "accuracy": 0.958,
    "precision": 0.9693825262618498,
    "recall": 0.945875,
    "f1": 0.9574844995571302,
    "auc": 0.9927801093749999,
    "loss": 0.23963682845421136,
    "threshold": 0.5,
    "loss_total": 0.23963682845421136,
    "loss_spatial_aux": 0.1710814486220479,
    "loss_spectral_aux": 0.1727241172865033
  },
  "dataset_size": 16000,
  "class_counts": {
    "0": 8000,
    "1": 8000
  },
  "best_score_in_checkpoint": 0.9914335743801652,
  "best_epoch_in_checkpoint": 9,
  "saved_epoch": 9
}