{
  "best_checkpoint": "/home/user/SC/Deepfake-Fusion/outputs/fusion/vit_spai_openfake/logo/gpt-image-1/best.pth",
  "best_epoch": 9,
  "best_monitor": "val_auc",
  "best_score": 0.9914335743801652,
  "val_metrics": {
    "accuracy": 0.9569886363636364,
    "precision": 0.9677794579504478,
    "recall": 0.9454545454545454,
    "f1": 0.9564867505891821,
    "auc": 0.9914335743801652,
    "loss": 0.25846354465085,
    "threshold": 0.5,
    "loss_total": 0.25846354465085,
    "loss_spatial_aux": 0.18677333819595252,
    "loss_spectral_aux": 0.1973550900410522
  },
  "test_metrics": {
    "accuracy": 0.958,
    "precision": 0.9693825262618498,
    "recall": 0.945875,
    "f1": 0.9574844995571302,
    "auc": 0.9927801093749999,
    "loss": 0.23963682845421136,
    "threshold": 0.5,
    "loss_total": 0.23963682845421136,
    "loss_spatial_aux": 0.1710814486220479,
    "loss_spectral_aux": 0.1727241172865033
  }
}