{
  "dataset_name": "openfake_logo_gpt-image-1",
  "dataset_class": "OpenFakeDataset",
  "fit_split": "val",
  "evaluated_csv": "/home/user/SC/Deepfake-Fusion/data/splits/openfake/logo/gpt-image-1/val.csv",
  "split_csv_override_used": false,
  "generator_name": null,
  "checkpoint": "/home/user/SC/Deepfake-Fusion/outputs/fusion/vit_spai_openfake/logo/gpt-image-1/best.pth",
  "threshold_for_reporting": 0.5,
  "temperature_init": 1.0,
  "temperature": 2.4950995445251465,
  "nll_before": 0.18162506818771362,
  "nll_after": 0.11266092956066132,
  "metrics_before": {
    "accuracy": 0.9569886363636364,
    "precision": 0.9677794579504478,
    "recall": 0.9454545454545454,
    "f1": 0.9564867505891821,
    "auc": 0.9914335743801652,
    "loss": 0.1816378580778837
  },
  "metrics_after": {
    "accuracy": 0.9569886363636364,
    "precision": 0.9677794579504478,
    "recall": 0.9454545454545454,
    "f1": 0.9564867505891821,
    "auc": 0.9925329868285124,
    "loss": 0.11266092956066132
  },
  "dataset_size": 17600,
  "class_counts": {
    "0": 8800,
    "1": 8800
  },
  "best_score_in_checkpoint": 0.9914335743801652,
  "best_epoch_in_checkpoint": 9,
  "saved_epoch": 9
}