{
  "best_checkpoint": "/home/user/SC/Deepfake-Fusion/outputs/spatial/vit_openfake/by_generator/grok-2-image-1212/best.pth",
  "best_epoch": 8,
  "best_monitor": "val_auc",
  "best_score": 0.9998484375,
  "val_metrics": {
    "accuracy": 0.993125,
    "precision": 0.9900621118012423,
    "recall": 0.99625,
    "f1": 0.9931464174454828,
    "auc": 0.9998484375,
    "loss": 0.022478039562702178,
    "threshold": 0.5,
    "loss_total": 0.022478039562702178
  },
  "test_metrics": {
    "accuracy": 0.9959349593495935,
    "precision": 0.9943890274314214,
    "recall": 0.9974984365228268,
    "f1": 0.9959413050265377,
    "auc": 0.9998195010092691,
    "loss": 0.014984858528081419,
    "threshold": 0.5,
    "loss_total": 0.014975501304907084
  }
}