{
  "best_checkpoint": "/home/user/SC/Deepfake-Fusion/outputs/spatial/vit_openfake/group_holdout/split_c/best.pth",
  "best_epoch": 9,
  "best_monitor": "val_auc",
  "best_score": 0.9921241102430556,
  "val_metrics": {
    "accuracy": 0.9595833333333333,
    "precision": 0.9555968608013218,
    "recall": 0.9639583333333334,
    "f1": 0.9597593860194981,
    "auc": 0.9921241102430556,
    "loss": 0.16242698510487874,
    "threshold": 0.5,
    "loss_total": 0.16242698510487874
  },
  "test_metrics": {
    "accuracy": 0.8621774832228752,
    "precision": 0.9467811600164542,
    "recall": 0.7674961443874786,
    "f1": 0.8477635304680126,
    "auc": 0.9576877509300243,
    "loss": 0.6922180542072426,
    "threshold": 0.5,
    "loss_total": 0.6921367943088214
  }
}