{
  "dataset_name": "openfake_logo_imagen-4.0",
  "dataset_class": "OpenFakeDataset",
  "split": "test",
  "checkpoint": "/home/user/SC/Deepfake-Fusion/outputs/fusion/vit_spai_openfake/logo/imagen-4.0/best.pth",
  "metrics": {
    "accuracy": 0.9185944729273477,
    "precision": 0.9755647108964342,
    "recall": 0.8586970113792672,
    "f1": 0.9134078212290503,
    "auc": 0.9868851266267492,
    "loss": 0.5827471819741549,
    "threshold": 0.5,
    "loss_total": 0.583021588019561,
    "loss_spatial_aux": 0.40150945977121594,
    "loss_spectral_aux": 0.2975654069259763
  },
  "dataset_size": 15994,
  "class_counts": {
    "0": 7997,
    "1": 7997
  },
  "best_score_in_checkpoint": 0.9936588391012398,
  "best_epoch_in_checkpoint": 11,
  "saved_epoch": 11
}