{
  "dataset_name": "openfake_logo_imagen-4.0",
  "dataset_class": "OpenFakeDataset",
  "split": "test",
  "checkpoint": "/home/user/SC/Deepfake-Fusion/outputs/fusion/vit_spai_openfake/logo/imagen-4.0/best.pth",
  "metrics": {
    "accuracy": 0.9331624359134676,
    "precision": 0.9580798730494579,
    "recall": 0.9059647367762911,
    "f1": 0.9312937849476187,
    "auc": 0.9859623018254203,
    "loss": 0.22465049180370936
  },
  "dataset_size": 15994,
  "class_counts": {
    "0": 7997,
    "1": 7997
  },
  "best_score_in_checkpoint": 0.9917920648243802,
  "best_epoch_in_checkpoint": 8,
  "saved_epoch": 8
}