{
  "dataset_name": "openfake_logo_imagen-4.0",
  "dataset_class": "OpenFakeDataset",
  "split": "test",
  "checkpoint": "/home/user/SC/Deepfake-Fusion/outputs/fusion/vit_spai_openfake/logo/imagen-4.0/best.pth",
  "metrics": {
    "accuracy": 0.9327872952357134,
    "precision": 0.9788323187603764,
    "recall": 0.8847067650368888,
    "f1": 0.9293924466338259,
    "auc": 0.9885745497064838,
    "loss": 0.4012362081527233
  },
  "dataset_size": 15994,
  "class_counts": {
    "0": 7997,
    "1": 7997
  },
  "best_score_in_checkpoint": 0.9945364992252066,
  "best_epoch_in_checkpoint": 14,
  "saved_epoch": 14
}