{
  "dataset_name": "openfake_logo_imagen-4.0",
  "dataset_class": "OpenFakeDataset",
  "split": "test",
  "checkpoint": "/home/user/SC/Deepfake-Fusion/outputs/fusion/vit_spai_openfake/logo/imagen-4.0/best.pth",
  "metrics": {
    "accuracy": 0.9124046517444041,
    "precision": 0.9678014184397163,
    "recall": 0.8531949481055395,
    "f1": 0.9068917392171197,
    "auc": 0.9817177283672198,
    "loss": 0.5396023310373407,
    "threshold": 0.5,
    "loss_total": 0.5398909232076258,
    "loss_spatial_aux": 0.38728731324523685,
    "loss_spectral_aux": 0.31663820452988145
  },
  "dataset_size": 15994,
  "class_counts": {
    "0": 7997,
    "1": 7997
  },
  "best_score_in_checkpoint": 0.9918158638946282,
  "best_epoch_in_checkpoint": 10,
  "saved_epoch": 10
}