{
  "best_checkpoint": "/home/user/SC/Deepfake-Fusion/outputs/fusion/vit_spai_openfake/logo/imagen-4.0/best.pth",
  "best_epoch": 11,
  "best_monitor": "val_auc",
  "best_score": 0.9936588391012398,
  "val_metrics": {
    "accuracy": 0.9647727272727272,
    "precision": 0.9785864732038381,
    "recall": 0.9503409090909091,
    "f1": 0.9642568891963565,
    "auc": 0.9936588391012398,
    "loss": 0.25250658461908726,
    "threshold": 0.5,
    "loss_total": 0.25250658461908726,
    "loss_spatial_aux": 0.17108035662634807,
    "loss_spectral_aux": 0.17149827742441134
  },
  "test_metrics": {
    "accuracy": 0.9185944729273477,
    "precision": 0.9755647108964342,
    "recall": 0.8586970113792672,
    "f1": 0.9134078212290503,
    "auc": 0.9868851266267492,
    "loss": 0.5827471819741549,
    "threshold": 0.5,
    "loss_total": 0.583021588019561,
    "loss_spatial_aux": 0.40150945977121594,
    "loss_spectral_aux": 0.2975654069259763
  }
}