{
  "best_checkpoint": "/home/user/SC/Deepfake-Fusion/outputs/fusion/vit_spai_openfake/logo/imagen-4.0/best.pth",
  "best_epoch": 8,
  "best_monitor": "val_auc",
  "best_score": 0.9917920648243802,
  "val_metrics": {
    "accuracy": 0.9592045454545455,
    "precision": 0.960250569476082,
    "recall": 0.9580681818181818,
    "f1": 0.9591581342434585,
    "auc": 0.9917920648243802,
    "loss": 0.14965858529237183
  },
  "test_metrics": {
    "accuracy": 0.9331624359134676,
    "precision": 0.9580798730494579,
    "recall": 0.9059647367762911,
    "f1": 0.9312937849476187,
    "auc": 0.9859623018254203,
    "loss": 0.22465049180370936
  }
}