{
  "best_checkpoint": "/home/user/SC/Deepfake-Fusion/outputs/fusion/vit_spai_openfake/logo/imagen-4.0/best.pth",
  "best_epoch": 14,
  "best_monitor": "val_auc",
  "best_score": 0.9945364992252066,
  "val_metrics": {
    "accuracy": 0.9690340909090909,
    "precision": 0.9787727641804895,
    "recall": 0.9588636363636364,
    "f1": 0.9687159175707479,
    "auc": 0.9945364992252066,
    "loss": 0.17288143659857186
  },
  "test_metrics": {
    "accuracy": 0.9327872952357134,
    "precision": 0.9788323187603764,
    "recall": 0.8847067650368888,
    "f1": 0.9293924466338259,
    "auc": 0.9885745497064838,
    "loss": 0.4012362081527233
  }
}