{
  "dataset_name": "openfake_logo_imagen-4.0",
  "dataset_class": "OpenFakeDataset",
  "fit_split": "val",
  "evaluated_csv": "/home/user/SC/Deepfake-Fusion/data/splits/openfake/logo/imagen-4.0/val.csv",
  "split_csv_override_used": false,
  "generator_name": null,
  "checkpoint": "/home/user/SC/Deepfake-Fusion/outputs/fusion/vit_spai_openfake/logo/imagen-4.0/best.pth",
  "threshold_for_reporting": 0.5,
  "temperature_init": 1.0,
  "temperature": 2.0747056007385254,
  "nll_before": 0.14965493977069855,
  "nll_after": 0.1110149472951889,
  "metrics_before": {
    "accuracy": 0.9592045454545455,
    "precision": 0.960250569476082,
    "recall": 0.9580681818181818,
    "f1": 0.9591581342434585,
    "auc": 0.9917920648243802,
    "loss": 0.14965858529237183
  },
  "metrics_after": {
    "accuracy": 0.9592045454545455,
    "precision": 0.960250569476082,
    "recall": 0.9580681818181818,
    "f1": 0.9591581342434585,
    "auc": 0.9923060950413223,
    "loss": 0.1110149472951889
  },
  "dataset_size": 17600,
  "class_counts": {
    "0": 8800,
    "1": 8800
  },
  "best_score_in_checkpoint": 0.9917920648243802,
  "best_epoch_in_checkpoint": 8,
  "saved_epoch": 8
}