{
  "dataset_name": "openfake_logo_imagen-4.0",
  "dataset_class": "OpenFakeDataset",
  "fit_split": "val",
  "evaluated_csv": "/home/user/SC/Deepfake-Fusion/data/splits/openfake/logo/imagen-4.0/val.csv",
  "split_csv_override_used": false,
  "generator_name": null,
  "checkpoint": "/home/user/SC/Deepfake-Fusion/outputs/fusion/vit_spai_openfake/logo/imagen-4.0/best.pth",
  "threshold_for_reporting": 0.5,
  "temperature_init": 1.0,
  "temperature": 2.9276673793792725,
  "nll_before": 0.18397870659828186,
  "nll_after": 0.09701362997293472,
  "metrics_before": {
    "accuracy": 0.9647727272727272,
    "precision": 0.9785864732038381,
    "recall": 0.9503409090909091,
    "f1": 0.9642568891963565,
    "auc": 0.9936588391012398,
    "loss": 0.18399085688320074
  },
  "metrics_after": {
    "accuracy": 0.9647727272727272,
    "precision": 0.9785864732038381,
    "recall": 0.9503409090909091,
    "f1": 0.9642568891963565,
    "auc": 0.9948429493801653,
    "loss": 0.09701362997293472
  },
  "dataset_size": 17600,
  "class_counts": {
    "0": 8800,
    "1": 8800
  },
  "best_score_in_checkpoint": 0.9936588391012398,
  "best_epoch_in_checkpoint": 11,
  "saved_epoch": 11
}