{
  "dataset_name": "openfake_by_generator_imagen-4.0",
  "dataset_class": "OpenFakeDataset",
  "split": "test",
  "checkpoint": "/home/user/SC/Deepfake-Fusion/outputs/fusion/vit_spai_openfake/by_generator/imagen-4.0/best.pth",
  "metrics": {
    "accuracy": 0.9702939337085679,
    "precision": 0.9659231722428748,
    "recall": 0.9749843652282677,
    "f1": 0.970432617491441,
    "auc": 0.9919143101086083,
    "loss": 0.2003378490634901,
    "threshold": 0.5,
    "loss_total": 0.20026135774329304,
    "loss_spatial_aux": 0.15097086351364852,
    "loss_spectral_aux": 0.13480673868209123
  },
  "dataset_size": 3198,
  "class_counts": {
    "0": 1599,
    "1": 1599
  },
  "best_score_in_checkpoint": 0.99524140625,
  "best_epoch_in_checkpoint": 7,
  "saved_epoch": 7
}