{
  "dataset_name": "openfake_by_generator_imagen-4.0",
  "dataset_class": "OpenFakeDataset",
  "split": "test",
  "checkpoint": "/home/user/SC/Deepfake-Fusion/outputs/fusion/vit_spai_openfake/by_generator/imagen-4.0/best.pth",
  "metrics": {
    "accuracy": 0.9568480300187617,
    "precision": 0.9376872378669863,
    "recall": 0.9787367104440275,
    "f1": 0.9577723378212974,
    "auc": 0.9923707398424829,
    "loss": 0.15719974287939936
  },
  "dataset_size": 3198,
  "class_counts": {
    "0": 1599,
    "1": 1599
  },
  "best_score_in_checkpoint": 0.99494609375,
  "best_epoch_in_checkpoint": 5,
  "saved_epoch": 5
}