{
  "dataset_name": "openfake_by_generator_imagen-4.0",
  "dataset_class": "OpenFakeDataset",
  "split": "test",
  "checkpoint": "/home/user/SC/Deepfake-Fusion/outputs/fusion/vit_spai_openfake/by_generator/imagen-4.0/best.pth",
  "metrics": {
    "accuracy": 0.9546591619762351,
    "precision": 0.9306872037914692,
    "recall": 0.9824890556597874,
    "f1": 0.9558868268938242,
    "auc": 0.9895332096631689,
    "loss": 0.2680157236824787,
    "threshold": 0.5,
    "loss_total": 0.2679173425026238,
    "loss_spatial_aux": 0.18363085448741912,
    "loss_spectral_aux": 0.1734562238678336
  },
  "dataset_size": 3198,
  "class_counts": {
    "0": 1599,
    "1": 1599
  },
  "best_score_in_checkpoint": 0.9938382812500001,
  "best_epoch_in_checkpoint": 5,
  "saved_epoch": 5
}