{
  "dataset_name": "openfake_by_generator_imagen-4.0",
  "dataset_class": "OpenFakeDataset",
  "split": "test",
  "checkpoint": "/home/user/SC/Deepfake-Fusion/outputs/fusion/vit_spai_openfake/by_generator/imagen-4.0/best.pth",
  "metrics": {
    "accuracy": 0.9693558474046279,
    "precision": 0.9612784265519361,
    "recall": 0.9781113195747342,
    "f1": 0.9696218226906386,
    "auc": 0.9925297275775471,
    "loss": 0.14470402083084163
  },
  "dataset_size": 3198,
  "class_counts": {
    "0": 1599,
    "1": 1599
  },
  "best_score_in_checkpoint": 0.9947820312500001,
  "best_epoch_in_checkpoint": 14,
  "saved_epoch": 14
}