{
  "best_checkpoint": "/home/user/SC/Deepfake-Fusion/outputs/fusion/vit_spai_openfake/by_generator/imagen-4.0/best.pth",
  "best_epoch": 7,
  "best_monitor": "val_auc",
  "best_score": 0.99524140625,
  "val_metrics": {
    "accuracy": 0.9675,
    "precision": 0.968671679197995,
    "recall": 0.96625,
    "f1": 0.967459324155194,
    "auc": 0.99524140625,
    "loss": 0.19676733903586865,
    "threshold": 0.5,
    "loss_total": 0.19676733903586865,
    "loss_spatial_aux": 0.1476994713395834,
    "loss_spectral_aux": 0.13561445116996765
  },
  "test_metrics": {
    "accuracy": 0.9702939337085679,
    "precision": 0.9659231722428748,
    "recall": 0.9749843652282677,
    "f1": 0.970432617491441,
    "auc": 0.9919143101086083,
    "loss": 0.2003378490634901,
    "threshold": 0.5,
    "loss_total": 0.20026135774329304,
    "loss_spatial_aux": 0.15097086351364852,
    "loss_spectral_aux": 0.13480673868209123
  }
}