{
  "best_checkpoint": "/home/user/SC/Deepfake-Fusion/outputs/fusion/vit_spai_openfake/by_generator/imagen-4.0/best.pth",
  "best_epoch": 5,
  "best_monitor": "val_auc",
  "best_score": 0.9918140624999999,
  "val_metrics": {
    "accuracy": 0.955,
    "precision": 0.9364508393285371,
    "recall": 0.97625,
    "f1": 0.95593635250918,
    "auc": 0.9918140624999999,
    "loss": 0.15862919718027116
  },
  "test_metrics": {
    "accuracy": 0.9615384615384616,
    "precision": 0.9456521739130435,
    "recall": 0.9793621013133208,
    "f1": 0.9622119815668203,
    "auc": 0.9933025683265925,
    "loss": 0.1344702111008467
  }
}