{
  "best_checkpoint": "/home/user/SC/Deepfake-Fusion/outputs/fusion/vit_spai_openfake/by_generator/imagen-4.0/best.pth",
  "best_epoch": 5,
  "best_monitor": "val_auc",
  "best_score": 0.99494609375,
  "val_metrics": {
    "accuracy": 0.964375,
    "precision": 0.9449101796407186,
    "recall": 0.98625,
    "f1": 0.9651376146788991,
    "auc": 0.99494609375,
    "loss": 0.1279756933450699
  },
  "test_metrics": {
    "accuracy": 0.9568480300187617,
    "precision": 0.9376872378669863,
    "recall": 0.9787367104440275,
    "f1": 0.9577723378212974,
    "auc": 0.9923707398424829,
    "loss": 0.15719974287939936
  }
}