{
  "dataset_name": "openfake_by_generator_imagen-4.0",
  "dataset_class": "OpenFakeDataset",
  "fit_split": "val",
  "evaluated_csv": "/home/user/SC/Deepfake-Fusion/data/splits/openfake/by_generator/imagen-4.0/val.csv",
  "split_csv_override_used": false,
  "generator_name": null,
  "checkpoint": "/home/user/SC/Deepfake-Fusion/outputs/fusion/vit_spai_openfake/by_generator/imagen-4.0/best.pth",
  "threshold_for_reporting": 0.5,
  "temperature_init": 1.0,
  "temperature": 1.8658140897750854,
  "nll_before": 0.12797603011131287,
  "nll_after": 0.09972438216209412,
  "metrics_before": {
    "accuracy": 0.964375,
    "precision": 0.9449101796407186,
    "recall": 0.98625,
    "f1": 0.9651376146788991,
    "auc": 0.99494609375,
    "loss": 0.1279756933450699
  },
  "metrics_after": {
    "accuracy": 0.964375,
    "precision": 0.9449101796407186,
    "recall": 0.98625,
    "f1": 0.9651376146788991,
    "auc": 0.99494609375,
    "loss": 0.09972438216209412
  },
  "dataset_size": 1600,
  "class_counts": {
    "0": 800,
    "1": 800
  },
  "best_score_in_checkpoint": 0.99494609375,
  "best_epoch_in_checkpoint": 5,
  "saved_epoch": 5
}