{
  "dataset_name": "openfake_by_generator_flux-mvc5000",
  "dataset_class": "OpenFakeDataset",
  "split": "test",
  "checkpoint": "/home/user/SC/Deepfake-Fusion/outputs/spatial/vit_openfake/by_generator/flux-mvc5000/best.pth",
  "metrics": {
    "accuracy": 0.9909318323952471,
    "precision": 0.990625,
    "recall": 0.9912445278298937,
    "f1": 0.9909346670834636,
    "auc": 0.999637046449841,
    "loss": 0.03183204551029943
  },
  "dataset_size": 3198,
  "class_counts": {
    "0": 1599,
    "1": 1599
  },
  "best_score_in_checkpoint": 0.9996156249999999,
  "best_epoch_in_checkpoint": 10,
  "saved_epoch": 10
}