{
  "best_checkpoint": "/home/user/SC/Deepfake-Fusion/outputs/spatial/vit_openfake/by_generator/flux-mvc5000/best.pth",
  "best_epoch": 5,
  "best_monitor": "val_auc",
  "best_score": 0.99882109375,
  "val_metrics": {
    "accuracy": 0.97625,
    "precision": 0.990979381443299,
    "recall": 0.96125,
    "f1": 0.9758883248730964,
    "auc": 0.99882109375,
    "loss": 0.05828131571412087,
    "threshold": 0.5,
    "loss_total": 0.05828131571412087
  },
  "test_metrics": {
    "accuracy": 0.9803001876172608,
    "precision": 0.9910485933503836,
    "recall": 0.9693558474046279,
    "f1": 0.9800822004426177,
    "auc": 0.9988250943268562,
    "loss": 0.052102483543401364,
    "threshold": 0.5,
    "loss_total": 0.052116034030914304
  }
}