{
  "best_checkpoint": "/home/user/SC/Deepfake-Fusion/outputs/spatial/vit_openfake/by_generator/flux-mvc5000/best.pth",
  "best_epoch": 10,
  "best_monitor": "val_auc",
  "best_score": 0.9996156249999999,
  "val_metrics": {
    "accuracy": 0.989375,
    "precision": 0.987546699875467,
    "recall": 0.99125,
    "f1": 0.9893948845913911,
    "auc": 0.9996156249999999,
    "loss": 0.030756361335515976
  },
  "test_metrics": {
    "accuracy": 0.9909318323952471,
    "precision": 0.990625,
    "recall": 0.9912445278298937,
    "f1": 0.9909346670834636,
    "auc": 0.999637046449841,
    "loss": 0.03183204551029943
  }
}