{
  "dataset_name": "openfake_by_generator_flux-mvc5000",
  "dataset_class": "OpenFakeDataset",
  "fit_split": "val",
  "evaluated_csv": "/home/user/SC/Deepfake-Fusion/data/splits/openfake/by_generator/flux-mvc5000/val.csv",
  "split_csv_override_used": false,
  "generator_name": null,
  "checkpoint": "/home/user/SC/Deepfake-Fusion/outputs/spatial/vit_openfake/by_generator/flux-mvc5000/best.pth",
  "threshold_for_reporting": 0.5,
  "temperature_init": 1.0,
  "temperature": 1.7636222839355469,
  "nll_before": 0.030756590887904167,
  "nll_after": 0.024973521009087563,
  "metrics_before": {
    "accuracy": 0.989375,
    "precision": 0.987546699875467,
    "recall": 0.99125,
    "f1": 0.9893948845913911,
    "auc": 0.9996156249999999,
    "loss": 0.030756361335515976
  },
  "metrics_after": {
    "accuracy": 0.989375,
    "precision": 0.987546699875467,
    "recall": 0.99125,
    "f1": 0.9893948845913911,
    "auc": 0.9996171875,
    "loss": 0.024973521009087563
  },
  "dataset_size": 1600,
  "class_counts": {
    "0": 800,
    "1": 800
  },
  "best_score_in_checkpoint": 0.9996156249999999,
  "best_epoch_in_checkpoint": 10,
  "saved_epoch": 10
}