{
  "dataset_name": "openfake_by_generator_sdxl-epic-realism",
  "dataset_class": "OpenFakeDataset",
  "split": "test",
  "checkpoint": "/home/user/SC/Deepfake-Fusion/outputs/frequency/spai_openfake/by_generator/sdxl-epic-realism/best.pth",
  "metrics": {
    "accuracy": 0.991869918699187,
    "precision": 0.990642545227698,
    "recall": 0.9931207004377736,
    "f1": 0.9918800749531543,
    "auc": 0.9994616319377222,
    "loss": 0.028732127104048936,
    "threshold": 0.5,
    "loss_total": 0.02871417135120282
  },
  "dataset_size": 3198,
  "class_counts": {
    "0": 1599,
    "1": 1599
  },
  "best_score_in_checkpoint": 0.999559375,
  "best_epoch_in_checkpoint": 8,
  "saved_epoch": 8
}