{
  "best_checkpoint": "/home/user/SC/Deepfake-Fusion/outputs/frequency/spai_openfake/by_generator/sdxl-epic-realism/best.pth",
  "best_epoch": 8,
  "best_monitor": "val_auc",
  "best_score": 0.999559375,
  "val_metrics": {
    "accuracy": 0.98875,
    "precision": 0.9839108910891089,
    "recall": 0.99375,
    "f1": 0.9888059701492538,
    "auc": 0.999559375,
    "loss": 0.04832439541816711,
    "threshold": 0.5,
    "loss_total": 0.04832439541816711
  },
  "test_metrics": {
    "accuracy": 0.991869918699187,
    "precision": 0.990642545227698,
    "recall": 0.9931207004377736,
    "f1": 0.9918800749531543,
    "auc": 0.9994616319377222,
    "loss": 0.028732127104048936,
    "threshold": 0.5,
    "loss_total": 0.02871417135120282
  }
}