{
  "dataset_name": "openfake_logo_sdxl-epic-realism",
  "dataset_class": "OpenFakeDataset",
  "fit_split": "val",
  "evaluated_csv": "/home/user/SC/Deepfake-Fusion/data/splits/openfake/logo/sdxl-epic-realism/val.csv",
  "split_csv_override_used": false,
  "generator_name": null,
  "checkpoint": "/home/user/SC/Deepfake-Fusion/outputs/spatial/vit_openfake/logo/sdxl-epic-realism/best.pth",
  "threshold_for_reporting": 0.5,
  "temperature_init": 1.0,
  "temperature": 2.765214443206787,
  "nll_before": 0.17401883006095886,
  "nll_after": 0.09973019361495972,
  "metrics_before": {
    "accuracy": 0.9609090909090909,
    "precision": 0.9651376146788991,
    "recall": 0.9563636363636364,
    "f1": 0.960730593607306,
    "auc": 0.992901743285124,
    "loss": 0.1740265466272831
  },
  "metrics_after": {
    "accuracy": 0.9608522727272727,
    "precision": 0.9650269464510951,
    "recall": 0.9563636363636364,
    "f1": 0.9606757605159523,
    "auc": 0.9941216683884297,
    "loss": 0.09973019361495972
  },
  "dataset_size": 17600,
  "class_counts": {
    "0": 8800,
    "1": 8800
  },
  "best_score_in_checkpoint": 0.992901743285124,
  "best_epoch_in_checkpoint": 10,
  "saved_epoch": 10
}