{
  "dataset_name": "openfake_by_generator_flux-mvc5000",
  "dataset_class": "OpenFakeDataset",
  "split": "test",
  "checkpoint": "/home/user/SC/Deepfake-Fusion/outputs/fusion/resnet_spai_openfake/by_generator/flux-mvc5000/best.pth",
  "metrics": {
    "accuracy": 0.9881175734834271,
    "precision": 0.9924290220820189,
    "recall": 0.983739837398374,
    "f1": 0.9880653266331658,
    "auc": 0.9992252036822576,
    "loss": 0.03740855174056436
  },
  "dataset_size": 3198,
  "class_counts": {
    "0": 1599,
    "1": 1599
  },
  "best_score_in_checkpoint": 0.9990320312500001,
  "best_epoch_in_checkpoint": 14,
  "saved_epoch": 14
}