{
  "dataset_name": "openfake_by_generator_flux-mvc5000",
  "dataset_class": "OpenFakeDataset",
  "split": "test",
  "checkpoint": "C:/Deepfake-Fusion/outputs/fusion/resnet_spai_openfake/by_generator/flux-mvc5000/best.pth",
  "metrics": {
    "accuracy": 0.9831144465290806,
    "precision": 0.9867674858223062,
    "recall": 0.9793621013133208,
    "f1": 0.9830508474576272,
    "auc": 0.9992197280899061,
    "loss": 0.043672719729215076
  },
  "dataset_size": 3198,
  "class_counts": {
    "0": 1599,
    "1": 1599
  },
  "best_score_in_checkpoint": 0.99837109375,
  "best_epoch_in_checkpoint": 10,
  "saved_epoch": 10
}