{
  "best_checkpoint": "/home/user/SC/Deepfake-Fusion/outputs/fusion/resnet_spai_openfake/by_generator/flux-mvc5000/best.pth",
  "best_epoch": 14,
  "best_monitor": "val_auc",
  "best_score": 0.9990320312500001,
  "val_metrics": {
    "accuracy": 0.983125,
    "precision": 0.983729662077597,
    "recall": 0.9825,
    "f1": 0.9831144465290806,
    "auc": 0.9990320312500001,
    "loss": 0.05439875304698944
  },
  "test_metrics": {
    "accuracy": 0.9881175734834271,
    "precision": 0.9924290220820189,
    "recall": 0.983739837398374,
    "f1": 0.9880653266331658,
    "auc": 0.9992252036822576,
    "loss": 0.03740855174056436
  }
}