{
  "best_checkpoint": "C:/Deepfake-Fusion/outputs/fusion/resnet_spai_openfake/by_generator/flux-mvc5000/best.pth",
  "best_epoch": 10,
  "best_monitor": "val_auc",
  "best_score": 0.99837109375,
  "val_metrics": {
    "accuracy": 0.981875,
    "precision": 0.9824780976220275,
    "recall": 0.98125,
    "f1": 0.981863664790494,
    "auc": 0.99837109375,
    "loss": 0.06551310397684575
  },
  "test_metrics": {
    "accuracy": 0.9831144465290806,
    "precision": 0.9867674858223062,
    "recall": 0.9793621013133208,
    "f1": 0.9830508474576272,
    "auc": 0.9992197280899061,
    "loss": 0.043672719729215076
  }
}