{
  "dataset_name": "openfake_by_generator_flux-mvc5000",
  "dataset_class": "OpenFakeDataset",
  "fit_split": "val",
  "evaluated_csv": "/home/user/SC/Deepfake-Fusion/data/splits/openfake/by_generator/flux-mvc5000/val.csv",
  "split_csv_override_used": false,
  "generator_name": null,
  "checkpoint": "/home/user/SC/Deepfake-Fusion/outputs/fusion/resnet_spai_openfake/by_generator/flux-mvc5000/best.pth",
  "threshold_for_reporting": 0.5,
  "temperature_init": 1.0,
  "temperature": 1.8823779821395874,
  "nll_before": 0.054394062608480453,
  "nll_after": 0.0416824147105217,
  "metrics_before": {
    "accuracy": 0.983125,
    "precision": 0.983729662077597,
    "recall": 0.9825,
    "f1": 0.9831144465290806,
    "auc": 0.9990320312500001,
    "loss": 0.05439875304698944
  },
  "metrics_after": {
    "accuracy": 0.983125,
    "precision": 0.983729662077597,
    "recall": 0.9825,
    "f1": 0.9831144465290806,
    "auc": 0.999040625,
    "loss": 0.0416824147105217
  },
  "dataset_size": 1600,
  "class_counts": {
    "0": 800,
    "1": 800
  },
  "best_score_in_checkpoint": 0.9990320312500001,
  "best_epoch_in_checkpoint": 14,
  "saved_epoch": 14
}