{
  "dataset_name": "openfake_group_holdout_split_a",
  "dataset_class": "OpenFakeDataset",
  "split": "test",
  "checkpoint": "/home/user/SC/Deepfake-Fusion/outputs/spatial/vit_openfake/group_holdout/split_a/best.pth",
  "metrics": {
    "accuracy": 0.8578321037055563,
    "precision": 0.9506075637088943,
    "recall": 0.7548872493851861,
    "f1": 0.8415171051867341,
    "auc": 0.9537228479058066,
    "loss": 0.8148081331698565,
    "threshold": 0.5,
    "loss_total": 0.814657726208369
  },
  "dataset_size": 95964,
  "class_counts": {
    "0": 47982,
    "1": 47982
  },
  "best_score_in_checkpoint": 0.9930968098958333,
  "best_epoch_in_checkpoint": 9,
  "saved_epoch": 9
}