{
  "best_checkpoint": "/home/user/SC/Deepfake-Fusion/outputs/spatial/vit_openfake/group_holdout/split_a/best.pth",
  "best_epoch": 9,
  "best_monitor": "val_auc",
  "best_score": 0.9930968098958333,
  "val_metrics": {
    "accuracy": 0.9623958333333333,
    "precision": 0.9575345289631004,
    "recall": 0.9677083333333333,
    "f1": 0.9625945497875867,
    "auc": 0.9930968098958333,
    "loss": 0.15481829090664784,
    "threshold": 0.5,
    "loss_total": 0.15481829090664784
  },
  "test_metrics": {
    "accuracy": 0.8578321037055563,
    "precision": 0.9506075637088943,
    "recall": 0.7548872493851861,
    "f1": 0.8415171051867341,
    "auc": 0.9537228479058066,
    "loss": 0.8148081331698565,
    "threshold": 0.5,
    "loss_total": 0.814657726208369
  }
}