{
  "dataset_name": "openfake_group_holdout_split_a",
  "dataset_class": "OpenFakeDataset",
  "fit_split": "val",
  "evaluated_csv": "/home/user/SC/Deepfake-Fusion/data/splits/openfake/group_holdout/split_a/val.csv",
  "split_csv_override_used": false,
  "generator_name": null,
  "checkpoint": "/home/user/SC/Deepfake-Fusion/outputs/spatial/vit_openfake/group_holdout/split_a/best.pth",
  "threshold_for_reporting": 0.5,
  "temperature_init": 1.0,
  "temperature": 2.561399221420288,
  "nll_before": 0.15481147170066833,
  "nll_after": 0.09477576613426208,
  "metrics_before": {
    "accuracy": 0.9623958333333333,
    "precision": 0.9575345289631004,
    "recall": 0.9677083333333333,
    "f1": 0.9625945497875867,
    "auc": 0.9930968098958333,
    "loss": 0.15481829090664784
  },
  "metrics_after": {
    "accuracy": 0.9623958333333333,
    "precision": 0.9575345289631004,
    "recall": 0.9677083333333333,
    "f1": 0.9625945497875867,
    "auc": 0.9946231336805555,
    "loss": 0.09477576613426208
  },
  "dataset_size": 9600,
  "class_counts": {
    "0": 4800,
    "1": 4800
  },
  "best_score_in_checkpoint": 0.9930968098958333,
  "best_epoch_in_checkpoint": 9,
  "saved_epoch": 9
}