{
  "dataset_name": "openfake_by_generator_grok-2-image-1212",
  "dataset_class": "OpenFakeDataset",
  "split": "test",
  "checkpoint": "/home/user/SC/Deepfake-Fusion/outputs/spatial/vit_openfake/by_generator/grok-2-image-1212/best.pth",
  "metrics": {
    "accuracy": 0.9959349593495935,
    "precision": 0.9943890274314214,
    "recall": 0.9974984365228268,
    "f1": 0.9959413050265377,
    "auc": 0.9998195010092691,
    "loss": 0.014984858528081419,
    "threshold": 0.5,
    "loss_total": 0.014975501304907084
  },
  "dataset_size": 3198,
  "class_counts": {
    "0": 1599,
    "1": 1599
  },
  "best_score_in_checkpoint": 0.9998484375,
  "best_epoch_in_checkpoint": 8,
  "saved_epoch": 8
}