{
  "best_checkpoint": "/home/user/SC/Deepfake-Fusion/outputs/spatial/vit_openfake/by_generator/grok-2-image-1212/best.pth",
  "best_epoch": 7,
  "best_monitor": "val_auc",
  "best_score": 0.9999484375000001,
  "val_metrics": {
    "accuracy": 0.995625,
    "precision": 0.9925465838509316,
    "recall": 0.99875,
    "f1": 0.9956386292834891,
    "auc": 0.9999484375000001,
    "loss": 0.01308382660150528
  },
  "test_metrics": {
    "accuracy": 0.9959349593495935,
    "precision": 0.9943890274314214,
    "recall": 0.9974984365228268,
    "f1": 0.9959413050265377,
    "auc": 0.999796816412384,
    "loss": 0.01351548143294907
  }
}