{
  "dataset_name": "openfake_by_generator_grok-2-image-1212",
  "dataset_class": "OpenFakeDataset",
  "fit_split": "val",
  "evaluated_csv": "/home/user/SC/Deepfake-Fusion/data/splits/openfake/by_generator/grok-2-image-1212/val.csv",
  "split_csv_override_used": false,
  "generator_name": null,
  "checkpoint": "/home/user/SC/Deepfake-Fusion/outputs/spatial/vit_openfake/by_generator/grok-2-image-1212/best.pth",
  "threshold_for_reporting": 0.5,
  "temperature_init": 1.0,
  "temperature": 1.7645670175552368,
  "nll_before": 0.022478966042399406,
  "nll_after": 0.018047722056508064,
  "metrics_before": {
    "accuracy": 0.993125,
    "precision": 0.9900621118012423,
    "recall": 0.99625,
    "f1": 0.9931464174454828,
    "auc": 0.9998484375,
    "loss": 0.022478039562702178
  },
  "metrics_after": {
    "accuracy": 0.993125,
    "precision": 0.9900621118012423,
    "recall": 0.99625,
    "f1": 0.9931464174454828,
    "auc": 0.9998453125,
    "loss": 0.018047722056508064
  },
  "dataset_size": 1600,
  "class_counts": {
    "0": 800,
    "1": 800
  },
  "best_score_in_checkpoint": 0.9998484375,
  "best_epoch_in_checkpoint": 8,
  "saved_epoch": 8
}