{
  "dataset_name": "openfake_by_generator_hidream-i1-full",
  "dataset_class": "OpenFakeDataset",
  "split": "test",
  "checkpoint": "/home/user/SC/Deepfake-Fusion/outputs/spatial/vit_openfake/by_generator/hidream-i1-full/best.pth",
  "metrics": {
    "accuracy": 0.9787367104440275,
    "precision": 0.972239358420728,
    "recall": 0.9856160100062539,
    "f1": 0.9788819875776398,
    "auc": 0.9984140337867515,
    "loss": 0.06515153916873005,
    "threshold": 0.5,
    "loss_total": 0.06512038366869093
  },
  "dataset_size": 3198,
  "class_counts": {
    "0": 1599,
    "1": 1599
  },
  "best_score_in_checkpoint": 0.9981421875,
  "best_epoch_in_checkpoint": 9,
  "saved_epoch": 9
}