{
  "best_checkpoint": "/home/user/SC/Deepfake-Fusion/outputs/spatial/vit_openfake/by_generator/hidream-i1-full/best.pth",
  "best_epoch": 9,
  "best_monitor": "val_auc",
  "best_score": 0.9981421875,
  "val_metrics": {
    "accuracy": 0.97875,
    "precision": 0.9751861042183623,
    "recall": 0.9825,
    "f1": 0.9788293897882939,
    "auc": 0.9981421875,
    "loss": 0.06769758217036724,
    "threshold": 0.5,
    "loss_total": 0.06769758217036724
  },
  "test_metrics": {
    "accuracy": 0.9787367104440275,
    "precision": 0.972239358420728,
    "recall": 0.9856160100062539,
    "f1": 0.9788819875776398,
    "auc": 0.9984140337867515,
    "loss": 0.06515153916873005,
    "threshold": 0.5,
    "loss_total": 0.06512038366869093
  }
}