{
  "best_checkpoint": "/home/user/SC/Deepfake-Fusion/outputs/spatial/vit_openfake/group_holdout/split_a/best.pth",
  "best_epoch": 8,
  "best_monitor": "val_auc",
  "best_score": 0.994670529513889,
  "val_metrics": {
    "accuracy": 0.9685416666666666,
    "precision": 0.968736973739058,
    "recall": 0.9683333333333334,
    "f1": 0.9685351114815587,
    "auc": 0.994670529513889,
    "loss": 0.12575725559145212
  },
  "test_metrics": {
    "accuracy": 0.8594889750323038,
    "precision": 0.9627622471427805,
    "recall": 0.7479054645492059,
    "f1": 0.8418410434456226,
    "auc": 0.9594413820960304,
    "loss": 0.8066301445451982
  }
}