{
  "dataset_name": "openfake_group_holdout_split_a",
  "dataset_class": "OpenFakeDataset",
  "fit_split": "val",
  "evaluated_csv": "/home/user/SC/Deepfake-Fusion/data/splits/openfake/group_holdout/split_a/val.csv",
  "split_csv_override_used": false,
  "generator_name": null,
  "checkpoint": "/home/user/SC/Deepfake-Fusion/outputs/spatial/vit_openfake/group_holdout/split_a/best.pth",
  "threshold_for_reporting": 0.5,
  "temperature_init": 1.0,
  "temperature": 2.303311586380005,
  "nll_before": 0.12575572729110718,
  "nll_after": 0.08397050946950912,
  "metrics_before": {
    "accuracy": 0.9685416666666666,
    "precision": 0.968736973739058,
    "recall": 0.9683333333333334,
    "f1": 0.9685351114815587,
    "auc": 0.994670529513889,
    "loss": 0.12575725559145212
  },
  "metrics_after": {
    "accuracy": 0.9686458333333333,
    "precision": 0.9687434882267139,
    "recall": 0.9685416666666666,
    "f1": 0.9686425669340556,
    "auc": 0.9953442925347222,
    "loss": 0.08397050946950912
  },
  "dataset_size": 9600,
  "class_counts": {
    "0": 4800,
    "1": 4800
  },
  "best_score_in_checkpoint": 0.994670529513889,
  "best_epoch_in_checkpoint": 8,
  "saved_epoch": 8
}