{
  "dataset_name": "openfake_group_holdout_split_c",
  "dataset_class": "OpenFakeDataset",
  "split": "test",
  "checkpoint": "/home/user/SC/Deepfake-Fusion/outputs/fusion/vit_spai_openfake/group_holdout/split_c/best.pth",
  "metrics": {
    "accuracy": 0.8406589971239214,
    "precision": 0.9479323668849854,
    "recall": 0.7209161768996707,
    "f1": 0.8189835805523659,
    "auc": 0.9502360058340344,
    "loss": 0.7520550221451962,
    "threshold": 0.5,
    "loss_total": 0.7519490636785825,
    "loss_spatial_aux": 0.48394443702697754,
    "loss_spectral_aux": 0.5208815786341826
  },
  "dataset_size": 95964,
  "class_counts": {
    "0": 47982,
    "1": 47982
  },
  "best_score_in_checkpoint": 0.9901266927083333,
  "best_epoch_in_checkpoint": 4,
  "saved_epoch": 4
}