{
  "best_checkpoint": "/home/user/SC/Deepfake-Fusion/outputs/fusion/vit_spai_openfake/logo/sdxl-epic-realism/best.pth",
  "best_epoch": 5,
  "best_monitor": "val_auc",
  "best_score": 0.9901489540289256,
  "val_metrics": {
    "accuracy": 0.9488636363636364,
    "precision": 0.9659117716442557,
    "recall": 0.9305681818181818,
    "f1": 0.9479106378053015,
    "auc": 0.9901489540289256,
    "loss": 0.22182027259333567,
    "threshold": 0.5,
    "loss_total": 0.22182027259333567,
    "loss_spatial_aux": 0.17660938597538253,
    "loss_spectral_aux": 0.1791356428780339
  },
  "test_metrics": {
    "accuracy": 0.8838125,
    "precision": 0.9627731725697061,
    "recall": 0.7985,
    "f1": 0.8729757430816536,
    "auc": 0.973413765625,
    "loss": 0.49004443631321193,
    "threshold": 0.5,
    "loss_total": 0.49004443631321193,
    "loss_spatial_aux": 0.32528317865729334,
    "loss_spectral_aux": 0.3686740478873253
  }
}