{
  "dataset_name": "openfake_logo_flux-mvc5000",
  "dataset_class": "OpenFakeDataset",
  "split": "test",
  "checkpoint": "/home/user/SC/Deepfake-Fusion/outputs/fusion/vit_spai_openfake/logo/flux-mvc5000/best.pth",
  "metrics": {
    "accuracy": 0.8806875,
    "precision": 0.9542132736763609,
    "recall": 0.79975,
    "f1": 0.8701802108126487,
    "auc": 0.9664485859375,
    "loss": 1.1346666941093282,
    "threshold": 0.5,
    "loss_total": 1.1346666941093282,
    "loss_spatial_aux": 0.8452082499414683,
    "loss_spectral_aux": 0.610661276884377
  },
  "dataset_size": 16000,
  "class_counts": {
    "0": 8000,
    "1": 8000
  },
  "best_score_in_checkpoint": 0.9902836905991734,
  "best_epoch_in_checkpoint": 15,
  "saved_epoch": 15
}