{
  "dataset_name": "openfake_logo_grok-2-image-1212",
  "dataset_class": "OpenFakeDataset",
  "fit_split": "val",
  "evaluated_csv": "/home/user/SC/Deepfake-Fusion/data/splits/openfake/logo/grok-2-image-1212/val.csv",
  "split_csv_override_used": false,
  "generator_name": null,
  "checkpoint": "/home/user/SC/Deepfake-Fusion/outputs/spatial/vit_openfake/logo/grok-2-image-1212/best.pth",
  "threshold_for_reporting": 0.5,
  "temperature_init": 1.0,
  "temperature": 2.3948521614074707,
  "nll_before": 0.15443329513072968,
  "nll_after": 0.10190577059984207,
  "metrics_before": {
    "accuracy": 0.9603409090909091,
    "precision": 0.981459472308058,
    "recall": 0.9384090909090909,
    "f1": 0.9594516091553387,
    "auc": 0.9946835356404958,
    "loss": 0.1544393749670549
  },
  "metrics_after": {
    "accuracy": 0.9603409090909091,
    "precision": 0.981459472308058,
    "recall": 0.9384090909090909,
    "f1": 0.9594516091553387,
    "auc": 0.9949891916322314,
    "loss": 0.10190577059984207
  },
  "dataset_size": 17600,
  "class_counts": {
    "0": 8800,
    "1": 8800
  },
  "best_score_in_checkpoint": 0.9946835356404958,
  "best_epoch_in_checkpoint": 8,
  "saved_epoch": 8
}