{
  "dataset_name": "openfake_group_holdout_split_c",
  "dataset_class": "OpenFakeDataset",
  "split": "test",
  "checkpoint": "/home/user/SC/Deepfake-Fusion/outputs/fusion/resnet_spai_openfake/group_holdout/split_c/best.pth",
  "metrics": {
    "accuracy": 0.8556229419365595,
    "precision": 0.9585113529490796,
    "recall": 0.7434246175649202,
    "f1": 0.8373769029425919,
    "auc": 0.9614329894537705,
    "loss": 0.9070859188052843
  },
  "dataset_size": 95964,
  "class_counts": {
    "0": 47982,
    "1": 47982
  },
  "best_score_in_checkpoint": 0.9932800564236112,
  "best_epoch_in_checkpoint": 14,
  "saved_epoch": 14
}