{
  "dataset_name": "openfake_logo_hidream-i1-full",
  "dataset_class": "OpenFakeDataset",
  "fit_split": "val",
  "evaluated_csv": "/home/user/SC/Deepfake-Fusion/data/splits/openfake/logo/hidream-i1-full/val.csv",
  "split_csv_override_used": false,
  "generator_name": null,
  "checkpoint": "/home/user/SC/Deepfake-Fusion/outputs/fusion/vit_spai_openfake/logo/hidream-i1-full/best.pth",
  "threshold_for_reporting": 0.5,
  "temperature_init": 1.0,
  "temperature": 3.4220635890960693,
  "nll_before": 0.23857413232326508,
  "nll_after": 0.10784070193767548,
  "metrics_before": {
    "accuracy": 0.9584659090909091,
    "precision": 0.9702762559738898,
    "recall": 0.9459090909090909,
    "f1": 0.9579377409517233,
    "auc": 0.9909478822314048,
    "loss": 0.23859432907944375
  },
  "metrics_after": {
    "accuracy": 0.9584659090909091,
    "precision": 0.9702762559738898,
    "recall": 0.9459090909090909,
    "f1": 0.9579377409517233,
    "auc": 0.9936634232954544,
    "loss": 0.10784070193767548
  },
  "dataset_size": 17600,
  "class_counts": {
    "0": 8800,
    "1": 8800
  },
  "best_score_in_checkpoint": 0.9909478822314048,
  "best_epoch_in_checkpoint": 13,
  "saved_epoch": 13
}