{
  "dataset_name": "openfake_logo_flux-mvc5000",
  "dataset_class": "OpenFakeDataset",
  "split": "test",
  "checkpoint": "/home/user/SC/Deepfake-Fusion/outputs/spatial/vit_openfake/logo/flux-mvc5000/best.pth",
  "metrics": {
    "accuracy": 0.8559375,
    "precision": 0.9575767314799936,
    "recall": 0.744875,
    "f1": 0.837938550235534,
    "auc": 0.9648762656250001,
    "loss": 0.849642101727426
  },
  "dataset_size": 16000,
  "class_counts": {
    "0": 8000,
    "1": 8000
  },
  "best_score_in_checkpoint": 0.9940420583677687,
  "best_epoch_in_checkpoint": 10,
  "saved_epoch": 10
}