{
  "best_checkpoint": "/home/user/SC/Deepfake-Fusion/outputs/spatial/vit_openfake/logo/flux-mvc5000/best.pth",
  "best_epoch": 10,
  "best_monitor": "val_auc",
  "best_score": 0.9940420583677687,
  "val_metrics": {
    "accuracy": 0.9705113636363636,
    "precision": 0.9678002485594848,
    "recall": 0.9734090909090909,
    "f1": 0.9705965667667554,
    "auc": 0.9940420583677687,
    "loss": 0.1443301786075939
  },
  "test_metrics": {
    "accuracy": 0.8559375,
    "precision": 0.9575767314799936,
    "recall": 0.744875,
    "f1": 0.837938550235534,
    "auc": 0.9648762656250001,
    "loss": 0.849642101727426
  }
}