{
  "best_checkpoint": "/home/user/SC/Deepfake-Fusion/outputs/spatial/vit_openfake/logo/flux-mvc5000/best.pth",
  "best_epoch": 8,
  "best_monitor": "val_auc",
  "best_score": 0.9922898050103306,
  "val_metrics": {
    "accuracy": 0.9577272727272728,
    "precision": 0.9724372507623739,
    "recall": 0.9421590909090909,
    "f1": 0.9570587556273809,
    "auc": 0.9922898050103306,
    "loss": 0.17537386649711564,
    "threshold": 0.5,
    "loss_total": 0.17537386649711564
  },
  "test_metrics": {
    "accuracy": 0.84925,
    "precision": 0.9659773182121414,
    "recall": 0.724,
    "f1": 0.8276650471563304,
    "auc": 0.9634260703124999,
    "loss": 0.7540937441736459,
    "threshold": 0.5,
    "loss_total": 0.7540937441736459
  }
}