{
  "best_checkpoint": "/home/user/SC/Deepfake-Fusion/outputs/frequency/spai_openfake/logo/flux.1-dev/best.pth",
  "best_epoch": 10,
  "best_monitor": "val_auc",
  "best_score": 0.9939545777376033,
  "val_metrics": {
    "accuracy": 0.9664204545454546,
    "precision": 0.9658381568493928,
    "recall": 0.9670454545454545,
    "f1": 0.9664414286525467,
    "auc": 0.9939545777376033,
    "loss": 0.15327730688859115,
    "threshold": 0.5,
    "loss_total": 0.15327730688859115
  },
  "test_metrics": {
    "accuracy": 0.9415,
    "precision": 0.9603753910323254,
    "recall": 0.921,
    "f1": 0.9402756508422665,
    "auc": 0.9848124062499999,
    "loss": 0.3282891552001238,
    "threshold": 0.5,
    "loss_total": 0.3282891552001238
  }
}