{
  "dataset_name": "openfake_logo_grok-2-image-1212",
  "dataset_class": "OpenFakeDataset",
  "split": "test",
  "checkpoint": "/home/user/SC/Deepfake-Fusion/outputs/fusion/resnet_spai_openfake/logo/grok-2-image-1212/best.pth",
  "metrics": {
    "accuracy": 0.8331875,
    "precision": 0.9566558163440123,
    "recall": 0.698,
    "f1": 0.8071113680711137,
    "auc": 0.9533196171875,
    "loss": 1.4520648870393633,
    "threshold": 0.5,
    "loss_total": 1.4520648870393633,
    "loss_spatial_aux": 0.6023913513869047,
    "loss_spectral_aux": 1.2045005985721946
  },
  "dataset_size": 16000,
  "class_counts": {
    "0": 8000,
    "1": 8000
  },
  "best_score_in_checkpoint": 0.9912500000000001,
  "best_epoch_in_checkpoint": 14,
  "saved_epoch": 14
}