{
  "dataset_name": "openfake_logo_grok-2-image-1212",
  "dataset_class": "OpenFakeDataset",
  "split": "test",
  "checkpoint": "/home/user/SC/Deepfake-Fusion/outputs/fusion/resnet_spai_openfake/logo/grok-2-image-1212/best.pth",
  "metrics": {
    "accuracy": 0.74625,
    "precision": 0.962875939849624,
    "recall": 0.51225,
    "f1": 0.668733681462141,
    "auc": 0.9363675859374999,
    "loss": 1.9320280887037515,
    "threshold": 0.5,
    "loss_total": 1.9320280887037515,
    "loss_spatial_aux": 0.669456569775939,
    "loss_spectral_aux": 1.4796885502934456
  },
  "dataset_size": 16000,
  "class_counts": {
    "0": 8000,
    "1": 8000
  },
  "best_score_in_checkpoint": 0.9944818892045455,
  "best_epoch_in_checkpoint": 9,
  "saved_epoch": 9
}