{
  "best_checkpoint": "/home/user/SC/Deepfake-Fusion/outputs/fusion/resnet_spai_openfake/logo/grok-2-image-1212/best.pth",
  "best_epoch": 14,
  "best_monitor": "val_auc",
  "best_score": 0.992507076446281,
  "val_metrics": {
    "accuracy": 0.9655113636363636,
    "precision": 0.9640874589328198,
    "recall": 0.9670454545454545,
    "f1": 0.9655641912974414,
    "auc": 0.992507076446281,
    "loss": 0.1747628146003593
  },
  "test_metrics": {
    "accuracy": 0.7708125,
    "precision": 0.9482722946410097,
    "recall": 0.572875,
    "f1": 0.7142523182420323,
    "auc": 0.936490265625,
    "loss": 1.6633877214863897
  }
}