{
  "dataset_name": "openfake_logo_grok-2-image-1212",
  "dataset_class": "OpenFakeDataset",
  "fit_split": "val",
  "evaluated_csv": "/home/user/SC/Deepfake-Fusion/data/splits/openfake/logo/grok-2-image-1212/val.csv",
  "split_csv_override_used": false,
  "generator_name": null,
  "checkpoint": "/home/user/SC/Deepfake-Fusion/outputs/fusion/resnet_spai_openfake/logo/grok-2-image-1212/best.pth",
  "threshold_for_reporting": 0.5,
  "temperature_init": 1.0,
  "temperature": 2.3474395275115967,
  "nll_before": 0.14334025979042053,
  "nll_after": 0.09332052618265152,
  "metrics_before": {
    "accuracy": 0.9651136363636363,
    "precision": 0.9747158431918348,
    "recall": 0.955,
    "f1": 0.9647572035357593,
    "auc": 0.9944818892045455,
    "loss": 0.143347475792874
  },
  "metrics_after": {
    "accuracy": 0.9651136363636363,
    "precision": 0.9747158431918348,
    "recall": 0.955,
    "f1": 0.9647572035357593,
    "auc": 0.9948765560433885,
    "loss": 0.09332052618265152
  },
  "dataset_size": 17600,
  "class_counts": {
    "0": 8800,
    "1": 8800
  },
  "best_score_in_checkpoint": 0.9944818892045455,
  "best_epoch_in_checkpoint": 9,
  "saved_epoch": 9
}