{
  "dataset_name": "openfake_logo_grok-2-image-1212",
  "dataset_class": "OpenFakeDataset",
  "fit_split": "val",
  "evaluated_csv": "/home/user/SC/Deepfake-Fusion/data/splits/openfake/logo/grok-2-image-1212/val.csv",
  "split_csv_override_used": false,
  "generator_name": null,
  "checkpoint": "/home/user/SC/Deepfake-Fusion/outputs/fusion/resnet_spai_openfake/logo/grok-2-image-1212/best.pth",
  "threshold_for_reporting": 0.5,
  "temperature_init": 1.0,
  "temperature": 3.061220169067383,
  "nll_before": 0.1747518628835678,
  "nll_after": 0.09082614630460739,
  "metrics_before": {
    "accuracy": 0.9655113636363636,
    "precision": 0.9640874589328198,
    "recall": 0.9670454545454545,
    "f1": 0.9655641912974414,
    "auc": 0.992507076446281,
    "loss": 0.1747628146003593
  },
  "metrics_after": {
    "accuracy": 0.9655113636363636,
    "precision": 0.9640874589328198,
    "recall": 0.9670454545454545,
    "f1": 0.9655641912974414,
    "auc": 0.9949173553719007,
    "loss": 0.09082614630460739
  },
  "dataset_size": 17600,
  "class_counts": {
    "0": 8800,
    "1": 8800
  },
  "best_score_in_checkpoint": 0.992507076446281,
  "best_epoch_in_checkpoint": 14,
  "saved_epoch": 14
}