{
  "dataset_name": "openfake_logo_sd-3.5",
  "dataset_class": "OpenFakeDataset",
  "split": "test",
  "checkpoint": "/home/user/SC/Deepfake-Fusion/outputs/frequency/spai_openfake/logo/sd-3.5/best.pth",
  "metrics": {
    "accuracy": 0.781625,
    "precision": 0.9658808933002482,
    "recall": 0.583875,
    "f1": 0.7277968214397008,
    "auc": 0.9506569296874999,
    "loss": 1.023061684548855,
    "threshold": 0.5,
    "loss_total": 1.023061684548855
  },
  "dataset_size": 16000,
  "class_counts": {
    "0": 8000,
    "1": 8000
  },
  "best_score_in_checkpoint": 0.9934961002066116,
  "best_epoch_in_checkpoint": 7,
  "saved_epoch": 7
}