{
  "best_checkpoint": "C:/Deepfake-Fusion/outputs/frequency/spai_openfake/logo/sd-3.5/best.pth",
  "best_epoch": 10,
  "best_monitor": "val_auc",
  "best_score": 0.9952072895144628,
  "val_metrics": {
    "accuracy": 0.9736363636363636,
    "precision": 0.9751481988144095,
    "recall": 0.9720454545454545,
    "f1": 0.9735943546551332,
    "auc": 0.9952072895144628,
    "loss": 0.1337750648639419
  },
  "test_metrics": {
    "accuracy": 0.84825,
    "precision": 0.9643333333333334,
    "recall": 0.72325,
    "f1": 0.8265714285714286,
    "auc": 0.965902734375,
    "loss": 0.9808026272505522
  }
}