{
  "dataset_name": "openfake_logo_sd-3.5",
  "dataset_class": "OpenFakeDataset",
  "fit_split": "val",
  "evaluated_csv": "/home/user/SC/Deepfake-Fusion/data/splits/openfake/logo/sd-3.5/val.csv",
  "split_csv_override_used": false,
  "generator_name": null,
  "checkpoint": "/home/user/SC/Deepfake-Fusion/outputs/frequency/spai_openfake/logo/sd-3.5/best.pth",
  "threshold_for_reporting": 0.5,
  "temperature_init": 1.0,
  "temperature": 2.2814624309539795,
  "nll_before": 0.15486210584640503,
  "nll_after": 0.10857998579740524,
  "metrics_before": {
    "accuracy": 0.9558522727272727,
    "precision": 0.9758035820187404,
    "recall": 0.9348863636363637,
    "f1": 0.9549068539260634,
    "auc": 0.9934961002066116,
    "loss": 0.15486506604335526
  },
  "metrics_after": {
    "accuracy": 0.9558522727272727,
    "precision": 0.9758035820187404,
    "recall": 0.9348863636363637,
    "f1": 0.9549068539260634,
    "auc": 0.9936537964876032,
    "loss": 0.10857998579740524
  },
  "dataset_size": 17600,
  "class_counts": {
    "0": 8800,
    "1": 8800
  },
  "best_score_in_checkpoint": 0.9934961002066116,
  "best_epoch_in_checkpoint": 7,
  "saved_epoch": 7
}