{
  "best_checkpoint": "C:/Deepfake-Fusion/outputs/frequency/spai_openfake/by_generator/sdxl-epic-realism/best.pth",
  "best_epoch": 6,
  "best_monitor": "val_auc",
  "best_score": 0.9997859375,
  "val_metrics": {
    "accuracy": 0.991875,
    "precision": 0.9937264742785445,
    "recall": 0.99,
    "f1": 0.9918597370068879,
    "auc": 0.9997859375,
    "loss": 0.02975957319140434
  },
  "test_metrics": {
    "accuracy": 0.9937460913070669,
    "precision": 0.9993674889310563,
    "recall": 0.9881175734834271,
    "f1": 0.9937106918238994,
    "auc": 0.999867999112954,
    "loss": 0.0263878234183404
  }
}