{
  "dataset_name": "openfake_logo_gpt-image-1",
  "dataset_class": "OpenFakeDataset",
  "split": "test",
  "checkpoint": "/home/user/SC/Deepfake-Fusion/outputs/frequency/spai_openfake/logo/gpt-image-1/best.pth",
  "metrics": {
    "accuracy": 0.9633125,
    "precision": 0.9620994888417903,
    "recall": 0.964625,
    "f1": 0.96336058922664,
    "auc": 0.9928303437499999,
    "loss": 0.16613583832234144,
    "threshold": 0.5,
    "loss_total": 0.16613583832234144
  },
  "dataset_size": 16000,
  "class_counts": {
    "0": 8000,
    "1": 8000
  },
  "best_score_in_checkpoint": 0.9932623837809917,
  "best_epoch_in_checkpoint": 9,
  "saved_epoch": 9
}