{
  "best_checkpoint": "C:/Deepfake-Fusion/outputs/frequency/spai_openfake/logo/gpt-image-1/best.pth",
  "best_epoch": 8,
  "best_monitor": "val_auc",
  "best_score": 0.9948337228822315,
  "val_metrics": {
    "accuracy": 0.9673295454545454,
    "precision": 0.9627545853493867,
    "recall": 0.9722727272727273,
    "f1": 0.9674902470741222,
    "auc": 0.9948337228822315,
    "loss": 0.12850988820872525
  },
  "test_metrics": {
    "accuracy": 0.9640625,
    "precision": 0.964585158303091,
    "recall": 0.9635,
    "f1": 0.9640422737790006,
    "auc": 0.9937043671875,
    "loss": 0.14113958256691694
  }
}