{
  "best_checkpoint": "/home/user/SC/Deepfake-Fusion/outputs/frequency/spai_openfake/logo/gpt-image-1/best.pth",
  "best_epoch": 9,
  "best_monitor": "val_auc",
  "best_score": 0.9932623837809917,
  "val_metrics": {
    "accuracy": 0.965,
    "precision": 0.962059620596206,
    "recall": 0.9681818181818181,
    "f1": 0.9651110104213865,
    "auc": 0.9932623837809917,
    "loss": 0.15867222741923548,
    "threshold": 0.5,
    "loss_total": 0.15867222741923548
  },
  "test_metrics": {
    "accuracy": 0.9633125,
    "precision": 0.9620994888417903,
    "recall": 0.964625,
    "f1": 0.96336058922664,
    "auc": 0.9928303437499999,
    "loss": 0.16613583832234144,
    "threshold": 0.5,
    "loss_total": 0.16613583832234144
  }
}