{
  "dataset_name": "openfake_logo_gpt-image-1",
  "dataset_class": "OpenFakeDataset",
  "fit_split": "val",
  "evaluated_csv": "/home/user/SC/Deepfake-Fusion/data/splits/openfake/logo/gpt-image-1/val.csv",
  "split_csv_override_used": false,
  "generator_name": null,
  "checkpoint": "/home/user/SC/Deepfake-Fusion/outputs/frequency/spai_openfake/logo/gpt-image-1/best.pth",
  "threshold_for_reporting": 0.5,
  "temperature_init": 1.0,
  "temperature": 2.4122583866119385,
  "nll_before": 0.12849994003772736,
  "nll_after": 0.08512017130851746,
  "metrics_before": {
    "accuracy": 0.9673863636363637,
    "precision": 0.962862930452397,
    "recall": 0.9722727272727273,
    "f1": 0.9675449508085492,
    "auc": 0.994833322572314,
    "loss": 0.12850693341683259
  },
  "metrics_after": {
    "accuracy": 0.9673295454545454,
    "precision": 0.9627545853493867,
    "recall": 0.9722727272727273,
    "f1": 0.9674902470741222,
    "auc": 0.9955832515495867,
    "loss": 0.08512017130851746
  },
  "dataset_size": 17600,
  "class_counts": {
    "0": 8800,
    "1": 8800
  },
  "best_score_in_checkpoint": 0.9948337228822315,
  "best_epoch_in_checkpoint": 8,
  "saved_epoch": 8
}