{
  "dataset_name": "openfake_logo_gpt-image-1",
  "dataset_class": "OpenFakeDataset",
  "fit_split": "val",
  "evaluated_csv": "/home/user/SC/Deepfake-Fusion/data/splits/openfake/logo/gpt-image-1/val.csv",
  "split_csv_override_used": false,
  "generator_name": null,
  "checkpoint": "/home/user/SC/Deepfake-Fusion/outputs/frequency/spai_openfake/logo/gpt-image-1/best.pth",
  "threshold_for_reporting": 0.5,
  "temperature_init": 1.0,
  "temperature": 2.8177285194396973,
  "nll_before": 0.15866409242153168,
  "nll_after": 0.09169875085353851,
  "metrics_before": {
    "accuracy": 0.965,
    "precision": 0.962059620596206,
    "recall": 0.9681818181818181,
    "f1": 0.9651110104213865,
    "auc": 0.9932623837809917,
    "loss": 0.15867222741923548
  },
  "metrics_after": {
    "accuracy": 0.965,
    "precision": 0.962059620596206,
    "recall": 0.9681818181818181,
    "f1": 0.9651110104213865,
    "auc": 0.9948935433884297,
    "loss": 0.09169875085353851
  },
  "dataset_size": 17600,
  "class_counts": {
    "0": 8800,
    "1": 8800
  },
  "best_score_in_checkpoint": 0.9932623837809917,
  "best_epoch_in_checkpoint": 9,
  "saved_epoch": 9
}