{
  "best_checkpoint": "/home/user/SC/Deepfake-Fusion/outputs/spatial/vit_openfake/merged/merged/best.pth",
  "best_epoch": 10,
  "best_monitor": "val_auc",
  "best_score": 0.993710191427574,
  "val_metrics": {
    "accuracy": 0.9664027502864881,
    "precision": 0.9670352597538077,
    "recall": 0.9657255964162934,
    "f1": 0.9663799843627834,
    "auc": 0.993710191427574,
    "loss": 0.14477951250910598,
    "threshold": 0.5,
    "loss_total": 0.1447859761553506
  },
  "test_metrics": {
    "accuracy": 0.9659860402125221,
    "precision": 0.962756052141527,
    "recall": 0.9694759870819877,
    "f1": 0.9661043342849728,
    "auc": 0.9934923685436595,
    "loss": 0.14678086831751236,
    "threshold": 0.5,
    "loss_total": 0.14678029698630174
  }
}