{
  "dataset_name": "openfake_merged_merged",
  "dataset_class": "OpenFakeDataset",
  "fit_split": "val",
  "evaluated_csv": "/home/user/SC/Deepfake-Fusion/data/splits/openfake/merged/val.csv",
  "split_csv_override_used": false,
  "generator_name": null,
  "checkpoint": "/home/user/SC/Deepfake-Fusion/outputs/spatial/vit_openfake/merged/merged/best.pth",
  "threshold_for_reporting": 0.5,
  "temperature_init": 1.0,
  "temperature": 2.560161590576172,
  "nll_before": 0.1447727382183075,
  "nll_after": 0.08990593999624252,
  "metrics_before": {
    "accuracy": 0.9664027502864881,
    "precision": 0.9670352597538077,
    "recall": 0.9657255964162934,
    "f1": 0.9663799843627834,
    "auc": 0.993710191427574,
    "loss": 0.14477951250910598
  },
  "metrics_after": {
    "accuracy": 0.9664027502864881,
    "precision": 0.9670352597538077,
    "recall": 0.9657255964162934,
    "f1": 0.9663799843627834,
    "auc": 0.9949103763489098,
    "loss": 0.08990593999624252
  },
  "dataset_size": 19198,
  "class_counts": {
    "0": 9599,
    "1": 9599
  },
  "best_score_in_checkpoint": 0.993710191427574,
  "best_epoch_in_checkpoint": 10,
  "saved_epoch": 10
}