{
  "dataset_name": "openfake_logo_midjourney-6",
  "dataset_class": "OpenFakeDataset",
  "split": "test",
  "checkpoint": "/home/user/SC/Deepfake-Fusion/outputs/frequency/spai_openfake/logo/midjourney-6/best.pth",
  "metrics": {
    "accuracy": 0.8136875,
    "precision": 0.9504577275175013,
    "recall": 0.661875,
    "f1": 0.7803404318031095,
    "auc": 0.9451162812499999,
    "loss": 1.148260737642646,
    "threshold": 0.5,
    "loss_total": 1.148260737642646
  },
  "dataset_size": 16000,
  "class_counts": {
    "0": 8000,
    "1": 8000
  },
  "best_score_in_checkpoint": 0.9938700477789256,
  "best_epoch_in_checkpoint": 10,
  "saved_epoch": 10
}