{
  "best_checkpoint": "/home/user/SC/Deepfake-Fusion/outputs/frequency/spai_openfake/logo/midjourney-6/best.pth",
  "best_epoch": 10,
  "best_monitor": "val_auc",
  "best_score": 0.9938700477789256,
  "val_metrics": {
    "accuracy": 0.9659659090909091,
    "precision": 0.9662308129619102,
    "recall": 0.9656818181818182,
    "f1": 0.9659562375674907,
    "auc": 0.9938700477789256,
    "loss": 0.14900105524469506,
    "threshold": 0.5,
    "loss_total": 0.14900105524469506
  },
  "test_metrics": {
    "accuracy": 0.8136875,
    "precision": 0.9504577275175013,
    "recall": 0.661875,
    "f1": 0.7803404318031095,
    "auc": 0.9451162812499999,
    "loss": 1.148260737642646,
    "threshold": 0.5,
    "loss_total": 1.148260737642646
  }
}