{
  "best_checkpoint": "C:/Deepfake-Fusion/outputs/frequency/spai_openfake/logo/midjourney-6/best.pth",
  "best_epoch": 9,
  "best_monitor": "val_auc",
  "best_score": 0.994552524535124,
  "val_metrics": {
    "accuracy": 0.9693181818181819,
    "precision": 0.9753683241252302,
    "recall": 0.9629545454545455,
    "f1": 0.9691216834400732,
    "auc": 0.994552524535124,
    "loss": 0.15420298413119532
  },
  "test_metrics": {
    "accuracy": 0.792125,
    "precision": 0.9587750294464076,
    "recall": 0.6105,
    "f1": 0.7459905300137467,
    "auc": 0.9426955312499999,
    "loss": 1.4998465115129949
  }
}