{
  "dataset_name": "openfake_logo_midjourney-6",
  "dataset_class": "OpenFakeDataset",
  "fit_split": "val",
  "evaluated_csv": "/home/user/SC/Deepfake-Fusion/data/splits/openfake/logo/midjourney-6/val.csv",
  "split_csv_override_used": false,
  "generator_name": null,
  "checkpoint": "/home/user/SC/Deepfake-Fusion/outputs/frequency/spai_openfake/logo/midjourney-6/best.pth",
  "threshold_for_reporting": 0.5,
  "temperature_init": 1.0,
  "temperature": 3.058196783065796,
  "nll_before": 0.15418612957000732,
  "nll_after": 0.08091842383146286,
  "metrics_before": {
    "accuracy": 0.969375,
    "precision": 0.9754806032001841,
    "recall": 0.9629545454545455,
    "f1": 0.9691771029907932,
    "auc": 0.9945526278409091,
    "loss": 0.15419503579085522
  },
  "metrics_after": {
    "accuracy": 0.969375,
    "precision": 0.9754806032001841,
    "recall": 0.9629545454545455,
    "f1": 0.9691771029907932,
    "auc": 0.9960309077995868,
    "loss": 0.08091842383146286
  },
  "dataset_size": 17600,
  "class_counts": {
    "0": 8800,
    "1": 8800
  },
  "best_score_in_checkpoint": 0.994552524535124,
  "best_epoch_in_checkpoint": 9,
  "saved_epoch": 9
}