{
  "best_checkpoint": "/home/user/SC/Deepfake-Fusion/outputs/fusion/vit_spai_openfake/by_generator/flux-1.1-pro/best.pth",
  "best_epoch": 13,
  "best_monitor": "val_auc",
  "best_score": 0.98581015625,
  "val_metrics": {
    "accuracy": 0.941875,
    "precision": 0.9457755359394704,
    "recall": 0.9375,
    "f1": 0.9416195856873822,
    "auc": 0.98581015625,
    "loss": 0.38377349875867367,
    "threshold": 0.5,
    "loss_total": 0.38377349875867367,
    "loss_spatial_aux": 0.24180630169808864,
    "loss_spectral_aux": 0.2944405218958855
  },
  "test_metrics": {
    "accuracy": 0.9455909943714822,
    "precision": 0.9417234965902046,
    "recall": 0.9499687304565353,
    "f1": 0.9458281444582815,
    "auc": 0.9863671439427628,
    "loss": 0.34094195648459363,
    "threshold": 0.5,
    "loss_total": 0.34106186509132386,
    "loss_spatial_aux": 0.2098518969491124,
    "loss_spectral_aux": 0.2554083239659667
  }
}