{
  "dataset_name": "openfake_by_generator_flux-1.1-pro",
  "dataset_class": "OpenFakeDataset",
  "fit_split": "val",
  "evaluated_csv": "/home/user/SC/Deepfake-Fusion/data/splits/openfake/by_generator/flux-1.1-pro/val.csv",
  "split_csv_override_used": false,
  "generator_name": null,
  "checkpoint": "/home/user/SC/Deepfake-Fusion/outputs/fusion/vit_spai_openfake/by_generator/flux-1.1-pro/best.pth",
  "threshold_for_reporting": 0.5,
  "temperature_init": 1.0,
  "temperature": 2.9048144817352295,
  "nll_before": 0.27651047706604004,
  "nll_after": 0.147170290350914,
  "metrics_before": {
    "accuracy": 0.941875,
    "precision": 0.9457755359394704,
    "recall": 0.9375,
    "f1": 0.9416195856873822,
    "auc": 0.98581015625,
    "loss": 0.2765241312980652
  },
  "metrics_after": {
    "accuracy": 0.941875,
    "precision": 0.9457755359394704,
    "recall": 0.9375,
    "f1": 0.9416195856873822,
    "auc": 0.9878843749999999,
    "loss": 0.147170290350914
  },
  "dataset_size": 1600,
  "class_counts": {
    "0": 800,
    "1": 800
  },
  "best_score_in_checkpoint": 0.98581015625,
  "best_epoch_in_checkpoint": 13,
  "saved_epoch": 13
}