{
  "best_checkpoint": "/home/user/SC/Deepfake-Fusion/outputs/fusion/resnet_spai_openfake/group_holdout/split_a/best.pth",
  "best_epoch": 12,
  "best_monitor": "val_auc",
  "best_score": 0.991989453125,
  "val_metrics": {
    "accuracy": 0.959375,
    "precision": 0.9677556215528214,
    "recall": 0.9504166666666667,
    "f1": 0.9590077780113517,
    "auc": 0.991989453125,
    "loss": 0.28370112385600804,
    "threshold": 0.5,
    "loss_total": 0.28370112385600804,
    "loss_spatial_aux": 0.25355378453930216,
    "loss_spectral_aux": 0.20469750426709651
  },
  "test_metrics": {
    "accuracy": 0.847015547496978,
    "precision": 0.957042079547638,
    "recall": 0.7266474928098037,
    "f1": 0.8260812907964413,
    "auc": 0.9514784498621285,
    "loss": 1.3535590751140008,
    "threshold": 0.5,
    "loss_total": 1.3532635518511136,
    "loss_spatial_aux": 0.8237699956695239,
    "loss_spectral_aux": 0.8742324425031741
  }
}