{
  "dataset_name": "openfake_group_holdout_split_c",
  "dataset_class": "OpenFakeDataset",
  "fit_split": "val",
  "evaluated_csv": "/home/user/SC/Deepfake-Fusion/data/splits/openfake/group_holdout/split_c/val.csv",
  "split_csv_override_used": false,
  "generator_name": null,
  "checkpoint": "/home/user/SC/Deepfake-Fusion/outputs/spatial/vit_openfake/group_holdout/split_c/best.pth",
  "threshold_for_reporting": 0.5,
  "temperature_init": 1.0,
  "temperature": 2.5524957180023193,
  "nll_before": 0.16242089867591858,
  "nll_after": 0.10217955708503723,
  "metrics_before": {
    "accuracy": 0.9595833333333333,
    "precision": 0.9555968608013218,
    "recall": 0.9639583333333334,
    "f1": 0.9597593860194981,
    "auc": 0.9921241102430556,
    "loss": 0.16242698510487874
  },
  "metrics_after": {
    "accuracy": 0.9596875,
    "precision": 0.955606029320669,
    "recall": 0.9641666666666666,
    "f1": 0.9598672612257596,
    "auc": 0.9936411892361112,
    "loss": 0.10217955708503723
  },
  "dataset_size": 9600,
  "class_counts": {
    "0": 4800,
    "1": 4800
  },
  "best_score_in_checkpoint": 0.9921241102430556,
  "best_epoch_in_checkpoint": 9,
  "saved_epoch": 9
}