{
  "best_checkpoint": "/home/user/SC/Deepfake-Fusion/outputs/fusion/vit_spai_openfake/logo/flux.1-dev/best.pth",
  "best_epoch": 9,
  "best_monitor": "val_auc",
  "best_score": 0.993293343233471,
  "val_metrics": {
    "accuracy": 0.9482386363636364,
    "precision": 0.9852380366588757,
    "recall": 0.9101136363636364,
    "f1": 0.946187016362455,
    "auc": 0.993293343233471,
    "loss": 0.2084986795417287
  },
  "test_metrics": {
    "accuracy": 0.9089375,
    "precision": 0.9803259433269711,
    "recall": 0.834625,
    "f1": 0.9016271689960165,
    "auc": 0.9821458046875,
    "loss": 0.4470815965309739
  }
}