{
  "best_checkpoint": "/home/user/SC/Deepfake-Fusion/outputs/fusion/vit_spai_openfake/logo/flux.1-dev/best.pth",
  "best_epoch": 14,
  "best_monitor": "val_auc",
  "best_score": 0.9944579545454545,
  "val_metrics": {
    "accuracy": 0.9714204545454546,
    "precision": 0.9755817952539264,
    "recall": 0.9670454545454545,
    "f1": 0.9712948695999544,
    "auc": 0.9944579545454545,
    "loss": 0.15587726504287935
  },
  "test_metrics": {
    "accuracy": 0.9265625,
    "precision": 0.9692011549566891,
    "recall": 0.881125,
    "f1": 0.9230668499967263,
    "auc": 0.9792395546874999,
    "loss": 0.5415579073727131
  }
}