{
  "dataset_name": "openfake_logo_flux.1-dev",
  "dataset_class": "OpenFakeDataset",
  "fit_split": "val",
  "evaluated_csv": "/home/user/SC/Deepfake-Fusion/data/splits/openfake/logo/flux.1-dev/val.csv",
  "split_csv_override_used": false,
  "generator_name": null,
  "checkpoint": "/home/user/SC/Deepfake-Fusion/outputs/fusion/vit_spai_openfake/logo/flux.1-dev/best.pth",
  "threshold_for_reporting": 0.5,
  "temperature_init": 1.0,
  "temperature": 2.4455623626708984,
  "nll_before": 0.14787060022354126,
  "nll_after": 0.09388753026723862,
  "metrics_before": {
    "accuracy": 0.9640909090909091,
    "precision": 0.9707238358690641,
    "recall": 0.9570454545454545,
    "f1": 0.9638361181048295,
    "auc": 0.993734839876033,
    "loss": 0.14787856332957744
  },
  "metrics_after": {
    "accuracy": 0.9640909090909091,
    "precision": 0.9707238358690641,
    "recall": 0.9570454545454545,
    "f1": 0.9638361181048295,
    "auc": 0.9946766206095042,
    "loss": 0.09388753026723862
  },
  "dataset_size": 17600,
  "class_counts": {
    "0": 8800,
    "1": 8800
  },
  "best_score_in_checkpoint": 0.993734839876033,
  "best_epoch_in_checkpoint": 9,
  "saved_epoch": 9
}