{
  "dataset_name": "openfake_logo_flux.1-dev",
  "dataset_class": "OpenFakeDataset",
  "fit_split": "val",
  "evaluated_csv": "/home/user/SC/Deepfake-Fusion/data/splits/openfake/logo/flux.1-dev/val.csv",
  "split_csv_override_used": false,
  "generator_name": null,
  "checkpoint": "/home/user/SC/Deepfake-Fusion/outputs/fusion/vit_spai_openfake/logo/flux.1-dev/best.pth",
  "threshold_for_reporting": 0.5,
  "temperature_init": 1.0,
  "temperature": 2.5267632007598877,
  "nll_before": 0.20849087834358215,
  "nll_after": 0.13284847140312195,
  "metrics_before": {
    "accuracy": 0.9482386363636364,
    "precision": 0.9852380366588757,
    "recall": 0.9101136363636364,
    "f1": 0.946187016362455,
    "auc": 0.993293343233471,
    "loss": 0.2084986795417287
  },
  "metrics_after": {
    "accuracy": 0.9482386363636364,
    "precision": 0.9852380366588757,
    "recall": 0.9101136363636364,
    "f1": 0.946187016362455,
    "auc": 0.993378951446281,
    "loss": 0.13284847140312195
  },
  "dataset_size": 17600,
  "class_counts": {
    "0": 8800,
    "1": 8800
  },
  "best_score_in_checkpoint": 0.993293343233471,
  "best_epoch_in_checkpoint": 9,
  "saved_epoch": 9
}