{
  "dataset_name": "openfake_logo_flux-mvc5000",
  "dataset_class": "OpenFakeDataset",
  "split": "test",
  "checkpoint": "/home/user/SC/Deepfake-Fusion/outputs/spatial/resnet_openfake/logo/flux-mvc5000/best.pth",
  "metrics": {
    "accuracy": 0.858,
    "precision": 0.9189584552369807,
    "recall": 0.78525,
    "f1": 0.846858991641952,
    "auc": 0.9456405546875,
    "loss": 0.5576072256714105,
    "threshold": 0.5,
    "loss_total": 0.5576072256714105
  },
  "dataset_size": 16000,
  "class_counts": {
    "0": 8000,
    "1": 8000
  },
  "best_score_in_checkpoint": 0.9822400309917356,
  "best_epoch_in_checkpoint": 10,
  "saved_epoch": 10
}