{
  "best_checkpoint": "/home/user/SC/Deepfake-Fusion/outputs/spatial/resnet_openfake/logo/flux-mvc5000/best.pth",
  "best_epoch": 10,
  "best_monitor": "val_auc",
  "best_score": 0.9822400309917356,
  "val_metrics": {
    "accuracy": 0.9336363636363636,
    "precision": 0.9295362449347141,
    "recall": 0.9384090909090909,
    "f1": 0.9339515946618412,
    "auc": 0.9822400309917356,
    "loss": 0.23939779113639484,
    "threshold": 0.5,
    "loss_total": 0.23939779113639484
  },
  "test_metrics": {
    "accuracy": 0.858,
    "precision": 0.9189584552369807,
    "recall": 0.78525,
    "f1": 0.846858991641952,
    "auc": 0.9456405546875,
    "loss": 0.5576072256714105,
    "threshold": 0.5,
    "loss_total": 0.5576072256714105
  }
}