{
  "best_checkpoint": "/home/user/SC/Deepfake-Fusion/outputs/spatial/resnet_openfake/group_holdout/split_a/best.pth",
  "best_epoch": 10,
  "best_monitor": "val_auc",
  "best_score": 0.9911427951388889,
  "val_metrics": {
    "accuracy": 0.9521875,
    "precision": 0.9547454431175362,
    "recall": 0.949375,
    "f1": 0.9520526480727045,
    "auc": 0.9911427951388889,
    "loss": 0.15801360578586657
  },
  "test_metrics": {
    "accuracy": 0.8581759826601643,
    "precision": 0.9485332498173087,
    "recall": 0.7574507106831728,
    "f1": 0.8422906672228788,
    "auc": 0.9502679690380539,
    "loss": 0.6978243257576963
  }
}