{
  "dataset_name": "openfake_group_holdout_split_a",
  "dataset_class": "OpenFakeDataset",
  "fit_split": "val",
  "evaluated_csv": "/home/user/SC/Deepfake-Fusion/data/splits/openfake/group_holdout/split_a/val.csv",
  "split_csv_override_used": false,
  "generator_name": null,
  "checkpoint": "/home/user/SC/Deepfake-Fusion/outputs/spatial/resnet_openfake/group_holdout/split_a/best.pth",
  "threshold_for_reporting": 0.5,
  "temperature_init": 1.0,
  "temperature": 2.232433319091797,
  "nll_before": 0.2137773334980011,
  "nll_after": 0.15396808087825775,
  "metrics_before": {
    "accuracy": 0.9395833333333333,
    "precision": 0.934156378600823,
    "recall": 0.9458333333333333,
    "f1": 0.9399585921325052,
    "auc": 0.9846559244791667,
    "loss": 0.21377914030104875
  },
  "metrics_after": {
    "accuracy": 0.9395833333333333,
    "precision": 0.934156378600823,
    "recall": 0.9458333333333333,
    "f1": 0.9399585921325052,
    "auc": 0.9855666015625,
    "loss": 0.15396808087825775
  },
  "dataset_size": 9600,
  "class_counts": {
    "0": 4800,
    "1": 4800
  },
  "best_score_in_checkpoint": 0.9846559244791667,
  "best_epoch_in_checkpoint": 10,
  "saved_epoch": 10
}