{
  "dataset_name": "openfake_by_generator_gpt-image-1",
  "dataset_class": "OpenFakeDataset",
  "split": "test",
  "checkpoint": "/home/user/SC/Deepfake-Fusion/outputs/fusion/resnet_spai_openfake/by_generator/gpt-image-1/best.pth",
  "metrics": {
    "accuracy": 0.9699812382739212,
    "precision": 0.9789674952198852,
    "recall": 0.9606003752345216,
    "f1": 0.9696969696969697,
    "auc": 0.9964563139642075,
    "loss": 0.12195165296917486,
    "threshold": 0.5,
    "loss_total": 0.12193074643611908,
    "loss_spatial_aux": 0.11777532443404198,
    "loss_spectral_aux": 0.10221168994903565
  },
  "dataset_size": 3198,
  "class_counts": {
    "0": 1599,
    "1": 1599
  },
  "best_score_in_checkpoint": 0.99562578125,
  "best_epoch_in_checkpoint": 1,
  "saved_epoch": 1
}