{
  "best_checkpoint": "/home/user/SC/Deepfake-Fusion/outputs/fusion/resnet_spai_openfake/by_generator/gpt-image-1/best.pth",
  "best_epoch": 1,
  "best_monitor": "val_auc",
  "best_score": 0.99562578125,
  "val_metrics": {
    "accuracy": 0.97125,
    "precision": 0.9796437659033079,
    "recall": 0.9625,
    "f1": 0.9709962168978562,
    "auc": 0.99562578125,
    "loss": 0.12954058602452279,
    "threshold": 0.5,
    "loss_total": 0.12954058602452279,
    "loss_spatial_aux": 0.1275245487689972,
    "loss_spectral_aux": 0.10958640456199646
  },
  "test_metrics": {
    "accuracy": 0.9699812382739212,
    "precision": 0.9789674952198852,
    "recall": 0.9606003752345216,
    "f1": 0.9696969696969697,
    "auc": 0.9964563139642075,
    "loss": 0.12195165296917486,
    "threshold": 0.5,
    "loss_total": 0.12193074643611908,
    "loss_spatial_aux": 0.11777532443404198,
    "loss_spectral_aux": 0.10221168994903565
  }
}