{
  "dataset_name": "openfake_by_generator_dalle-3",
  "dataset_class": "OpenFakeDataset",
  "split": "test",
  "checkpoint": "/home/user/SC/Deepfake-Fusion/outputs/spatial/resnet_openfake/by_generator/dalle-3/best.pth",
  "metrics": {
    "accuracy": 0.9784240150093808,
    "precision": 0.9733910891089109,
    "recall": 0.983739837398374,
    "f1": 0.9785381026438569,
    "auc": 0.9970869848689828,
    "loss": 0.07246264288804172,
    "threshold": 0.5,
    "loss_total": 0.072458815574646
  },
  "dataset_size": 3198,
  "class_counts": {
    "0": 1599,
    "1": 1599
  },
  "best_score_in_checkpoint": 0.9956234374999999,
  "best_epoch_in_checkpoint": 7,
  "saved_epoch": 7
}