{
  "dataset_name": "openfake_by_generator_dalle-3",
  "dataset_class": "OpenFakeDataset",
  "fit_split": "val",
  "evaluated_csv": "/home/user/SC/Deepfake-Fusion/data/splits/openfake/by_generator/dalle-3/val.csv",
  "split_csv_override_used": false,
  "generator_name": null,
  "checkpoint": "/home/user/SC/Deepfake-Fusion/outputs/spatial/resnet_openfake/by_generator/dalle-3/best.pth",
  "threshold_for_reporting": 0.5,
  "temperature_init": 1.0,
  "temperature": 1.6845452785491943,
  "nll_before": 0.08868762105703354,
  "nll_after": 0.07473994046449661,
  "metrics_before": {
    "accuracy": 0.97625,
    "precision": 0.9738805970149254,
    "recall": 0.97875,
    "f1": 0.9763092269326683,
    "auc": 0.9956234374999999,
    "loss": 0.088689197152853
  },
  "metrics_after": {
    "accuracy": 0.97625,
    "precision": 0.9738805970149254,
    "recall": 0.97875,
    "f1": 0.9763092269326683,
    "auc": 0.99563046875,
    "loss": 0.07473994046449661
  },
  "dataset_size": 1600,
  "class_counts": {
    "0": 800,
    "1": 800
  },
  "best_score_in_checkpoint": 0.9956234374999999,
  "best_epoch_in_checkpoint": 7,
  "saved_epoch": 7
}