{
  "best_checkpoint": "C:/Deepfake-Fusion/outputs/frequency/spai_openfake/by_generator/hidream-i1-full/best.pth",
  "best_epoch": 8,
  "best_monitor": "val_auc",
  "best_score": 0.9986695312499999,
  "val_metrics": {
    "accuracy": 0.981875,
    "precision": 0.9776951672862454,
    "recall": 0.98625,
    "f1": 0.9819539514623522,
    "auc": 0.9986695312499999,
    "loss": 0.07539812490344047
  },
  "test_metrics": {
    "accuracy": 0.9812382739212008,
    "precision": 0.978247358607831,
    "recall": 0.9843652282676673,
    "f1": 0.9812967581047382,
    "auc": 0.9976124461778606,
    "loss": 0.08035884406638935
  }
}