{
  "best_checkpoint": "/home/user/SC/Deepfake-Fusion/outputs/frequency/spai_openfake/by_generator/hidream-i1-full/best.pth",
  "best_epoch": 10,
  "best_monitor": "val_auc",
  "best_score": 0.9982890624999999,
  "val_metrics": {
    "accuracy": 0.9825,
    "precision": 0.9742014742014742,
    "recall": 0.99125,
    "f1": 0.9826517967781908,
    "auc": 0.9982890624999999,
    "loss": 0.06000091403722763,
    "threshold": 0.5,
    "loss_total": 0.06000091403722763
  },
  "test_metrics": {
    "accuracy": 0.9749843652282677,
    "precision": 0.9639584605986561,
    "recall": 0.9868667917448405,
    "f1": 0.9752781211372065,
    "auc": 0.9964729362981319,
    "loss": 0.09248448025669351,
    "threshold": 0.5,
    "loss_total": 0.09243060090579093
  }
}