{
  "dataset_name": "openfake_by_generator_hidream-i1-full",
  "dataset_class": "OpenFakeDataset",
  "fit_split": "val",
  "evaluated_csv": "/home/user/SC/Deepfake-Fusion/data/splits/openfake/by_generator/hidream-i1-full/val.csv",
  "split_csv_override_used": false,
  "generator_name": null,
  "checkpoint": "/home/user/SC/Deepfake-Fusion/outputs/frequency/spai_openfake/by_generator/hidream-i1-full/best.pth",
  "threshold_for_reporting": 0.5,
  "temperature_init": 1.0,
  "temperature": 1.7493298053741455,
  "nll_before": 0.06000329926609993,
  "nll_after": 0.049143001437187195,
  "metrics_before": {
    "accuracy": 0.9825,
    "precision": 0.9742014742014742,
    "recall": 0.99125,
    "f1": 0.9826517967781908,
    "auc": 0.9982890624999999,
    "loss": 0.06000091403722763
  },
  "metrics_after": {
    "accuracy": 0.9825,
    "precision": 0.9742014742014742,
    "recall": 0.99125,
    "f1": 0.9826517967781908,
    "auc": 0.9987828125,
    "loss": 0.049143001437187195
  },
  "dataset_size": 1600,
  "class_counts": {
    "0": 800,
    "1": 800
  },
  "best_score_in_checkpoint": 0.9982890624999999,
  "best_epoch_in_checkpoint": 10,
  "saved_epoch": 10
}