{
  "dataset_name": "openfake_logo_gpt-image-1",
  "dataset_class": "OpenFakeDataset",
  "fit_split": "val",
  "evaluated_csv": "/home/user/SC/Deepfake-Fusion/data/splits/openfake/logo/gpt-image-1/val.csv",
  "split_csv_override_used": false,
  "generator_name": null,
  "checkpoint": "/home/user/SC/Deepfake-Fusion/outputs/spatial/vit_openfake/logo/gpt-image-1/best.pth",
  "threshold_for_reporting": 0.5,
  "temperature_init": 1.0,
  "temperature": 2.8871681690216064,
  "nll_before": 0.13789236545562744,
  "nll_after": 0.07750508934259415,
  "metrics_before": {
    "accuracy": 0.9713636363636363,
    "precision": 0.9728682170542635,
    "recall": 0.9697727272727272,
    "f1": 0.9713180059185067,
    "auc": 0.9946185175619837,
    "loss": 0.13790041192011399
  },
  "metrics_after": {
    "accuracy": 0.9713636363636363,
    "precision": 0.9728682170542635,
    "recall": 0.9697727272727272,
    "f1": 0.9713180059185067,
    "auc": 0.996187454803719,
    "loss": 0.07750508934259415
  },
  "dataset_size": 17600,
  "class_counts": {
    "0": 8800,
    "1": 8800
  },
  "best_score_in_checkpoint": 0.9946185175619837,
  "best_epoch_in_checkpoint": 10,
  "saved_epoch": 10
}