{
  "dataset_name": "openfake_logo_gpt-image-1",
  "dataset_class": "OpenFakeDataset",
  "fit_split": "val",
  "evaluated_csv": "/home/user/SC/Deepfake-Fusion/data/splits/openfake/logo/gpt-image-1/val.csv",
  "split_csv_override_used": false,
  "generator_name": null,
  "checkpoint": "/home/user/SC/Deepfake-Fusion/outputs/spatial/vit_openfake/logo/gpt-image-1/best.pth",
  "threshold_for_reporting": 0.5,
  "temperature_init": 1.0,
  "temperature": 2.6538710594177246,
  "nll_before": 0.14857424795627594,
  "nll_after": 0.08961598575115204,
  "metrics_before": {
    "accuracy": 0.965625,
    "precision": 0.9616901408450704,
    "recall": 0.9698863636363636,
    "f1": 0.9657708628005658,
    "auc": 0.9938724948347109,
    "loss": 0.1485822551494295
  },
  "metrics_after": {
    "accuracy": 0.965625,
    "precision": 0.9616901408450704,
    "recall": 0.9698863636363636,
    "f1": 0.9657708628005658,
    "auc": 0.9951125322830578,
    "loss": 0.08961598575115204
  },
  "dataset_size": 17600,
  "class_counts": {
    "0": 8800,
    "1": 8800
  },
  "best_score_in_checkpoint": 0.9938724948347109,
  "best_epoch_in_checkpoint": 10,
  "saved_epoch": 10
}