{
  "best_checkpoint": "/home/user/SC/Deepfake-Fusion/outputs/fusion/vit_spai_openfake/logo/midjourney-6/best.pth",
  "best_epoch": 12,
  "best_monitor": "val_auc",
  "best_score": 0.9926864992252066,
  "val_metrics": {
    "accuracy": 0.9624431818181818,
    "precision": 0.9714980882864095,
    "recall": 0.9528409090909091,
    "f1": 0.9620790545579714,
    "auc": 0.9926864992252066,
    "loss": 0.26685763247565114,
    "threshold": 0.5,
    "loss_total": 0.26685763247565114,
    "loss_spatial_aux": 0.19742354335432702,
    "loss_spectral_aux": 0.1776061673462391
  },
  "test_metrics": {
    "accuracy": 0.7729375,
    "precision": 0.9490026732469669,
    "recall": 0.576875,
    "f1": 0.7175619995335458,
    "auc": 0.9323196875000002,
    "loss": 2.1283722221553325,
    "threshold": 0.5,
    "loss_total": 2.1283722221553325,
    "loss_spatial_aux": 1.3492222537919878,
    "loss_spectral_aux": 1.0831659012213348
  }
}