{
  "best_checkpoint": "/home/user/SC/Deepfake-Fusion/outputs/spatial/vit_openfake/logo/hidream-i1-full/best.pth",
  "best_epoch": 10,
  "best_monitor": "val_auc",
  "best_score": 0.9953885653409089,
  "val_metrics": {
    "accuracy": 0.9724431818181818,
    "precision": 0.9741133538601893,
    "recall": 0.9706818181818182,
    "f1": 0.9723945585975298,
    "auc": 0.9953885653409089,
    "loss": 0.12446096213026481
  },
  "test_metrics": {
    "accuracy": 0.95325,
    "precision": 0.9736154649947754,
    "recall": 0.93175,
    "f1": 0.9522227899846704,
    "auc": 0.990688953125,
    "loss": 0.23929723355174065
  }
}