{
  "best_checkpoint": "/home/user/SC/Deepfake-Fusion/outputs/spatial/vit_openfake/logo/hidream-i1-full/best.pth",
  "best_epoch": 10,
  "best_monitor": "val_auc",
  "best_score": 0.9931938339359503,
  "val_metrics": {
    "accuracy": 0.9635227272727273,
    "precision": 0.9616342236306021,
    "recall": 0.9655681818181818,
    "f1": 0.9635971875708778,
    "auc": 0.9931938339359503,
    "loss": 0.1531716747988354,
    "threshold": 0.5,
    "loss_total": 0.1531716747988354
  },
  "test_metrics": {
    "accuracy": 0.9370625,
    "precision": 0.9595216191352346,
    "recall": 0.912625,
    "f1": 0.9354859376001025,
    "auc": 0.984970140625,
    "loss": 0.30277915073186157,
    "threshold": 0.5,
    "loss_total": 0.30277915073186157
  }
}