{
  "dataset_name": "openfake_logo_hidream-i1-full",
  "dataset_class": "OpenFakeDataset",
  "fit_split": "val",
  "evaluated_csv": "/home/user/SC/Deepfake-Fusion/data/splits/openfake/logo/hidream-i1-full/val.csv",
  "split_csv_override_used": false,
  "generator_name": null,
  "checkpoint": "/home/user/SC/Deepfake-Fusion/outputs/spatial/vit_openfake/logo/hidream-i1-full/best.pth",
  "threshold_for_reporting": 0.5,
  "temperature_init": 1.0,
  "temperature": 2.6038241386413574,
  "nll_before": 0.12445401400327682,
  "nll_after": 0.07313590496778488,
  "metrics_before": {
    "accuracy": 0.9724431818181818,
    "precision": 0.9741133538601893,
    "recall": 0.9706818181818182,
    "f1": 0.9723945585975298,
    "auc": 0.9953885653409089,
    "loss": 0.12446096213026481
  },
  "metrics_after": {
    "accuracy": 0.9724431818181818,
    "precision": 0.9741133538601893,
    "recall": 0.9706818181818182,
    "f1": 0.9723945585975298,
    "auc": 0.9966431947314051,
    "loss": 0.07313590496778488
  },
  "dataset_size": 17600,
  "class_counts": {
    "0": 8800,
    "1": 8800
  },
  "best_score_in_checkpoint": 0.9953885653409089,
  "best_epoch_in_checkpoint": 10,
  "saved_epoch": 10
}