{
  "best_checkpoint": "/home/user/SC/Deepfake-Fusion/outputs/frequency/spai_openfake/by_generator/sd-3.5/best.pth",
  "best_epoch": 9,
  "best_monitor": "val_auc",
  "best_score": 0.9982296875,
  "val_metrics": {
    "accuracy": 0.97625,
    "precision": 0.9635036496350365,
    "recall": 0.99,
    "f1": 0.9765721331689272,
    "auc": 0.9982296875,
    "loss": 0.07059138901531696,
    "threshold": 0.5,
    "loss_total": 0.07059138901531696
  },
  "test_metrics": {
    "accuracy": 0.9853033145716072,
    "precision": 0.9796044499381953,
    "recall": 0.9912445278298937,
    "f1": 0.9853901150139882,
    "auc": 0.9984607718786093,
    "loss": 0.062161312317654774,
    "threshold": 0.5,
    "loss_total": 0.062122807885752994
  }
}