{
  "dataset_name": "openfake_merged_merged",
  "dataset_class": "OpenFakeDataset",
  "split": "test",
  "checkpoint": "/home/user/SC/Deepfake-Fusion/outputs/fusion/resnet_spai_openfake/merged/merged/best.pth",
  "metrics": {
    "accuracy": 0.9565840191686634,
    "precision": 0.9760495302232118,
    "recall": 0.9361391811647046,
    "f1": 0.9556778602004733,
    "auc": 0.9926252065575162,
    "loss": 0.26616609876047687,
    "threshold": 0.5,
    "loss_total": 0.26617159019767617,
    "loss_spatial_aux": 0.22365468074567615,
    "loss_spectral_aux": 0.19055783509276808
  },
  "dataset_size": 38396,
  "class_counts": {
    "0": 19198,
    "1": 19198
  },
  "best_score_in_checkpoint": 0.9926258563782184,
  "best_epoch_in_checkpoint": 10,
  "saved_epoch": 10
}