{
  "best_checkpoint": "/home/user/SC/Deepfake-Fusion/outputs/fusion/resnet_spai_openfake/merged/merged/best.pth",
  "best_epoch": 10,
  "best_monitor": "val_auc",
  "best_score": 0.9926258563782184,
  "val_metrics": {
    "accuracy": 0.9561933534743202,
    "precision": 0.9763925152306353,
    "recall": 0.9349932284612981,
    "f1": 0.9552445319567878,
    "auc": 0.9926258563782184,
    "loss": 0.2700469866464853,
    "threshold": 0.5,
    "loss_total": 0.2701126000999163,
    "loss_spatial_aux": 0.2267731229153772,
    "loss_spectral_aux": 0.1906973006017506
  },
  "test_metrics": {
    "accuracy": 0.9565840191686634,
    "precision": 0.9760495302232118,
    "recall": 0.9361391811647046,
    "f1": 0.9556778602004733,
    "auc": 0.9926252065575162,
    "loss": 0.26616609876047687,
    "threshold": 0.5,
    "loss_total": 0.26617159019767617,
    "loss_spatial_aux": 0.22365468074567615,
    "loss_spectral_aux": 0.19055783509276808
  }
}