{
  "dataset_name": "openfake_merged_merged",
  "dataset_class": "OpenFakeDataset",
  "fit_split": "val",
  "evaluated_csv": "/home/user/SC/Deepfake-Fusion/data/splits/openfake/merged/val.csv",
  "split_csv_override_used": false,
  "generator_name": null,
  "checkpoint": "/home/user/SC/Deepfake-Fusion/outputs/fusion/resnet_spai_openfake/merged/merged/best.pth",
  "threshold_for_reporting": 0.5,
  "temperature_init": 1.0,
  "temperature": 2.5404117107391357,
  "nll_before": 0.18655651807785034,
  "nll_after": 0.11461733281612396,
  "metrics_before": {
    "accuracy": 0.9561933534743202,
    "precision": 0.9763925152306353,
    "recall": 0.9349932284612981,
    "f1": 0.9552445319567878,
    "auc": 0.9926258563782184,
    "loss": 0.18656623210121112
  },
  "metrics_after": {
    "accuracy": 0.9561933534743202,
    "precision": 0.9763925152306353,
    "recall": 0.9349932284612981,
    "f1": 0.9552445319567878,
    "auc": 0.9931750104929085,
    "loss": 0.11461733281612396
  },
  "dataset_size": 19198,
  "class_counts": {
    "0": 9599,
    "1": 9599
  },
  "best_score_in_checkpoint": 0.9926258563782184,
  "best_epoch_in_checkpoint": 10,
  "saved_epoch": 10
}