{
  "best_checkpoint": "/home/user/SC/Deepfake-Fusion/outputs/spatial/resnet_openfake/group_holdout/split_b/best.pth",
  "best_epoch": 10,
  "best_monitor": "val_auc",
  "best_score": 0.9814443142361112,
  "val_metrics": {
    "accuracy": 0.9301041666666666,
    "precision": 0.9207254941919707,
    "recall": 0.94125,
    "f1": 0.9308746265581539,
    "auc": 0.9814443142361112,
    "loss": 0.2386953973894318,
    "threshold": 0.5,
    "loss_total": 0.2386953973894318
  },
  "test_metrics": {
    "accuracy": 0.8222979450627319,
    "precision": 0.9027947802984919,
    "recall": 0.7223750573131591,
    "f1": 0.8025701881331404,
    "auc": 0.9214461651149137,
    "loss": 0.7231931483421105,
    "threshold": 0.5,
    "loss_total": 0.7234732099076112
  }
}