{
  "dataset_name": "openfake_by_generator_hidream-i1-full",
  "dataset_class": "OpenFakeDataset",
  "split": "test",
  "checkpoint": "C:/Deepfake-Fusion/outputs/fusion/resnet_spai_openfake/by_generator/hidream-i1-full/best.pth",
  "metrics": {
    "accuracy": 0.9749843652282677,
    "precision": 0.9708617482951023,
    "recall": 0.9793621013133208,
    "f1": 0.975093399750934,
    "auc": 0.9969684774059459,
    "loss": 0.08861504230016913
  },
  "dataset_size": 3198,
  "class_counts": {
    "0": 1599,
    "1": 1599
  },
  "best_score_in_checkpoint": 0.9938234374999999,
  "best_epoch_in_checkpoint": 10,
  "saved_epoch": 10
}