{
  "dataset_name": "openfake_by_generator_hidream-i1-full",
  "dataset_class": "OpenFakeDataset",
  "split": "test",
  "checkpoint": "/home/user/SC/Deepfake-Fusion/outputs/fusion/resnet_spai_openfake/by_generator/hidream-i1-full/best.pth",
  "metrics": {
    "accuracy": 0.9712320200125079,
    "precision": 0.9648365206662554,
    "recall": 0.9781113195747342,
    "f1": 0.9714285714285714,
    "auc": 0.9951629008280269,
    "loss": 0.1865457723976076,
    "threshold": 0.5,
    "loss_total": 0.18649974601343275,
    "loss_spatial_aux": 0.21566265288740397,
    "loss_spectral_aux": 0.12019691031426191
  },
  "dataset_size": 3198,
  "class_counts": {
    "0": 1599,
    "1": 1599
  },
  "best_score_in_checkpoint": 0.99539296875,
  "best_epoch_in_checkpoint": 12,
  "saved_epoch": 12
}