{
  "best_checkpoint": "C:/Deepfake-Fusion/outputs/fusion/resnet_spai_openfake/by_generator/hidream-i1-full/best.pth",
  "best_epoch": 10,
  "best_monitor": "val_auc",
  "best_score": 0.9938234374999999,
  "val_metrics": {
    "accuracy": 0.966875,
    "precision": 0.9686323713927227,
    "recall": 0.965,
    "f1": 0.9668127739511584,
    "auc": 0.9938234374999999,
    "loss": 0.1240698129683733
  },
  "test_metrics": {
    "accuracy": 0.9749843652282677,
    "precision": 0.9708617482951023,
    "recall": 0.9793621013133208,
    "f1": 0.975093399750934,
    "auc": 0.9969684774059459,
    "loss": 0.08861504230016913
  }
}