{
  "best_checkpoint": "/home/user/SC/Deepfake-Fusion/outputs/fusion/resnet_spai_openfake/by_generator/hidream-i1-full/best.pth",
  "best_epoch": 12,
  "best_monitor": "val_auc",
  "best_score": 0.99539296875,
  "val_metrics": {
    "accuracy": 0.974375,
    "precision": 0.9737827715355806,
    "recall": 0.975,
    "f1": 0.9743910056214866,
    "auc": 0.99539296875,
    "loss": 0.17960325747728348,
    "threshold": 0.5,
    "loss_total": 0.17960325747728348,
    "loss_spatial_aux": 0.22384225755929946,
    "loss_spectral_aux": 0.11534353956580162
  },
  "test_metrics": {
    "accuracy": 0.9712320200125079,
    "precision": 0.9648365206662554,
    "recall": 0.9781113195747342,
    "f1": 0.9714285714285714,
    "auc": 0.9951629008280269,
    "loss": 0.1865457723976076,
    "threshold": 0.5,
    "loss_total": 0.18649974601343275,
    "loss_spatial_aux": 0.21566265288740397,
    "loss_spectral_aux": 0.12019691031426191
  }
}