{
  "dataset_name": "openfake_logo_ideogram-3.0",
  "dataset_class": "OpenFakeDataset",
  "split": "test",
  "checkpoint": "/home/user/SC/Deepfake-Fusion/outputs/fusion/resnet_spai_openfake/logo/ideogram-3.0/best.pth",
  "metrics": {
    "accuracy": 0.91675,
    "precision": 0.9588494357280485,
    "recall": 0.870875,
    "f1": 0.9127472815406786,
    "auc": 0.97979728125,
    "loss": 0.40600665226578714,
    "threshold": 0.5,
    "loss_total": 0.40600665226578714,
    "loss_spatial_aux": 0.3016662909984589,
    "loss_spectral_aux": 0.3113140541538596
  },
  "dataset_size": 16000,
  "class_counts": {
    "0": 8000,
    "1": 8000
  },
  "best_score_in_checkpoint": 0.9920577156508265,
  "best_epoch_in_checkpoint": 7,
  "saved_epoch": 7
}