{
  "best_checkpoint": "/home/user/SC/Deepfake-Fusion/outputs/fusion/resnet_spai_openfake/logo/ideogram-3.0/best.pth",
  "best_epoch": 7,
  "best_monitor": "val_auc",
  "best_score": 0.9920577156508265,
  "val_metrics": {
    "accuracy": 0.9556818181818182,
    "precision": 0.9628347183748845,
    "recall": 0.9479545454545455,
    "f1": 0.9553366926248282,
    "auc": 0.9920577156508265,
    "loss": 0.22052433089776471,
    "threshold": 0.5,
    "loss_total": 0.22052433089776471,
    "loss_spatial_aux": 0.20329219940033827,
    "loss_spectral_aux": 0.1689238685911352
  },
  "test_metrics": {
    "accuracy": 0.91675,
    "precision": 0.9588494357280485,
    "recall": 0.870875,
    "f1": 0.9127472815406786,
    "auc": 0.97979728125,
    "loss": 0.40600665226578714,
    "threshold": 0.5,
    "loss_total": 0.40600665226578714,
    "loss_spatial_aux": 0.3016662909984589,
    "loss_spectral_aux": 0.3113140541538596
  }
}