{
  "best_checkpoint": "C:/Deepfake-Fusion/outputs/fusion/resnet_spai_openfake/logo/ideogram-3.0/best.pth",
  "best_epoch": 10,
  "best_monitor": "val_auc",
  "best_score": 0.9944159542871901,
  "val_metrics": {
    "accuracy": 0.9669318181818182,
    "precision": 0.9730600967073452,
    "recall": 0.9604545454545454,
    "f1": 0.9667162301269587,
    "auc": 0.9944159542871901,
    "loss": 0.14387868300757625
  },
  "test_metrics": {
    "accuracy": 0.949625,
    "precision": 0.9698275862068966,
    "recall": 0.928125,
    "f1": 0.9485181400102197,
    "auc": 0.991011109375,
    "loss": 0.225390545360744
  }
}