{
  "best_checkpoint": "/home/user/SC/Deepfake-Fusion/outputs/fusion/resnet_spai_openfake/logo/ideogram-3.0/best.pth",
  "best_epoch": 12,
  "best_monitor": "val_auc",
  "best_score": 0.9944556689049587,
  "val_metrics": {
    "accuracy": 0.9648863636363636,
    "precision": 0.9732762609902823,
    "recall": 0.9560227272727273,
    "f1": 0.9645723457922495,
    "auc": 0.9944556689049587,
    "loss": 0.157029831958088
  },
  "test_metrics": {
    "accuracy": 0.95075,
    "precision": 0.9700208550573514,
    "recall": 0.93025,
    "f1": 0.9497192445125063,
    "auc": 0.9912243515624999,
    "loss": 0.21726021885871888
  }
}