{
  "dataset_name": "openfake_logo_sdxl-epic-realism",
  "dataset_class": "OpenFakeDataset",
  "split": "test",
  "checkpoint": "/home/user/SC/Deepfake-Fusion/outputs/fusion/resnet_spai_openfake/logo/sdxl-epic-realism/best.pth",
  "metrics": {
    "accuracy": 0.9061875,
    "precision": 0.9646789646789646,
    "recall": 0.84325,
    "f1": 0.8998866137530848,
    "auc": 0.9795153281250002,
    "loss": 0.4918256154283881,
    "threshold": 0.5,
    "loss_total": 0.4918256154283881,
    "loss_spatial_aux": 0.37481091886758805,
    "loss_spectral_aux": 0.4084281280338764
  },
  "dataset_size": 16000,
  "class_counts": {
    "0": 8000,
    "1": 8000
  },
  "best_score_in_checkpoint": 0.9908923682851241,
  "best_epoch_in_checkpoint": 7,
  "saved_epoch": 7
}