{
  "dataset_name": "openfake_logo_sdxl-epic-realism",
  "dataset_class": "OpenFakeDataset",
  "fit_split": "val",
  "evaluated_csv": "/home/user/SC/Deepfake-Fusion/data/splits/openfake/logo/sdxl-epic-realism/val.csv",
  "split_csv_override_used": false,
  "generator_name": null,
  "checkpoint": "/home/user/SC/Deepfake-Fusion/outputs/fusion/resnet_spai_openfake/logo/sdxl-epic-realism/best.pth",
  "threshold_for_reporting": 0.5,
  "temperature_init": 1.0,
  "temperature": 2.0412168502807617,
  "nll_before": 0.1660420149564743,
  "nll_after": 0.1241522878408432,
  "metrics_before": {
    "accuracy": 0.9519886363636364,
    "precision": 0.9664594816465345,
    "recall": 0.9364772727272728,
    "f1": 0.9512321809892076,
    "auc": 0.9908923682851241,
    "loss": 0.16604673758149147
  },
  "metrics_after": {
    "accuracy": 0.9519886363636364,
    "precision": 0.9664594816465345,
    "recall": 0.9364772727272728,
    "f1": 0.9512321809892076,
    "auc": 0.9909468879132232,
    "loss": 0.1241522878408432
  },
  "dataset_size": 17600,
  "class_counts": {
    "0": 8800,
    "1": 8800
  },
  "best_score_in_checkpoint": 0.9908923682851241,
  "best_epoch_in_checkpoint": 7,
  "saved_epoch": 7
}