{
  "dataset_name": "openfake_by_generator_gpt-image-1",
  "dataset_class": "OpenFakeDataset",
  "split": "test",
  "checkpoint": "/home/user/SC/Deepfake-Fusion/outputs/fusion/vit_spai_openfake/by_generator/gpt-image-1/best.pth",
  "metrics": {
    "accuracy": 0.9868667917448405,
    "precision": 0.9887005649717514,
    "recall": 0.9849906191369606,
    "f1": 0.9868421052631579,
    "auc": 0.9978197364597401,
    "loss": 0.059359308586148934
  },
  "dataset_size": 3198,
  "class_counts": {
    "0": 1599,
    "1": 1599
  },
  "best_score_in_checkpoint": 0.9985015625,
  "best_epoch_in_checkpoint": 11,
  "saved_epoch": 11
}