{
  "dataset_name": "openfake_by_generator_gpt-image-1",
  "dataset_class": "OpenFakeDataset",
  "split": "test",
  "checkpoint": "/home/user/SC/Deepfake-Fusion/outputs/fusion/vit_spai_openfake/by_generator/gpt-image-1/best.pth",
  "metrics": {
    "accuracy": 0.9737335834896811,
    "precision": 0.988394584139265,
    "recall": 0.9587242026266416,
    "f1": 0.9733333333333334,
    "auc": 0.9975074321388329,
    "loss": 0.17209127890773168,
    "threshold": 0.5,
    "loss_total": 0.17213730195217067,
    "loss_spatial_aux": 0.1125907526165247,
    "loss_spectral_aux": 0.10618699327111245
  },
  "dataset_size": 3198,
  "class_counts": {
    "0": 1599,
    "1": 1599
  },
  "best_score_in_checkpoint": 0.99758125,
  "best_epoch_in_checkpoint": 10,
  "saved_epoch": 10
}