{
  "dataset_name": "openfake_by_generator_gpt-image-1",
  "dataset_class": "OpenFakeDataset",
  "split": "test",
  "checkpoint": "/home/user/SC/Deepfake-Fusion/outputs/fusion/vit_spai_openfake/by_generator/gpt-image-1/best.pth",
  "metrics": {
    "accuracy": 0.9849906191369606,
    "precision": 0.9807811531308122,
    "recall": 0.9893683552220137,
    "f1": 0.9850560398505604,
    "auc": 0.9975496724226876,
    "loss": 0.06359610209833269
  },
  "dataset_size": 3198,
  "class_counts": {
    "0": 1599,
    "1": 1599
  },
  "best_score_in_checkpoint": 0.99827734375,
  "best_epoch_in_checkpoint": 13,
  "saved_epoch": 13
}