{
  "dataset_name": "openfake_by_generator_gpt-image-1",
  "dataset_class": "OpenFakeDataset",
  "split": "test",
  "checkpoint": "/home/user/SC/Deepfake-Fusion/outputs/fusion/vit_spai_openfake/by_generator/gpt-image-1/best.pth",
  "metrics": {
    "accuracy": 0.9899937460913071,
    "precision": 0.9906073888541015,
    "recall": 0.9893683552220137,
    "f1": 0.9899874843554443,
    "auc": 0.9985849504908673,
    "loss": 0.07828254315721395,
    "threshold": 0.5,
    "loss_total": 0.07825466528680408,
    "loss_spatial_aux": 0.05929161265492439,
    "loss_spectral_aux": 0.05269534215331077
  },
  "dataset_size": 3198,
  "class_counts": {
    "0": 1599,
    "1": 1599
  },
  "best_score_in_checkpoint": 0.998378125,
  "best_epoch_in_checkpoint": 15,
  "saved_epoch": 15
}