{
  "best_checkpoint": "/home/user/SC/Deepfake-Fusion/outputs/fusion/vit_spai_openfake/by_generator/gpt-image-1/best.pth",
  "best_epoch": 13,
  "best_monitor": "val_auc",
  "best_score": 0.99827734375,
  "val_metrics": {
    "accuracy": 0.979375,
    "precision": 0.9740420271940667,
    "recall": 0.985,
    "f1": 0.9794903666873834,
    "auc": 0.99827734375,
    "loss": 0.0779536047577858
  },
  "test_metrics": {
    "accuracy": 0.9849906191369606,
    "precision": 0.9807811531308122,
    "recall": 0.9893683552220137,
    "f1": 0.9850560398505604,
    "auc": 0.9975496724226876,
    "loss": 0.06359610209833269
  }
}