{
  "best_checkpoint": "/home/user/SC/Deepfake-Fusion/outputs/fusion/vit_spai_openfake/by_generator/gpt-image-1/best.pth",
  "best_epoch": 15,
  "best_monitor": "val_auc",
  "best_score": 0.998378125,
  "val_metrics": {
    "accuracy": 0.986875,
    "precision": 0.9887076537013801,
    "recall": 0.985,
    "f1": 0.986850344395742,
    "auc": 0.998378125,
    "loss": 0.10662641396163963,
    "threshold": 0.5,
    "loss_total": 0.10662641396163963,
    "loss_spatial_aux": 0.06791391663253307,
    "loss_spectral_aux": 0.08134313896298409
  },
  "test_metrics": {
    "accuracy": 0.9899937460913071,
    "precision": 0.9906073888541015,
    "recall": 0.9893683552220137,
    "f1": 0.9899874843554443,
    "auc": 0.9985849504908673,
    "loss": 0.07828254315721395,
    "threshold": 0.5,
    "loss_total": 0.07825466528680408,
    "loss_spatial_aux": 0.05929161265492439,
    "loss_spectral_aux": 0.05269534215331077
  }
}