{
  "best_checkpoint": "/home/user/SC/Deepfake-Fusion/outputs/fusion/vit_spai_openfake/by_generator/gpt-image-1/best.pth",
  "best_epoch": 11,
  "best_monitor": "val_auc",
  "best_score": 0.9985015625,
  "val_metrics": {
    "accuracy": 0.988125,
    "precision": 0.9911949685534591,
    "recall": 0.985,
    "f1": 0.9880877742946709,
    "auc": 0.9985015625,
    "loss": 0.053959493562579154
  },
  "test_metrics": {
    "accuracy": 0.9868667917448405,
    "precision": 0.9887005649717514,
    "recall": 0.9849906191369606,
    "f1": 0.9868421052631579,
    "auc": 0.9978197364597401,
    "loss": 0.059359308586148934
  }
}