{
  "dataset_name": "openfake_logo_ideogram-3.0",
  "dataset_class": "OpenFakeDataset",
  "split": "test",
  "checkpoint": "/home/user/SC/Deepfake-Fusion/outputs/spatial/vit_openfake/logo/ideogram-3.0/best.pth",
  "metrics": {
    "accuracy": 0.92025,
    "precision": 0.9653931339977851,
    "recall": 0.87175,
    "f1": 0.9161849710982659,
    "auc": 0.982379703125,
    "loss": 0.3775912374779582,
    "threshold": 0.5,
    "loss_total": 0.3775912374779582
  },
  "dataset_size": 16000,
  "class_counts": {
    "0": 8000,
    "1": 8000
  },
  "best_score_in_checkpoint": 0.9937886621900827,
  "best_epoch_in_checkpoint": 10,
  "saved_epoch": 10
}