{
  "best_checkpoint": "/home/user/SC/Deepfake-Fusion/outputs/spatial/vit_openfake/logo/ideogram-3.0/best.pth",
  "best_epoch": 10,
  "best_monitor": "val_auc",
  "best_score": 0.9937886621900827,
  "val_metrics": {
    "accuracy": 0.9625568181818182,
    "precision": 0.9667469326912052,
    "recall": 0.9580681818181818,
    "f1": 0.9623879915529936,
    "auc": 0.9937886621900827,
    "loss": 0.15807484821839765,
    "threshold": 0.5,
    "loss_total": 0.15807484821839765
  },
  "test_metrics": {
    "accuracy": 0.92025,
    "precision": 0.9653931339977851,
    "recall": 0.87175,
    "f1": 0.9161849710982659,
    "auc": 0.982379703125,
    "loss": 0.3775912374779582,
    "threshold": 0.5,
    "loss_total": 0.3775912374779582
  }
}