{
  "dataset_name": "openfake_logo_ideogram-3.0",
  "dataset_class": "OpenFakeDataset",
  "fit_split": "val",
  "evaluated_csv": "/home/user/SC/Deepfake-Fusion/data/splits/openfake/logo/ideogram-3.0/val.csv",
  "split_csv_override_used": false,
  "generator_name": null,
  "checkpoint": "/home/user/SC/Deepfake-Fusion/outputs/spatial/vit_openfake/logo/ideogram-3.0/best.pth",
  "threshold_for_reporting": 0.5,
  "temperature_init": 1.0,
  "temperature": 2.646505832672119,
  "nll_before": 0.1580696403980255,
  "nll_after": 0.09388620406389236,
  "metrics_before": {
    "accuracy": 0.9625568181818182,
    "precision": 0.9667469326912052,
    "recall": 0.9580681818181818,
    "f1": 0.9623879915529936,
    "auc": 0.9937886621900827,
    "loss": 0.15807484821839765
  },
  "metrics_after": {
    "accuracy": 0.9625568181818182,
    "precision": 0.9667469326912052,
    "recall": 0.9580681818181818,
    "f1": 0.9623879915529936,
    "auc": 0.9947422714359505,
    "loss": 0.09388620406389236
  },
  "dataset_size": 17600,
  "class_counts": {
    "0": 8800,
    "1": 8800
  },
  "best_score_in_checkpoint": 0.9937886621900827,
  "best_epoch_in_checkpoint": 10,
  "saved_epoch": 10
}