{
  "best_checkpoint": "/home/user/SC/Deepfake-Fusion/outputs/fusion/vit_spai_openfake/logo/ideogram-3.0/best.pth",
  "best_epoch": 11,
  "best_monitor": "val_auc",
  "best_score": 0.9945547585227273,
  "val_metrics": {
    "accuracy": 0.9671022727272728,
    "precision": 0.9761380748291439,
    "recall": 0.9576136363636364,
    "f1": 0.9667871278609533,
    "auc": 0.9945547585227273,
    "loss": 0.14988919948312368
  },
  "test_metrics": {
    "accuracy": 0.9361875,
    "precision": 0.9712356515867657,
    "recall": 0.899,
    "f1": 0.933722817267121,
    "auc": 0.987708015625,
    "loss": 0.3063413116708398
  }
}