{
  "best_checkpoint": "/home/user/SC/Deepfake-Fusion/outputs/fusion/vit_spai_openfake/logo/ideogram-3.0/best.pth",
  "best_epoch": 12,
  "best_monitor": "val_auc",
  "best_score": 0.9933094847623967,
  "val_metrics": {
    "accuracy": 0.9619886363636364,
    "precision": 0.9751080986326984,
    "recall": 0.9481818181818182,
    "f1": 0.961456472892781,
    "auc": 0.9933094847623967,
    "loss": 0.19842967241325163
  },
  "test_metrics": {
    "accuracy": 0.9365,
    "precision": 0.9716369529983793,
    "recall": 0.89925,
    "f1": 0.9340431056868346,
    "auc": 0.9880502109375,
    "loss": 0.3350832975283265
  }
}