{
  "best_checkpoint": "/home/user/SC/Deepfake-Fusion/outputs/fusion/vit_spai_openfake/logo/ideogram-3.0/best.pth",
  "best_epoch": 7,
  "best_monitor": "val_auc",
  "best_score": 0.992008819731405,
  "val_metrics": {
    "accuracy": 0.9553409090909091,
    "precision": 0.9615296014743147,
    "recall": 0.9486363636363636,
    "f1": 0.9550394691682874,
    "auc": 0.992008819731405,
    "loss": 0.2155797546898777,
    "threshold": 0.5,
    "loss_total": 0.2155797546898777,
    "loss_spatial_aux": 0.16784996149892156,
    "loss_spectral_aux": 0.1457937507670034
  },
  "test_metrics": {
    "accuracy": 0.9114375,
    "precision": 0.953437112549938,
    "recall": 0.865125,
    "f1": 0.9071367717412675,
    "auc": 0.9792922890625001,
    "loss": 0.43754892951995134,
    "threshold": 0.5,
    "loss_total": 0.43754892951995134,
    "loss_spatial_aux": 0.3086124611720443,
    "loss_spectral_aux": 0.2583123619481921
  }
}