{
  "dataset_name": "openfake_logo_ideogram-3.0",
  "dataset_class": "OpenFakeDataset",
  "fit_split": "val",
  "evaluated_csv": "/home/user/SC/Deepfake-Fusion/data/splits/openfake/logo/ideogram-3.0/val.csv",
  "split_csv_override_used": false,
  "generator_name": null,
  "checkpoint": "/home/user/SC/Deepfake-Fusion/outputs/fusion/vit_spai_openfake/logo/ideogram-3.0/best.pth",
  "threshold_for_reporting": 0.5,
  "temperature_init": 1.0,
  "temperature": 2.042724132537842,
  "nll_before": 0.1528455764055252,
  "nll_after": 0.11332185566425323,
  "metrics_before": {
    "accuracy": 0.9553409090909091,
    "precision": 0.9615296014743147,
    "recall": 0.9486363636363636,
    "f1": 0.9550394691682874,
    "auc": 0.992008819731405,
    "loss": 0.15285101152956485
  },
  "metrics_after": {
    "accuracy": 0.9553409090909091,
    "precision": 0.9615296014743147,
    "recall": 0.9486363636363636,
    "f1": 0.9550394691682874,
    "auc": 0.9922691890495867,
    "loss": 0.11332185566425323
  },
  "dataset_size": 17600,
  "class_counts": {
    "0": 8800,
    "1": 8800
  },
  "best_score_in_checkpoint": 0.992008819731405,
  "best_epoch_in_checkpoint": 7,
  "saved_epoch": 7
}