{
  "dataset_name": "openfake_logo_ideogram-3.0",
  "dataset_class": "OpenFakeDataset",
  "fit_split": "val",
  "evaluated_csv": "/home/user/SC/Deepfake-Fusion/data/splits/openfake/logo/ideogram-3.0/val.csv",
  "split_csv_override_used": false,
  "generator_name": null,
  "checkpoint": "/home/user/SC/Deepfake-Fusion/outputs/fusion/vit_spai_openfake/logo/ideogram-3.0/best.pth",
  "threshold_for_reporting": 0.5,
  "temperature_init": 1.0,
  "temperature": 3.0998806953430176,
  "nll_before": 0.19841665029525757,
  "nll_after": 0.09971824288368225,
  "metrics_before": {
    "accuracy": 0.9619886363636364,
    "precision": 0.9751080986326984,
    "recall": 0.9481818181818182,
    "f1": 0.961456472892781,
    "auc": 0.9933094847623967,
    "loss": 0.19842967241325163
  },
  "metrics_after": {
    "accuracy": 0.9619886363636364,
    "precision": 0.9751080986326984,
    "recall": 0.9481818181818182,
    "f1": 0.961456472892781,
    "auc": 0.9945119382747933,
    "loss": 0.09971824288368225
  },
  "dataset_size": 17600,
  "class_counts": {
    "0": 8800,
    "1": 8800
  },
  "best_score_in_checkpoint": 0.9933094847623967,
  "best_epoch_in_checkpoint": 12,
  "saved_epoch": 12
}