{
  "best_checkpoint": "/home/user/SC/Deepfake-Fusion/outputs/spatial/vit_openfake/group_holdout/split_b/best.pth",
  "best_epoch": 9,
  "best_monitor": "val_auc",
  "best_score": 0.9937318359374998,
  "val_metrics": {
    "accuracy": 0.9642708333333333,
    "precision": 0.9618652849740933,
    "recall": 0.966875,
    "f1": 0.9643636363636363,
    "auc": 0.9937318359374998,
    "loss": 0.1386378723755479,
    "threshold": 0.5,
    "loss_total": 0.1386378723755479
  },
  "test_metrics": {
    "accuracy": 0.7830644825142762,
    "precision": 0.9367764342680731,
    "recall": 0.607102663498812,
    "f1": 0.736740939325729,
    "auc": 0.9187999023611597,
    "loss": 1.2587602132556586,
    "threshold": 0.5,
    "loss_total": 1.258848995089531
  }
}