{
  "dataset_name": "openfake_group_holdout_split_b",
  "dataset_class": "OpenFakeDataset",
  "fit_split": "val",
  "evaluated_csv": "/home/user/SC/Deepfake-Fusion/data/splits/openfake/group_holdout/split_b/val.csv",
  "split_csv_override_used": false,
  "generator_name": null,
  "checkpoint": "/home/user/SC/Deepfake-Fusion/outputs/spatial/vit_openfake/group_holdout/split_b/best.pth",
  "threshold_for_reporting": 0.5,
  "temperature_init": 1.0,
  "temperature": 2.2765300273895264,
  "nll_before": 0.13863445818424225,
  "nll_after": 0.09474470466375351,
  "metrics_before": {
    "accuracy": 0.9642708333333333,
    "precision": 0.9618652849740933,
    "recall": 0.966875,
    "f1": 0.9643636363636363,
    "auc": 0.9937318359374998,
    "loss": 0.1386378723755479
  },
  "metrics_after": {
    "accuracy": 0.9642708333333333,
    "precision": 0.9618652849740933,
    "recall": 0.966875,
    "f1": 0.9643636363636363,
    "auc": 0.994434375,
    "loss": 0.09474470466375351
  },
  "dataset_size": 9600,
  "class_counts": {
    "0": 4800,
    "1": 4800
  },
  "best_score_in_checkpoint": 0.9937318359374998,
  "best_epoch_in_checkpoint": 9,
  "saved_epoch": 9
}