{
  "dataset_name": "openfake_by_generator_midjourney-6",
  "dataset_class": "OpenFakeDataset",
  "split": "test",
  "checkpoint": "/home/user/SC/Deepfake-Fusion/outputs/fusion/resnet_spai_openfake/by_generator/midjourney-6/best.pth",
  "metrics": {
    "accuracy": 0.9743589743589743,
    "precision": 0.9884095299420477,
    "recall": 0.9599749843652282,
    "f1": 0.9739847715736041,
    "auc": 0.9978385099192312,
    "loss": 0.07822993527247504
  },
  "dataset_size": 3198,
  "class_counts": {
    "0": 1599,
    "1": 1599
  },
  "best_score_in_checkpoint": 0.9980085937500001,
  "best_epoch_in_checkpoint": 2,
  "saved_epoch": 2
}