{
  "best_checkpoint": "/home/user/SC/Deepfake-Fusion/outputs/fusion/resnet_spai_openfake/by_generator/midjourney-6/best.pth",
  "best_epoch": 8,
  "best_monitor": "val_auc",
  "best_score": 0.99689609375,
  "val_metrics": {
    "accuracy": 0.986875,
    "precision": 0.9814585908529048,
    "recall": 0.9925,
    "f1": 0.9869484151646986,
    "auc": 0.99689609375,
    "loss": 0.08814655733993276,
    "threshold": 0.5,
    "loss_total": 0.08814655733993276,
    "loss_spatial_aux": 0.07950400233268738,
    "loss_spectral_aux": 0.05842501744627952
  },
  "test_metrics": {
    "accuracy": 0.9834271419637274,
    "precision": 0.983125,
    "recall": 0.983739837398374,
    "f1": 0.9834323226008127,
    "auc": 0.9975664903134815,
    "loss": 0.11245922226600903,
    "threshold": 0.5,
    "loss_total": 0.11247507192660124,
    "loss_spatial_aux": 0.09437576282769441,
    "loss_spectral_aux": 0.07299058310687542
  }
}