{
  "best_checkpoint": "/home/user/SC/Deepfake-Fusion/outputs/fusion/resnet_spai_openfake/by_generator/midjourney-6/best.pth",
  "best_epoch": 2,
  "best_monitor": "val_auc",
  "best_score": 0.9980085937500001,
  "val_metrics": {
    "accuracy": 0.97875,
    "precision": 0.9848101265822785,
    "recall": 0.9725,
    "f1": 0.9786163522012579,
    "auc": 0.9980085937500001,
    "loss": 0.06085993692278862
  },
  "test_metrics": {
    "accuracy": 0.9743589743589743,
    "precision": 0.9884095299420477,
    "recall": 0.9599749843652282,
    "f1": 0.9739847715736041,
    "auc": 0.9978385099192312,
    "loss": 0.07822993527247504
  }
}