{
  "best_checkpoint": "C:/Deepfake-Fusion/outputs/fusion/resnet_spai_openfake/by_generator/midjourney-6/best.pth",
  "best_epoch": 10,
  "best_monitor": "val_auc",
  "best_score": 0.99731171875,
  "val_metrics": {
    "accuracy": 0.984375,
    "precision": 0.976629766297663,
    "recall": 0.9925,
    "f1": 0.9845009299442034,
    "auc": 0.99731171875,
    "loss": 0.06274167329072952
  },
  "test_metrics": {
    "accuracy": 0.9840525328330206,
    "precision": 0.98375,
    "recall": 0.9843652282676673,
    "f1": 0.984057517974367,
    "auc": 0.9983893936211696,
    "loss": 0.0601434168860717
  }
}