{
  "dataset_name": "openfake_by_generator_imagen-4.0",
  "dataset_class": "OpenFakeDataset",
  "split": "test",
  "checkpoint": "/home/user/SC/Deepfake-Fusion/outputs/spatial/vit_openfake/by_generator/imagen-4.0/best.pth",
  "metrics": {
    "accuracy": 0.9712320200125079,
    "precision": 0.9665634674922601,
    "recall": 0.9762351469668543,
    "f1": 0.9713752333540759,
    "auc": 0.9941184315869713,
    "loss": 0.12471732965963493
  },
  "dataset_size": 3198,
  "class_counts": {
    "0": 1599,
    "1": 1599
  },
  "best_score_in_checkpoint": 0.99622421875,
  "best_epoch_in_checkpoint": 10,
  "saved_epoch": 10
}