{
  "best_checkpoint": "/home/user/SC/Deepfake-Fusion/outputs/spatial/vit_openfake/by_generator/imagen-4.0/best.pth",
  "best_epoch": 10,
  "best_monitor": "val_auc",
  "best_score": 0.99622421875,
  "val_metrics": {
    "accuracy": 0.969375,
    "precision": 0.9653035935563816,
    "recall": 0.97375,
    "f1": 0.9695084007467331,
    "auc": 0.99622421875,
    "loss": 0.11062390320003032
  },
  "test_metrics": {
    "accuracy": 0.9712320200125079,
    "precision": 0.9665634674922601,
    "recall": 0.9762351469668543,
    "f1": 0.9713752333540759,
    "auc": 0.9941184315869713,
    "loss": 0.12471732965963493
  }
}