{
  "best_checkpoint": "/home/user/SC/Deepfake-Fusion/outputs/spatial/vit_openfake/by_generator/imagen-4.0/best.pth",
  "best_epoch": 7,
  "best_monitor": "val_auc",
  "best_score": 0.9943726562499999,
  "val_metrics": {
    "accuracy": 0.965625,
    "precision": 0.9593094944512947,
    "recall": 0.9725,
    "f1": 0.9658597144630664,
    "auc": 0.9943726562499999,
    "loss": 0.11680765420198441,
    "threshold": 0.5,
    "loss_total": 0.11680765420198441
  },
  "test_metrics": {
    "accuracy": 0.9618511569731082,
    "precision": 0.9522351500306185,
    "recall": 0.9724828017510945,
    "f1": 0.9622524752475248,
    "auc": 0.9926286793536141,
    "loss": 0.13849755338835223,
    "threshold": 0.5,
    "loss_total": 0.1385062439367175
  }
}