{
  "dataset_name": "openfake_by_generator_imagen-4.0",
  "dataset_class": "OpenFakeDataset",
  "fit_split": "val",
  "evaluated_csv": "/home/user/SC/Deepfake-Fusion/data/splits/openfake/by_generator/imagen-4.0/val.csv",
  "split_csv_override_used": false,
  "generator_name": null,
  "checkpoint": "/home/user/SC/Deepfake-Fusion/outputs/spatial/vit_openfake/by_generator/imagen-4.0/best.pth",
  "threshold_for_reporting": 0.5,
  "temperature_init": 1.0,
  "temperature": 2.260658025741577,
  "nll_before": 0.11062052100896835,
  "nll_after": 0.07505011558532715,
  "metrics_before": {
    "accuracy": 0.969375,
    "precision": 0.9653035935563816,
    "recall": 0.97375,
    "f1": 0.9695084007467331,
    "auc": 0.99622421875,
    "loss": 0.11062390320003032
  },
  "metrics_after": {
    "accuracy": 0.969375,
    "precision": 0.9653035935563816,
    "recall": 0.97375,
    "f1": 0.9695084007467331,
    "auc": 0.9966164062499999,
    "loss": 0.07505011558532715
  },
  "dataset_size": 1600,
  "class_counts": {
    "0": 800,
    "1": 800
  },
  "best_score_in_checkpoint": 0.99622421875,
  "best_epoch_in_checkpoint": 10,
  "saved_epoch": 10
}