{
  "dataset_name": "openfake_by_generator_gpt-image-1",
  "dataset_class": "OpenFakeDataset",
  "split": "test",
  "checkpoint": "/home/user/SC/Deepfake-Fusion/outputs/spatial/vit_openfake/by_generator/gpt-image-1/best.pth",
  "metrics": {
    "accuracy": 0.9853033145716072,
    "precision": 0.9843945068664169,
    "recall": 0.9862414008755472,
    "f1": 0.9853170884098719,
    "auc": 0.9989524018490293,
    "loss": 0.048873894546225226
  },
  "dataset_size": 3198,
  "class_counts": {
    "0": 1599,
    "1": 1599
  },
  "best_score_in_checkpoint": 0.9978281250000001,
  "best_epoch_in_checkpoint": 8,
  "saved_epoch": 8
}