{
  "best_checkpoint": "/home/user/SC/Deepfake-Fusion/outputs/spatial/vit_openfake/by_generator/gpt-image-1/best.pth",
  "best_epoch": 8,
  "best_monitor": "val_auc",
  "best_score": 0.9978281250000001,
  "val_metrics": {
    "accuracy": 0.985,
    "precision": 0.9825870646766169,
    "recall": 0.9875,
    "f1": 0.9850374064837906,
    "auc": 0.9978281250000001,
    "loss": 0.0674738509207964
  },
  "test_metrics": {
    "accuracy": 0.9853033145716072,
    "precision": 0.9843945068664169,
    "recall": 0.9862414008755472,
    "f1": 0.9853170884098719,
    "auc": 0.9989524018490293,
    "loss": 0.048873894546225226
  }
}