{
  "dataset_name": "openfake_logo_sd-3.5",
  "dataset_class": "OpenFakeDataset",
  "split": "test",
  "checkpoint": "/home/user/SC/Deepfake-Fusion/outputs/fusion/vit_spai_openfake/logo/sd-3.5/best.pth",
  "metrics": {
    "accuracy": 0.806625,
    "precision": 0.9633547412164715,
    "recall": 0.6375,
    "f1": 0.7672634271099744,
    "auc": 0.9529617109375,
    "loss": 1.313977642096579,
    "threshold": 0.5,
    "loss_total": 1.313977642096579,
    "loss_spatial_aux": 0.8536702423989773,
    "loss_spectral_aux": 0.7252058313116432
  },
  "dataset_size": 16000,
  "class_counts": {
    "0": 8000,
    "1": 8000
  },
  "best_score_in_checkpoint": 0.9948863700929752,
  "best_epoch_in_checkpoint": 9,
  "saved_epoch": 9
}