{
  "best_checkpoint": "/home/user/SC/Deepfake-Fusion/outputs/fusion/vit_spai_openfake/logo/sd-3.5/best.pth",
  "best_epoch": 9,
  "best_monitor": "val_auc",
  "best_score": 0.9948863700929752,
  "val_metrics": {
    "accuracy": 0.9650568181818182,
    "precision": 0.9785989942696761,
    "recall": 0.9509090909090909,
    "f1": 0.9645553570399401,
    "auc": 0.9948863700929752,
    "loss": 0.18773960733955555,
    "threshold": 0.5,
    "loss_total": 0.18773960733955555,
    "loss_spatial_aux": 0.1401307957551696,
    "loss_spectral_aux": 0.13864062570035457
  },
  "test_metrics": {
    "accuracy": 0.806625,
    "precision": 0.9633547412164715,
    "recall": 0.6375,
    "f1": 0.7672634271099744,
    "auc": 0.9529617109375,
    "loss": 1.313977642096579,
    "threshold": 0.5,
    "loss_total": 1.313977642096579,
    "loss_spatial_aux": 0.8536702423989773,
    "loss_spectral_aux": 0.7252058313116432
  }
}