{
  "best_checkpoint": "/home/user/SC/Deepfake-Fusion/outputs/fusion/vit_spai_openfake/logo/sd-3.5/best.pth",
  "best_epoch": 13,
  "best_monitor": "val_auc",
  "best_score": 0.9948723334194215,
  "val_metrics": {
    "accuracy": 0.970284090909091,
    "precision": 0.9731336458214245,
    "recall": 0.9672727272727273,
    "f1": 0.9701943352139967,
    "auc": 0.9948723334194215,
    "loss": 0.13927744322879748
  },
  "test_metrics": {
    "accuracy": 0.8400625,
    "precision": 0.9643283836832224,
    "recall": 0.70625,
    "f1": 0.8153546431921495,
    "auc": 0.9640312031249998,
    "loss": 0.9948643333092332
  }
}