{
  "best_checkpoint": "/home/user/SC/Deepfake-Fusion/outputs/fusion/vit_spai_openfake/logo/sd-3.5/best.pth",
  "best_epoch": 13,
  "best_monitor": "val_auc",
  "best_score": 0.9938584065082644,
  "val_metrics": {
    "accuracy": 0.9672727272727273,
    "precision": 0.9691921497033318,
    "recall": 0.9652272727272727,
    "f1": 0.9672056479161922,
    "auc": 0.9938584065082644,
    "loss": 0.16397347714413296
  },
  "test_metrics": {
    "accuracy": 0.8325,
    "precision": 0.9573590096286108,
    "recall": 0.696,
    "f1": 0.8060220034742328,
    "auc": 0.9549709140624999,
    "loss": 1.1546696193814279
  }
}