{
  "dataset_name": "openfake_logo_sd-3.5",
  "dataset_class": "OpenFakeDataset",
  "fit_split": "val",
  "evaluated_csv": "/home/user/SC/Deepfake-Fusion/data/splits/openfake/logo/sd-3.5/val.csv",
  "split_csv_override_used": false,
  "generator_name": null,
  "checkpoint": "/home/user/SC/Deepfake-Fusion/outputs/fusion/vit_spai_openfake/logo/sd-3.5/best.pth",
  "threshold_for_reporting": 0.5,
  "temperature_init": 1.0,
  "temperature": 3.0097010135650635,
  "nll_before": 0.16396433115005493,
  "nll_after": 0.08613404631614685,
  "metrics_before": {
    "accuracy": 0.9672727272727273,
    "precision": 0.9691921497033318,
    "recall": 0.9652272727272727,
    "f1": 0.9672056479161922,
    "auc": 0.9938584065082644,
    "loss": 0.16397347714413296
  },
  "metrics_after": {
    "accuracy": 0.9672727272727273,
    "precision": 0.9691921497033318,
    "recall": 0.9652272727272727,
    "f1": 0.9672056479161922,
    "auc": 0.9953782024793387,
    "loss": 0.08613404631614685
  },
  "dataset_size": 17600,
  "class_counts": {
    "0": 8800,
    "1": 8800
  },
  "best_score_in_checkpoint": 0.9938584065082644,
  "best_epoch_in_checkpoint": 13,
  "saved_epoch": 13
}