{
  "dataset_name": "openfake_by_generator_grok-2-image-1212",
  "dataset_class": "OpenFakeDataset",
  "split": "test",
  "checkpoint": "/home/user/SC/Deepfake-Fusion/outputs/fusion/resnet_spai_openfake/by_generator/grok-2-image-1212/best.pth",
  "metrics": {
    "accuracy": 0.9984365228267668,
    "precision": 0.9987484355444305,
    "recall": 0.99812382739212,
    "f1": 0.9984360337816703,
    "auc": 0.999867999112954,
    "loss": 0.019275549857011107,
    "threshold": 0.5,
    "loss_total": 0.019277937646984357,
    "loss_spatial_aux": 0.05066217426210642,
    "loss_spectral_aux": 0.0074718990789551755
  },
  "dataset_size": 3198,
  "class_counts": {
    "0": 1599,
    "1": 1599
  },
  "best_score_in_checkpoint": 1.0,
  "best_epoch_in_checkpoint": 15,
  "saved_epoch": 15
}