{
  "best_checkpoint": "C:/Deepfake-Fusion/outputs/fusion/resnet_spai_openfake/by_generator/grok-2-image-1212/best.pth",
  "best_epoch": 10,
  "best_monitor": "val_auc",
  "best_score": 0.9998812499999999,
  "val_metrics": {
    "accuracy": 0.995,
    "precision": 0.9974874371859297,
    "recall": 0.9925,
    "f1": 0.9949874686716792,
    "auc": 0.9998812499999999,
    "loss": 0.018571852892637252
  },
  "test_metrics": {
    "accuracy": 0.9962476547842402,
    "precision": 0.9987429289754871,
    "recall": 0.9937460913070669,
    "f1": 0.9962382445141066,
    "auc": 0.9998619368499934,
    "loss": 0.01569081123526895
  }
}