{
  "best_checkpoint": "/home/user/SC/Deepfake-Fusion/outputs/fusion/resnet_spai_openfake/by_generator/grok-2-image-1212/best.pth",
  "best_epoch": 15,
  "best_monitor": "val_auc",
  "best_score": 1.0,
  "val_metrics": {
    "accuracy": 0.999375,
    "precision": 0.9987515605493134,
    "recall": 1.0,
    "f1": 0.9993753903810119,
    "auc": 1.0,
    "loss": 0.011398970171285328,
    "threshold": 0.5,
    "loss_total": 0.011398970171285328,
    "loss_spatial_aux": 0.04243517115712166,
    "loss_spectral_aux": 0.0064194010198116306
  },
  "test_metrics": {
    "accuracy": 0.9984365228267668,
    "precision": 0.9987484355444305,
    "recall": 0.99812382739212,
    "f1": 0.9984360337816703,
    "auc": 0.999867999112954,
    "loss": 0.019275549857011107,
    "threshold": 0.5,
    "loss_total": 0.019277937646984357,
    "loss_spatial_aux": 0.05066217426210642,
    "loss_spectral_aux": 0.0074718990789551755
  }
}