{
  "best_checkpoint": "/home/user/SC/Deepfake-Fusion/outputs/fusion/resnet_spai_openfake/by_generator/grok-2-image-1212/best.pth",
  "best_epoch": 7,
  "best_monitor": "val_auc",
  "best_score": 0.999965625,
  "val_metrics": {
    "accuracy": 0.9975,
    "precision": 0.9962593516209476,
    "recall": 0.99875,
    "f1": 0.9975031210986267,
    "auc": 0.999965625,
    "loss": 0.018119523744098844,
    "threshold": 0.5,
    "loss_total": 0.018119523744098844,
    "loss_spatial_aux": 0.045104921087622644,
    "loss_spectral_aux": 0.011728546693921088
  },
  "test_metrics": {
    "accuracy": 0.9940587867417136,
    "precision": 0.99375,
    "recall": 0.9943714821763602,
    "f1": 0.9940606439512347,
    "auc": 0.9997182025507656,
    "loss": 0.03577007079092766,
    "threshold": 0.5,
    "loss_total": 0.0357765486696735,
    "loss_spatial_aux": 0.0647240388393402,
    "loss_spectral_aux": 0.019105936886044218
  }
}