{
  "dataset_name": "openfake_logo_grok-2-image-1212",
  "dataset_class": "OpenFakeDataset",
  "split": "test",
  "checkpoint": "/home/user/SC/Deepfake-Fusion/outputs/fusion/vit_spai_openfake/logo/grok-2-image-1212/best.pth",
  "metrics": {
    "accuracy": 0.7516875,
    "precision": 0.9469478357380688,
    "recall": 0.53325,
    "f1": 0.6822870851659336,
    "auc": 0.92381390625,
    "loss": 1.9142917978316545,
    "threshold": 0.5,
    "loss_total": 1.9142917978316545,
    "loss_spatial_aux": 1.1288056080564857,
    "loss_spectral_aux": 1.0760024345964194
  },
  "dataset_size": 16000,
  "class_counts": {
    "0": 8000,
    "1": 8000
  },
  "best_score_in_checkpoint": 0.9938484181301652,
  "best_epoch_in_checkpoint": 9,
  "saved_epoch": 9
}