{
  "best_checkpoint": "/home/user/SC/Deepfake-Fusion/outputs/fusion/vit_spai_openfake/logo/grok-2-image-1212/best.pth",
  "best_epoch": 14,
  "best_monitor": "val_auc",
  "best_score": 0.9924488055268592,
  "val_metrics": {
    "accuracy": 0.9647727272727272,
    "precision": 0.9623558670585576,
    "recall": 0.9673863636363637,
    "f1": 0.964864558540179,
    "auc": 0.9924488055268592,
    "loss": 0.1955491481924599
  },
  "test_metrics": {
    "accuracy": 0.7386875,
    "precision": 0.9456242707117853,
    "recall": 0.5065,
    "f1": 0.6596662596662597,
    "auc": 0.9112712578125002,
    "loss": 2.3483741555139424
  }
}