{
  "best_checkpoint": "/home/user/SC/Deepfake-Fusion/outputs/fusion/vit_spai_openfake/logo/grok-2-image-1212/best.pth",
  "best_epoch": 9,
  "best_monitor": "val_auc",
  "best_score": 0.9938484181301652,
  "val_metrics": {
    "accuracy": 0.9634090909090909,
    "precision": 0.9642531876138434,
    "recall": 0.9625,
    "f1": 0.9633757961783439,
    "auc": 0.9938484181301652,
    "loss": 0.2102705780399794,
    "threshold": 0.5,
    "loss_total": 0.2102705780399794,
    "loss_spatial_aux": 0.1758206715231592,
    "loss_spectral_aux": 0.15702034279704094
  },
  "test_metrics": {
    "accuracy": 0.7516875,
    "precision": 0.9469478357380688,
    "recall": 0.53325,
    "f1": 0.6822870851659336,
    "auc": 0.92381390625,
    "loss": 1.9142917978316545,
    "threshold": 0.5,
    "loss_total": 1.9142917978316545,
    "loss_spatial_aux": 1.1288056080564857,
    "loss_spectral_aux": 1.0760024345964194
  }
}