{
  "best_checkpoint": "/home/user/SC/Deepfake-Fusion/outputs/fusion/vit_spai_openfake/logo/grok-2-image-1212/best.pth",
  "best_epoch": 13,
  "best_monitor": "val_auc",
  "best_score": 0.9943938920454545,
  "val_metrics": {
    "accuracy": 0.9697727272727272,
    "precision": 0.9703071672354949,
    "recall": 0.9692045454545455,
    "f1": 0.9697555429221149,
    "auc": 0.9943938920454545,
    "loss": 0.14434137145226653
  },
  "test_metrics": {
    "accuracy": 0.76125,
    "precision": 0.9519896193771626,
    "recall": 0.55025,
    "f1": 0.6974017743979721,
    "auc": 0.9295470000000002,
    "loss": 1.7832646614909171
  }
}