{
  "dataset_name": "openfake_logo_grok-2-image-1212",
  "dataset_class": "OpenFakeDataset",
  "fit_split": "val",
  "evaluated_csv": "/home/user/SC/Deepfake-Fusion/data/splits/openfake/logo/grok-2-image-1212/val.csv",
  "split_csv_override_used": false,
  "generator_name": null,
  "checkpoint": "/home/user/SC/Deepfake-Fusion/outputs/fusion/vit_spai_openfake/logo/grok-2-image-1212/best.pth",
  "threshold_for_reporting": 0.5,
  "temperature_init": 1.0,
  "temperature": 3.2861902713775635,
  "nll_before": 0.1955328732728958,
  "nll_after": 0.09287387877702713,
  "metrics_before": {
    "accuracy": 0.9647727272727272,
    "precision": 0.9623558670585576,
    "recall": 0.9673863636363637,
    "f1": 0.964864558540179,
    "auc": 0.9924488055268592,
    "loss": 0.1955491481924599
  },
  "metrics_after": {
    "accuracy": 0.9647727272727272,
    "precision": 0.9623558670585576,
    "recall": 0.9673863636363637,
    "f1": 0.964864558540179,
    "auc": 0.9947910511363636,
    "loss": 0.09287387877702713
  },
  "dataset_size": 17600,
  "class_counts": {
    "0": 8800,
    "1": 8800
  },
  "best_score_in_checkpoint": 0.9924488055268592,
  "best_epoch_in_checkpoint": 14,
  "saved_epoch": 14
}