{
  "dataset_name": "openfake_logo_grok-2-image-1212",
  "dataset_class": "OpenFakeDataset",
  "fit_split": "val",
  "evaluated_csv": "/home/user/SC/Deepfake-Fusion/data/splits/openfake/logo/grok-2-image-1212/val.csv",
  "split_csv_override_used": false,
  "generator_name": null,
  "checkpoint": "/home/user/SC/Deepfake-Fusion/outputs/fusion/vit_spai_openfake/logo/grok-2-image-1212/best.pth",
  "threshold_for_reporting": 0.5,
  "temperature_init": 1.0,
  "temperature": 2.3275234699249268,
  "nll_before": 0.14369595050811768,
  "nll_after": 0.09457125514745712,
  "metrics_before": {
    "accuracy": 0.9634090909090909,
    "precision": 0.9642531876138434,
    "recall": 0.9625,
    "f1": 0.9633757961783439,
    "auc": 0.9938484181301652,
    "loss": 0.14370237450030718
  },
  "metrics_after": {
    "accuracy": 0.9634090909090909,
    "precision": 0.9642531876138434,
    "recall": 0.9625,
    "f1": 0.9633757961783439,
    "auc": 0.9945139010847108,
    "loss": 0.09457125514745712
  },
  "dataset_size": 17600,
  "class_counts": {
    "0": 8800,
    "1": 8800
  },
  "best_score_in_checkpoint": 0.9938484181301652,
  "best_epoch_in_checkpoint": 9,
  "saved_epoch": 9
}