{
  "dataset_name": "openfake_group_holdout_split_c",
  "dataset_class": "OpenFakeDataset",
  "split": "test",
  "checkpoint": "/home/user/SC/Deepfake-Fusion/outputs/frequency/spai_openfake/group_holdout/split_c/best.pth",
  "metrics": {
    "accuracy": 0.8517985911383436,
    "precision": 0.958546126263175,
    "recall": 0.735400775290734,
    "f1": 0.8322758685756068,
    "auc": 0.959691481744972,
    "loss": 0.8718576915545072,
    "threshold": 0.5,
    "loss_total": 0.8718149331907431
  },
  "dataset_size": 95964,
  "class_counts": {
    "0": 47982,
    "1": 47982
  },
  "best_score_in_checkpoint": 0.9919649088541668,
  "best_epoch_in_checkpoint": 10,
  "saved_epoch": 10
}