{
  "best_checkpoint": "/home/user/SC/Deepfake-Fusion/outputs/frequency/spai_openfake/group_holdout/split_c/best.pth",
  "best_epoch": 10,
  "best_monitor": "val_auc",
  "best_score": 0.9919649088541668,
  "val_metrics": {
    "accuracy": 0.9620833333333333,
    "precision": 0.9665544804375263,
    "recall": 0.9572916666666667,
    "f1": 0.9619007745446934,
    "auc": 0.9919649088541668,
    "loss": 0.18346929728984832,
    "threshold": 0.5,
    "loss_total": 0.18346929728984832
  },
  "test_metrics": {
    "accuracy": 0.8517985911383436,
    "precision": 0.958546126263175,
    "recall": 0.735400775290734,
    "f1": 0.8322758685756068,
    "auc": 0.959691481744972,
    "loss": 0.8718576915545072,
    "threshold": 0.5,
    "loss_total": 0.8718149331907431
  }
}