{
  "best_checkpoint": "/home/user/SC/Deepfake-Fusion/outputs/frequency/spai_openfake/group_holdout/split_c/best.pth",
  "best_epoch": 10,
  "best_monitor": "val_auc",
  "best_score": 0.9936918619791668,
  "val_metrics": {
    "accuracy": 0.966875,
    "precision": 0.9622524752475248,
    "recall": 0.971875,
    "f1": 0.9670398009950248,
    "auc": 0.9936918619791668,
    "loss": 0.15534468142936628
  },
  "test_metrics": {
    "accuracy": 0.8707223542161644,
    "precision": 0.954007146503318,
    "recall": 0.7790004585052728,
    "f1": 0.8576673320942613,
    "auc": 0.9635558039223513,
    "loss": 0.7952069450110951
  }
}