{
  "dataset_name": "openfake_group_holdout_split_c",
  "dataset_class": "OpenFakeDataset",
  "fit_split": "val",
  "evaluated_csv": "/home/user/SC/Deepfake-Fusion/data/splits/openfake/group_holdout/split_c/val.csv",
  "split_csv_override_used": false,
  "generator_name": null,
  "checkpoint": "/home/user/SC/Deepfake-Fusion/outputs/frequency/spai_openfake/group_holdout/split_c/best.pth",
  "threshold_for_reporting": 0.5,
  "temperature_init": 1.0,
  "temperature": 2.919187307357788,
  "nll_before": 0.15533851087093353,
  "nll_after": 0.08643340319395065,
  "metrics_before": {
    "accuracy": 0.966875,
    "precision": 0.9622524752475248,
    "recall": 0.971875,
    "f1": 0.9670398009950248,
    "auc": 0.9936918619791668,
    "loss": 0.15534468142936628
  },
  "metrics_after": {
    "accuracy": 0.966875,
    "precision": 0.9622524752475248,
    "recall": 0.971875,
    "f1": 0.9670398009950248,
    "auc": 0.9953285590277778,
    "loss": 0.08643340319395065
  },
  "dataset_size": 9600,
  "class_counts": {
    "0": 4800,
    "1": 4800
  },
  "best_score_in_checkpoint": 0.9936918619791668,
  "best_epoch_in_checkpoint": 10,
  "saved_epoch": 10
}