{
  "dataset_name": "openfake_group_holdout_split_c",
  "dataset_class": "OpenFakeDataset",
  "fit_split": "val",
  "evaluated_csv": "/home/user/SC/Deepfake-Fusion/data/splits/openfake/group_holdout/split_c/val.csv",
  "split_csv_override_used": false,
  "generator_name": null,
  "checkpoint": "/home/user/SC/Deepfake-Fusion/outputs/frequency/spai_openfake/group_holdout/split_c/best.pth",
  "threshold_for_reporting": 0.5,
  "temperature_init": 1.0,
  "temperature": 2.9010629653930664,
  "nll_before": 0.18346375226974487,
  "nll_after": 0.10159668326377869,
  "metrics_before": {
    "accuracy": 0.9620833333333333,
    "precision": 0.9665544804375263,
    "recall": 0.9572916666666667,
    "f1": 0.9619007745446934,
    "auc": 0.9919649088541668,
    "loss": 0.18346929728984832
  },
  "metrics_after": {
    "accuracy": 0.9620833333333333,
    "precision": 0.9665544804375263,
    "recall": 0.9572916666666667,
    "f1": 0.9619007745446934,
    "auc": 0.9935399739583333,
    "loss": 0.10159668326377869
  },
  "dataset_size": 9600,
  "class_counts": {
    "0": 4800,
    "1": 4800
  },
  "best_score_in_checkpoint": 0.9919649088541668,
  "best_epoch_in_checkpoint": 10,
  "saved_epoch": 10
}