{
  "best_checkpoint": "/home/user/SC/Deepfake-Fusion/outputs/fusion/resnet_spai_openfake/logo/flux-1.1-pro/best.pth",
  "best_epoch": 15,
  "best_monitor": "val_auc",
  "best_score": 0.9965476949896693,
  "val_metrics": {
    "accuracy": 0.9801136363636364,
    "precision": 0.9814266180492252,
    "recall": 0.97875,
    "f1": 0.9800864815657715,
    "auc": 0.9965476949896693,
    "loss": 0.1844038145578551,
    "threshold": 0.5,
    "loss_total": 0.1844038145578551,
    "loss_spatial_aux": 0.17740733967585998,
    "loss_spectral_aux": 0.14176028941165317
  },
  "test_metrics": {
    "accuracy": 0.7168125,
    "precision": 0.9580142593081595,
    "recall": 0.4535,
    "f1": 0.6155934504114703,
    "auc": 0.8928551796875,
    "loss": 3.9466479881191625,
    "threshold": 0.5,
    "loss_total": 3.9466479881191625,
    "loss_spatial_aux": 2.1575202805474403,
    "loss_spectral_aux": 2.3928427324965598
  }
}