{
  "best_checkpoint": "/home/user/SC/Deepfake-Fusion/outputs/fusion/resnet_spai_openfake/logo/flux-1.1-pro/best.pth",
  "best_epoch": 15,
  "best_monitor": "val_auc",
  "best_score": 0.9962421745867769,
  "val_metrics": {
    "accuracy": 0.9744318181818182,
    "precision": 0.98054788213628,
    "recall": 0.9680681818181818,
    "f1": 0.9742680695333943,
    "auc": 0.9962421745867769,
    "loss": 0.12553644056347282
  },
  "test_metrics": {
    "accuracy": 0.6969375,
    "precision": 0.9523399368360609,
    "recall": 0.414625,
    "f1": 0.5777235913959766,
    "auc": 0.8883572656250001,
    "loss": 2.9342125615105035
  }
}