{
  "best_checkpoint": "C:/Deepfake-Fusion/outputs/fusion/resnet_spai_openfake/logo/flux-1.1-pro/best.pth",
  "best_epoch": 10,
  "best_monitor": "val_auc",
  "best_score": 0.9963840650826447,
  "val_metrics": {
    "accuracy": 0.9753409090909091,
    "precision": 0.9787136644541085,
    "recall": 0.9718181818181818,
    "f1": 0.9752537347474056,
    "auc": 0.9963840650826447,
    "loss": 0.10718768885189836
  },
  "test_metrics": {
    "accuracy": 0.710375,
    "precision": 0.9524193548387097,
    "recall": 0.442875,
    "f1": 0.6046075085324232,
    "auc": 0.9006351328125,
    "loss": 2.214898580342531
  }
}