{
  "dataset_name": "openfake_logo_flux-1.1-pro",
  "dataset_class": "OpenFakeDataset",
  "fit_split": "val",
  "evaluated_csv": "/home/user/SC/Deepfake-Fusion/data/splits/openfake/logo/flux-1.1-pro/val.csv",
  "split_csv_override_used": false,
  "generator_name": null,
  "checkpoint": "/home/user/SC/Deepfake-Fusion/outputs/fusion/resnet_spai_openfake/logo/flux-1.1-pro/best.pth",
  "threshold_for_reporting": 0.5,
  "temperature_init": 1.0,
  "temperature": 3.117978572845459,
  "nll_before": 0.12056209146976471,
  "nll_after": 0.05784940719604492,
  "metrics_before": {
    "accuracy": 0.9801136363636364,
    "precision": 0.9814266180492252,
    "recall": 0.97875,
    "f1": 0.9800864815657715,
    "auc": 0.9965476949896693,
    "loss": 0.12057028797539798
  },
  "metrics_after": {
    "accuracy": 0.9801136363636364,
    "precision": 0.9814266180492252,
    "recall": 0.97875,
    "f1": 0.9800864815657715,
    "auc": 0.997964708161157,
    "loss": 0.05784940719604492
  },
  "dataset_size": 17600,
  "class_counts": {
    "0": 8800,
    "1": 8800
  },
  "best_score_in_checkpoint": 0.9965476949896693,
  "best_epoch_in_checkpoint": 15,
  "saved_epoch": 15
}