{
  "best_checkpoint": "/home/user/SC/Deepfake-Fusion/outputs/spatial/resnet_openfake/by_generator/flux-1.1-pro/best.pth",
  "best_epoch": 8,
  "best_monitor": "val_auc",
  "best_score": 0.96429375,
  "val_metrics": {
    "accuracy": 0.8975,
    "precision": 0.8822115384615384,
    "recall": 0.9175,
    "f1": 0.8995098039215687,
    "auc": 0.96429375,
    "loss": 0.3063176190853119,
    "threshold": 0.5,
    "loss_total": 0.3063176190853119
  },
  "test_metrics": {
    "accuracy": 0.9058786741713571,
    "precision": 0.8909638554216868,
    "recall": 0.924953095684803,
    "f1": 0.9076403804848113,
    "auc": 0.9704253479250047,
    "loss": 0.2725072048693019,
    "threshold": 0.5,
    "loss_total": 0.27260555446147916
  }
}