{
  "dataset_name": "openfake_merged_merged",
  "dataset_class": "OpenFakeDataset",
  "split": "test",
  "checkpoint": "C:/Deepfake-Fusion/outputs/fusion/resnet_spai_openfake/merged/merged/best.pth",
  "metrics": {
    "accuracy": 0.9649182206479842,
    "precision": 0.9718242850346249,
    "recall": 0.9575997499739556,
    "f1": 0.9646595828414011,
    "auc": 0.9940095647746756,
    "loss": 0.15252650713489657
  },
  "dataset_size": 38396,
  "class_counts": {
    "0": 19198,
    "1": 19198
  },
  "best_score_in_checkpoint": 0.9943851367213532,
  "best_epoch_in_checkpoint": 10,
  "saved_epoch": 10
}