{
  "best_checkpoint": "C:/Deepfake-Fusion/outputs/fusion/resnet_spai_openfake/merged/merged/best.pth",
  "best_epoch": 10,
  "best_monitor": "val_auc",
  "best_score": 0.9943851367213532,
  "val_metrics": {
    "accuracy": 0.9640587561204292,
    "precision": 0.9726259946949602,
    "recall": 0.9549953120116679,
    "f1": 0.9637300252312868,
    "auc": 0.9943851367213532,
    "loss": 0.15083665069235727
  },
  "test_metrics": {
    "accuracy": 0.9649182206479842,
    "precision": 0.9718242850346249,
    "recall": 0.9575997499739556,
    "f1": 0.9646595828414011,
    "auc": 0.9940095647746756,
    "loss": 0.15252650713489657
  }
}