{
  "best_checkpoint": "/home/user/SC/Deepfake-Fusion/outputs/fusion/resnet_spai_openfake/merged/merged/best.pth",
  "best_epoch": 10,
  "best_monitor": "val_auc",
  "best_score": 0.9953470775666471,
  "val_metrics": {
    "accuracy": 0.9669757266381914,
    "precision": 0.9781333333333333,
    "recall": 0.9553078445671425,
    "f1": 0.9665858543269737,
    "auc": 0.9953470775666471,
    "loss": 0.22269303548713565,
    "threshold": 0.5,
    "loss_total": 0.22275268667222312,
    "loss_spatial_aux": 0.19740730888520677,
    "loss_spectral_aux": 0.15764150441934666
  },
  "test_metrics": {
    "accuracy": 0.9685383894155641,
    "precision": 0.9799893276414088,
    "recall": 0.9566100635482863,
    "f1": 0.968158574516316,
    "auc": 0.9950394356241813,
    "loss": 0.21206974545836213,
    "threshold": 0.5,
    "loss_total": 0.2120648910221644,
    "loss_spatial_aux": 0.1936291178005437,
    "loss_spectral_aux": 0.14631360391154885
  }
}