{
  "dataset_name": "openfake_merged_merged",
  "dataset_class": "OpenFakeDataset",
  "fit_split": "val",
  "evaluated_csv": "/home/user/SC/Deepfake-Fusion/data/splits/openfake/merged/val.csv",
  "split_csv_override_used": false,
  "generator_name": null,
  "checkpoint": "/home/user/SC/Deepfake-Fusion/outputs/fusion/resnet_spai_openfake/merged/merged/best.pth",
  "threshold_for_reporting": 0.5,
  "temperature_init": 1.0,
  "temperature": 2.7120187282562256,
  "nll_before": 0.16092081367969513,
  "nll_after": 0.09476728737354279,
  "metrics_before": {
    "accuracy": 0.964735909990624,
    "precision": 0.9770102651839179,
    "recall": 0.9518699864569226,
    "f1": 0.9642762914885759,
    "auc": 0.9945957220406626,
    "loss": 0.16092837205813917
  },
  "metrics_after": {
    "accuracy": 0.964735909990624,
    "precision": 0.9770102651839179,
    "recall": 0.9518699864569226,
    "f1": 0.9642762914885759,
    "auc": 0.9949872695376286,
    "loss": 0.09476728737354279
  },
  "dataset_size": 19198,
  "class_counts": {
    "0": 9599,
    "1": 9599
  },
  "best_score_in_checkpoint": 0.9945957220406626,
  "best_epoch_in_checkpoint": 12,
  "saved_epoch": 12
}