{
  "best_checkpoint": "/home/user/SC/Deepfake-Fusion/outputs/fusion/vit_spai_openfake/by_generator/midjourney-6/best.pth",
  "best_epoch": 2,
  "best_monitor": "val_auc",
  "best_score": 0.99823203125,
  "val_metrics": {
    "accuracy": 0.9725,
    "precision": 0.95,
    "recall": 0.9975,
    "f1": 0.973170731707317,
    "auc": 0.99823203125,
    "loss": 0.12887158436700702,
    "threshold": 0.5,
    "loss_total": 0.12887158436700702,
    "loss_spatial_aux": 0.1047583518922329,
    "loss_spectral_aux": 0.08020216941833497
  },
  "test_metrics": {
    "accuracy": 0.9740462789243277,
    "precision": 0.9605103280680437,
    "recall": 0.9887429643527205,
    "f1": 0.97442218798151,
    "auc": 0.9972154657323742,
    "loss": 0.11813371518092129,
    "threshold": 0.5,
    "loss_total": 0.11813095336779952,
    "loss_spatial_aux": 0.0884174194931984,
    "loss_spectral_aux": 0.08704450346529484
  }
}