{
  "dataset_name": "openfake_by_generator_ideogram-3.0",
  "dataset_class": "OpenFakeDataset",
  "split": "test",
  "checkpoint": "/home/user/SC/Deepfake-Fusion/outputs/fusion/vit_spai_openfake/by_generator/ideogram-3.0/best.pth",
  "metrics": {
    "accuracy": 0.9777986241400876,
    "precision": 0.9669926650366748,
    "recall": 0.9893683552220137,
    "f1": 0.9780525502318392,
    "auc": 0.9966563686419083,
    "loss": 0.0900792564504813
  },
  "dataset_size": 3198,
  "class_counts": {
    "0": 1599,
    "1": 1599
  },
  "best_score_in_checkpoint": 0.9980249999999999,
  "best_epoch_in_checkpoint": 9,
  "saved_epoch": 9
}