{
  "dataset_name": "openfake_by_generator_ideogram-3.0",
  "dataset_class": "OpenFakeDataset",
  "split": "test",
  "checkpoint": "/home/user/SC/Deepfake-Fusion/outputs/fusion/vit_spai_openfake/by_generator/ideogram-3.0/best.pth",
  "metrics": {
    "accuracy": 0.9221388367729831,
    "precision": 0.8660520607375272,
    "recall": 0.9987492182614134,
    "f1": 0.9276793494045891,
    "auc": 0.9965292566766049,
    "loss": 0.1942034699611035
  },
  "dataset_size": 3198,
  "class_counts": {
    "0": 1599,
    "1": 1599
  },
  "best_score_in_checkpoint": 0.9965421875000001,
  "best_epoch_in_checkpoint": 1,
  "saved_epoch": 1
}