{
  "dataset_name": "openfake_by_generator_ideogram-3.0",
  "dataset_class": "OpenFakeDataset",
  "split": "test",
  "checkpoint": "/home/user/SC/Deepfake-Fusion/outputs/fusion/vit_spai_openfake/by_generator/ideogram-3.0/best.pth",
  "metrics": {
    "accuracy": 0.9771732332707942,
    "precision": 0.9835234474017744,
    "recall": 0.9706066291432145,
    "f1": 0.977022348127164,
    "auc": 0.9978866169091767,
    "loss": 0.07043799201144212
  },
  "dataset_size": 3198,
  "class_counts": {
    "0": 1599,
    "1": 1599
  },
  "best_score_in_checkpoint": 0.99848046875,
  "best_epoch_in_checkpoint": 7,
  "saved_epoch": 7
}