{
  "dataset_name": "openfake_by_generator_ideogram-3.0",
  "dataset_class": "OpenFakeDataset",
  "split": "test",
  "checkpoint": "/home/user/SC/Deepfake-Fusion/outputs/fusion/vit_spai_openfake/by_generator/ideogram-3.0/best.pth",
  "metrics": {
    "accuracy": 0.9749843652282677,
    "precision": 0.9890534449452673,
    "recall": 0.9606003752345216,
    "f1": 0.9746192893401016,
    "auc": 0.9984740697457487,
    "loss": 0.16828136811332267,
    "threshold": 0.5,
    "loss_total": 0.1683505247614812,
    "loss_spatial_aux": 0.12024585854262114,
    "loss_spectral_aux": 0.11863107442855834
  },
  "dataset_size": 3198,
  "class_counts": {
    "0": 1599,
    "1": 1599
  },
  "best_score_in_checkpoint": 0.9986562499999999,
  "best_epoch_in_checkpoint": 7,
  "saved_epoch": 7
}