{
  "dataset_name": "openfake_by_generator_ideogram-3.0",
  "dataset_class": "OpenFakeDataset",
  "split": "test",
  "checkpoint": "/home/user/SC/Deepfake-Fusion/outputs/fusion/vit_spai_openfake/by_generator/ideogram-3.0/best.pth",
  "metrics": {
    "accuracy": 0.9749843652282677,
    "precision": 0.98468410976388,
    "recall": 0.9649781113195748,
    "f1": 0.9747315224257739,
    "auc": 0.9969866641948278,
    "loss": 0.11603105074730122,
    "threshold": 0.5,
    "loss_total": 0.1160289128124714,
    "loss_spatial_aux": 0.08414535406976938,
    "loss_spectral_aux": 0.10381327874958515
  },
  "dataset_size": 3198,
  "class_counts": {
    "0": 1599,
    "1": 1599
  },
  "best_score_in_checkpoint": 0.9979328125,
  "best_epoch_in_checkpoint": 4,
  "saved_epoch": 4
}