{
  "best_checkpoint": "/home/user/SC/Deepfake-Fusion/outputs/fusion/vit_spai_openfake/by_generator/ideogram-3.0/best.pth",
  "best_epoch": 4,
  "best_monitor": "val_auc",
  "best_score": 0.9979328125,
  "val_metrics": {
    "accuracy": 0.97375,
    "precision": 0.9834183673469388,
    "recall": 0.96375,
    "f1": 0.9734848484848485,
    "auc": 0.9979328125,
    "loss": 0.1003203171864152,
    "threshold": 0.5,
    "loss_total": 0.1003203171864152,
    "loss_spatial_aux": 0.06849345445632934,
    "loss_spectral_aux": 0.11037186995148658
  },
  "test_metrics": {
    "accuracy": 0.9749843652282677,
    "precision": 0.98468410976388,
    "recall": 0.9649781113195748,
    "f1": 0.9747315224257739,
    "auc": 0.9969866641948278,
    "loss": 0.11603105074730122,
    "threshold": 0.5,
    "loss_total": 0.1160289128124714,
    "loss_spatial_aux": 0.08414535406976938,
    "loss_spectral_aux": 0.10381327874958515
  }
}