{
  "best_checkpoint": "/home/user/SC/Deepfake-Fusion/outputs/fusion/vit_spai_openfake/by_generator/ideogram-3.0/best.pth",
  "best_epoch": 1,
  "best_monitor": "val_auc",
  "best_score": 0.9965421875000001,
  "val_metrics": {
    "accuracy": 0.92125,
    "precision": 0.8647186147186147,
    "recall": 0.99875,
    "f1": 0.9269141531322506,
    "auc": 0.9965421875000001,
    "loss": 0.1931660743057728
  },
  "test_metrics": {
    "accuracy": 0.9221388367729831,
    "precision": 0.8660520607375272,
    "recall": 0.9987492182614134,
    "f1": 0.9276793494045891,
    "auc": 0.9965292566766049,
    "loss": 0.1942034699611035
  }
}