{
  "best_checkpoint": "/home/user/SC/Deepfake-Fusion/outputs/fusion/vit_spai_openfake/by_generator/ideogram-3.0/best.pth",
  "best_epoch": 7,
  "best_monitor": "val_auc",
  "best_score": 0.9986562499999999,
  "val_metrics": {
    "accuracy": 0.974375,
    "precision": 0.9846743295019157,
    "recall": 0.96375,
    "f1": 0.9740998104864181,
    "auc": 0.9986562499999999,
    "loss": 0.13984572366811335,
    "threshold": 0.5,
    "loss_total": 0.13984572366811335,
    "loss_spatial_aux": 0.07872234404087067,
    "loss_spectral_aux": 0.1430305276811123
  },
  "test_metrics": {
    "accuracy": 0.9749843652282677,
    "precision": 0.9890534449452673,
    "recall": 0.9606003752345216,
    "f1": 0.9746192893401016,
    "auc": 0.9984740697457487,
    "loss": 0.16828136811332267,
    "threshold": 0.5,
    "loss_total": 0.1683505247614812,
    "loss_spatial_aux": 0.12024585854262114,
    "loss_spectral_aux": 0.11863107442855834
  }
}