{
  "dataset_name": "openfake_by_generator_ideogram-3.0",
  "dataset_class": "OpenFakeDataset",
  "fit_split": "val",
  "evaluated_csv": "/home/user/SC/Deepfake-Fusion/data/splits/openfake/by_generator/ideogram-3.0/val.csv",
  "split_csv_override_used": false,
  "generator_name": null,
  "checkpoint": "/home/user/SC/Deepfake-Fusion/outputs/fusion/vit_spai_openfake/by_generator/ideogram-3.0/best.pth",
  "threshold_for_reporting": 0.5,
  "temperature_init": 1.0,
  "temperature": 2.2862868309020996,
  "nll_before": 0.09548500925302505,
  "nll_after": 0.060871221125125885,
  "metrics_before": {
    "accuracy": 0.974375,
    "precision": 0.9846743295019157,
    "recall": 0.96375,
    "f1": 0.9740998104864181,
    "auc": 0.9986562499999999,
    "loss": 0.0954951498657465
  },
  "metrics_after": {
    "accuracy": 0.974375,
    "precision": 0.9846743295019157,
    "recall": 0.96375,
    "f1": 0.9740998104864181,
    "auc": 0.9986578125000001,
    "loss": 0.060871221125125885
  },
  "dataset_size": 1600,
  "class_counts": {
    "0": 800,
    "1": 800
  },
  "best_score_in_checkpoint": 0.9986562499999999,
  "best_epoch_in_checkpoint": 7,
  "saved_epoch": 7
}