{
  "dataset_name": "openfake_by_generator_ideogram-3.0",
  "dataset_class": "OpenFakeDataset",
  "split": "test",
  "checkpoint": "/home/user/SC/Deepfake-Fusion/outputs/spatial/vit_openfake/by_generator/ideogram-3.0/best.pth",
  "metrics": {
    "accuracy": 0.9815509693558474,
    "precision": 0.9770755885997522,
    "recall": 0.9862414008755472,
    "f1": 0.9816370992841581,
    "auc": 0.9972432348078712,
    "loss": 0.07393968895105663
  },
  "dataset_size": 3198,
  "class_counts": {
    "0": 1599,
    "1": 1599
  },
  "best_score_in_checkpoint": 0.9975234374999999,
  "best_epoch_in_checkpoint": 10,
  "saved_epoch": 10
}