{
  "best_checkpoint": "/home/user/SC/Deepfake-Fusion/outputs/spatial/vit_openfake/by_generator/ideogram-3.0/best.pth",
  "best_epoch": 9,
  "best_monitor": "val_auc",
  "best_score": 0.99733125,
  "val_metrics": {
    "accuracy": 0.9775,
    "precision": 0.9823232323232324,
    "recall": 0.9725,
    "f1": 0.9773869346733668,
    "auc": 0.99733125,
    "loss": 0.07723291292786598,
    "threshold": 0.5,
    "loss_total": 0.07723291292786598
  },
  "test_metrics": {
    "accuracy": 0.9803001876172608,
    "precision": 0.9830188679245283,
    "recall": 0.9774859287054409,
    "f1": 0.980244590780809,
    "auc": 0.9981427964084807,
    "loss": 0.06716948900933263,
    "threshold": 0.5,
    "loss_total": 0.06718931172043086
  }
}