{
  "best_checkpoint": "/home/user/SC/Deepfake-Fusion/outputs/spatial/vit_openfake/by_generator/ideogram-3.0/best.pth",
  "best_epoch": 10,
  "best_monitor": "val_auc",
  "best_score": 0.9975234374999999,
  "val_metrics": {
    "accuracy": 0.978125,
    "precision": 0.967032967032967,
    "recall": 0.99,
    "f1": 0.9783817171093268,
    "auc": 0.9975234374999999,
    "loss": 0.08803418941795826
  },
  "test_metrics": {
    "accuracy": 0.9815509693558474,
    "precision": 0.9770755885997522,
    "recall": 0.9862414008755472,
    "f1": 0.9816370992841581,
    "auc": 0.9972432348078712,
    "loss": 0.07393968895105663
  }
}