{
  "dataset_name": "openfake_by_generator_ideogram-3.0",
  "dataset_class": "OpenFakeDataset",
  "fit_split": "val",
  "evaluated_csv": "/home/user/SC/Deepfake-Fusion/data/splits/openfake/by_generator/ideogram-3.0/val.csv",
  "split_csv_override_used": false,
  "generator_name": null,
  "checkpoint": "/home/user/SC/Deepfake-Fusion/outputs/spatial/vit_openfake/by_generator/ideogram-3.0/best.pth",
  "threshold_for_reporting": 0.5,
  "temperature_init": 1.0,
  "temperature": 2.392191171646118,
  "nll_before": 0.08802887797355652,
  "nll_after": 0.05421243980526924,
  "metrics_before": {
    "accuracy": 0.978125,
    "precision": 0.967032967032967,
    "recall": 0.99,
    "f1": 0.9783817171093268,
    "auc": 0.9975234374999999,
    "loss": 0.08803418941795826
  },
  "metrics_after": {
    "accuracy": 0.978125,
    "precision": 0.967032967032967,
    "recall": 0.99,
    "f1": 0.9783817171093268,
    "auc": 0.9983312499999999,
    "loss": 0.05421243980526924
  },
  "dataset_size": 1600,
  "class_counts": {
    "0": 800,
    "1": 800
  },
  "best_score_in_checkpoint": 0.9975234374999999,
  "best_epoch_in_checkpoint": 10,
  "saved_epoch": 10
}