{
  "best_checkpoint": "/home/user/SC/Deepfake-Fusion/outputs/spatial/resnet_openfake/logo/flux-1.1-pro/best.pth",
  "best_epoch": 10,
  "best_monitor": "val_auc",
  "best_score": 0.9897782735020662,
  "val_metrics": {
    "accuracy": 0.9494886363636363,
    "precision": 0.9515926475625072,
    "recall": 0.9471590909090909,
    "f1": 0.9493706930918617,
    "auc": 0.9897782735020662,
    "loss": 0.16799567858603867,
    "threshold": 0.5,
    "loss_total": 0.16799567858603867
  },
  "test_metrics": {
    "accuracy": 0.696375,
    "precision": 0.8985286656519533,
    "recall": 0.44275,
    "f1": 0.593200468933177,
    "auc": 0.83145021875,
    "loss": 2.033174066156149,
    "threshold": 0.5,
    "loss_total": 2.033174066156149
  }
}