{
  "dataset_name": "openfake_by_generator_sdxl-epic-realism",
  "dataset_class": "OpenFakeDataset",
  "split": "test",
  "checkpoint": "/home/user/SC/Deepfake-Fusion/outputs/spatial/resnet_openfake/by_generator/sdxl-epic-realism/best.pth",
  "metrics": {
    "accuracy": 0.981863664790494,
    "precision": 0.9806612601372426,
    "recall": 0.9831144465290806,
    "f1": 0.9818863210493441,
    "auc": 0.9983354199251329,
    "loss": 0.05023770365372458,
    "threshold": 0.5,
    "loss_total": 0.05021633606404066
  },
  "dataset_size": 3198,
  "class_counts": {
    "0": 1599,
    "1": 1599
  },
  "best_score_in_checkpoint": 0.99872578125,
  "best_epoch_in_checkpoint": 10,
  "saved_epoch": 10
}