{
  "best_checkpoint": "/home/user/SC/Deepfake-Fusion/outputs/spatial/resnet_openfake/by_generator/sdxl-epic-realism/best.pth",
  "best_epoch": 10,
  "best_monitor": "val_auc",
  "best_score": 0.99872578125,
  "val_metrics": {
    "accuracy": 0.981875,
    "precision": 0.9718482252141983,
    "recall": 0.9925,
    "f1": 0.9820655534941249,
    "auc": 0.99872578125,
    "loss": 0.04948164276778698,
    "threshold": 0.5,
    "loss_total": 0.04948164276778698
  },
  "test_metrics": {
    "accuracy": 0.981863664790494,
    "precision": 0.9806612601372426,
    "recall": 0.9831144465290806,
    "f1": 0.9818863210493441,
    "auc": 0.9983354199251329,
    "loss": 0.05023770365372458,
    "threshold": 0.5,
    "loss_total": 0.05021633606404066
  }
}