{
  "best_checkpoint": "/home/user/SC/Deepfake-Fusion/outputs/fusion/vit_spai_openfake/logo/sdxl-epic-realism/best.pth",
  "best_epoch": 13,
  "best_monitor": "val_auc",
  "best_score": 0.9937173424586778,
  "val_metrics": {
    "accuracy": 0.965,
    "precision": 0.972735674676525,
    "recall": 0.9568181818181818,
    "f1": 0.964711274060495,
    "auc": 0.9937173424586778,
    "loss": 0.17092310379174622
  },
  "test_metrics": {
    "accuracy": 0.8858125,
    "precision": 0.9711494428331553,
    "recall": 0.79525,
    "f1": 0.8744416191327057,
    "auc": 0.9764098437500001,
    "loss": 0.6757537034526467
  }
}