{
  "best_checkpoint": "/home/user/SC/Deepfake-Fusion/outputs/fusion/vit_spai_openfake/logo/sdxl-epic-realism/best.pth",
  "best_epoch": 14,
  "best_monitor": "val_auc",
  "best_score": 0.9926239282024794,
  "val_metrics": {
    "accuracy": 0.9641477272727272,
    "precision": 0.972907259465092,
    "recall": 0.9548863636363636,
    "f1": 0.9638125824396399,
    "auc": 0.9926239282024794,
    "loss": 0.20149967291138388
  },
  "test_metrics": {
    "accuracy": 0.89175,
    "precision": 0.9717037928958459,
    "recall": 0.807,
    "f1": 0.8817263042884458,
    "auc": 0.9782749375,
    "loss": 0.6927882205024362
  }
}