{
  "best_checkpoint": "/home/user/SC/Deepfake-Fusion/outputs/fusion/vit_spai_openfake/logo/sdxl-epic-realism/best.pth",
  "best_epoch": 8,
  "best_monitor": "val_auc",
  "best_score": 0.9925298618285123,
  "val_metrics": {
    "accuracy": 0.96,
    "precision": 0.9493783303730018,
    "recall": 0.9718181818181818,
    "f1": 0.9604672057502246,
    "auc": 0.9925298618285123,
    "loss": 0.2186653825335882,
    "threshold": 0.5,
    "loss_total": 0.2186653825335882,
    "loss_spatial_aux": 0.16917656101963738,
    "loss_spectral_aux": 0.14701448540795933
  },
  "test_metrics": {
    "accuracy": 0.8888125,
    "precision": 0.9432806042468291,
    "recall": 0.827375,
    "f1": 0.8815342611706732,
    "auc": 0.969947390625,
    "loss": 0.6279594557955861,
    "threshold": 0.5,
    "loss_total": 0.6279594557955861,
    "loss_spatial_aux": 0.4717425399944186,
    "loss_spectral_aux": 0.34607069157063963
  }
}