{
  "dataset_name": "openfake_logo_sdxl-epic-realism",
  "dataset_class": "OpenFakeDataset",
  "fit_split": "val",
  "evaluated_csv": "/home/user/SC/Deepfake-Fusion/data/splits/openfake/logo/sdxl-epic-realism/val.csv",
  "split_csv_override_used": false,
  "generator_name": null,
  "checkpoint": "/home/user/SC/Deepfake-Fusion/outputs/fusion/vit_spai_openfake/logo/sdxl-epic-realism/best.pth",
  "threshold_for_reporting": 0.5,
  "temperature_init": 1.0,
  "temperature": 3.38844895362854,
  "nll_before": 0.201490119099617,
  "nll_after": 0.09433063864707947,
  "metrics_before": {
    "accuracy": 0.9641477272727272,
    "precision": 0.972907259465092,
    "recall": 0.9548863636363636,
    "f1": 0.9638125824396399,
    "auc": 0.9926239282024794,
    "loss": 0.20149967291138388
  },
  "metrics_after": {
    "accuracy": 0.9641477272727272,
    "precision": 0.9727977775205464,
    "recall": 0.955,
    "f1": 0.9638167326108148,
    "auc": 0.994724160640496,
    "loss": 0.09433063864707947
  },
  "dataset_size": 17600,
  "class_counts": {
    "0": 8800,
    "1": 8800
  },
  "best_score_in_checkpoint": 0.9926239282024794,
  "best_epoch_in_checkpoint": 14,
  "saved_epoch": 14
}