{
  "dataset_name": "openfake_logo_sdxl-epic-realism",
  "dataset_class": "OpenFakeDataset",
  "fit_split": "val",
  "evaluated_csv": "/home/user/SC/Deepfake-Fusion/data/splits/openfake/logo/sdxl-epic-realism/val.csv",
  "split_csv_override_used": false,
  "generator_name": null,
  "checkpoint": "/home/user/SC/Deepfake-Fusion/outputs/fusion/vit_spai_openfake/logo/sdxl-epic-realism/best.pth",
  "threshold_for_reporting": 0.5,
  "temperature_init": 1.0,
  "temperature": 2.3289289474487305,
  "nll_before": 0.1554170399904251,
  "nll_after": 0.10335966944694519,
  "metrics_before": {
    "accuracy": 0.96,
    "precision": 0.9493783303730018,
    "recall": 0.9718181818181818,
    "f1": 0.9604672057502246,
    "auc": 0.9925298618285123,
    "loss": 0.1554271722855893
  },
  "metrics_after": {
    "accuracy": 0.96,
    "precision": 0.9493783303730018,
    "recall": 0.9718181818181818,
    "f1": 0.9604672057502246,
    "auc": 0.9939612151342976,
    "loss": 0.10335966944694519
  },
  "dataset_size": 17600,
  "class_counts": {
    "0": 8800,
    "1": 8800
  },
  "best_score_in_checkpoint": 0.9925298618285123,
  "best_epoch_in_checkpoint": 8,
  "saved_epoch": 8
}