{
  "dataset_name": "openfake_logo_sdxl-epic-realism",
  "dataset_class": "OpenFakeDataset",
  "fit_split": "val",
  "evaluated_csv": "/home/user/SC/Deepfake-Fusion/data/splits/openfake/logo/sdxl-epic-realism/val.csv",
  "split_csv_override_used": false,
  "generator_name": null,
  "checkpoint": "/home/user/SC/Deepfake-Fusion/outputs/fusion/vit_spai_openfake/logo/sdxl-epic-realism/best.pth",
  "threshold_for_reporting": 0.5,
  "temperature_init": 1.0,
  "temperature": 1.6405177116394043,
  "nll_before": 0.15067099034786224,
  "nll_after": 0.13021358847618103,
  "metrics_before": {
    "accuracy": 0.9488636363636364,
    "precision": 0.9659117716442557,
    "recall": 0.9305681818181818,
    "f1": 0.9479106378053015,
    "auc": 0.9901489540289256,
    "loss": 0.1506712662022222
  },
  "metrics_after": {
    "accuracy": 0.9488636363636364,
    "precision": 0.9659117716442557,
    "recall": 0.9305681818181818,
    "f1": 0.9479106378053015,
    "auc": 0.9901630681818182,
    "loss": 0.13021358847618103
  },
  "dataset_size": 17600,
  "class_counts": {
    "0": 8800,
    "1": 8800
  },
  "best_score_in_checkpoint": 0.9901489540289256,
  "best_epoch_in_checkpoint": 5,
  "saved_epoch": 5
}