{
  "best_checkpoint": "/home/user/SC/Deepfake-Fusion/outputs/frequency/spai_openfake/group_holdout/split_b/best.pth",
  "best_epoch": 9,
  "best_monitor": "val_auc",
  "best_score": 0.9942764105902777,
  "val_metrics": {
    "accuracy": 0.9679166666666666,
    "precision": 0.9669438669438669,
    "recall": 0.9689583333333334,
    "f1": 0.9679500520291363,
    "auc": 0.9942764105902777,
    "loss": 0.1410259464631478
  },
  "test_metrics": {
    "accuracy": 0.7606602475928473,
    "precision": 0.943856909645823,
    "recall": 0.5542911925305323,
    "f1": 0.6984243697478991,
    "auc": 0.9183498693701885,
    "loss": 1.8693384054398696
  }
}