{
  "dataset_name": "openfake_group_holdout_split_b",
  "dataset_class": "OpenFakeDataset",
  "fit_split": "val",
  "evaluated_csv": "/home/user/SC/Deepfake-Fusion/data/splits/openfake/group_holdout/split_b/val.csv",
  "split_csv_override_used": false,
  "generator_name": null,
  "checkpoint": "/home/user/SC/Deepfake-Fusion/outputs/frequency/spai_openfake/group_holdout/split_b/best.pth",
  "threshold_for_reporting": 0.5,
  "temperature_init": 1.0,
  "temperature": 2.8400588035583496,
  "nll_before": 0.14101913571357727,
  "nll_after": 0.0811726301908493,
  "metrics_before": {
    "accuracy": 0.9679166666666666,
    "precision": 0.9669438669438669,
    "recall": 0.9689583333333334,
    "f1": 0.9679500520291363,
    "auc": 0.9942764105902777,
    "loss": 0.1410259464631478
  },
  "metrics_after": {
    "accuracy": 0.9679166666666666,
    "precision": 0.9669438669438669,
    "recall": 0.9689583333333334,
    "f1": 0.9679500520291363,
    "auc": 0.9958317057291668,
    "loss": 0.0811726301908493
  },
  "dataset_size": 9600,
  "class_counts": {
    "0": 4800,
    "1": 4800
  },
  "best_score_in_checkpoint": 0.9942764105902777,
  "best_epoch_in_checkpoint": 9,
  "saved_epoch": 9
}