{
  "best_checkpoint": "/home/user/SC/Deepfake-Fusion/outputs/fusion/resnet_spai_openfake/logo/hidream-i1-full/best.pth",
  "best_epoch": 9,
  "best_monitor": "val_auc",
  "best_score": 0.9921015366735535,
  "val_metrics": {
    "accuracy": 0.9576704545454545,
    "precision": 0.9596028757274906,
    "recall": 0.9555681818181818,
    "f1": 0.9575812788248022,
    "auc": 0.9921015366735535,
    "loss": 0.2343072888593782,
    "threshold": 0.5,
    "loss_total": 0.2343072888593782,
    "loss_spatial_aux": 0.22459467989477244,
    "loss_spectral_aux": 0.1641929091039029
  },
  "test_metrics": {
    "accuracy": 0.92975,
    "precision": 0.9593800106894709,
    "recall": 0.8975,
    "f1": 0.9274089382588478,
    "auc": 0.9837188828125,
    "loss": 0.40547177220508457,
    "threshold": 0.5,
    "loss_total": 0.40547177220508457,
    "loss_spatial_aux": 0.37346866919100286,
    "loss_spectral_aux": 0.22705595460534095
  }
}