{
  "dataset_name": "openfake_by_generator_ideogram-3.0",
  "dataset_class": "OpenFakeDataset",
  "split": "test",
  "checkpoint": "/home/user/SC/Deepfake-Fusion/outputs/spatial/resnet_openfake/by_generator/ideogram-3.0/best.pth",
  "metrics": {
    "accuracy": 0.9609130706691682,
    "precision": 0.9617794486215538,
    "recall": 0.9599749843652282,
    "f1": 0.9608763693270735,
    "auc": 0.9942537569408023,
    "loss": 0.10423884965511991,
    "threshold": 0.5,
    "loss_total": 0.10420252561569214
  },
  "dataset_size": 3198,
  "class_counts": {
    "0": 1599,
    "1": 1599
  },
  "best_score_in_checkpoint": 0.9930156250000001,
  "best_epoch_in_checkpoint": 10,
  "saved_epoch": 10
}