{
  "best_checkpoint": "/home/user/SC/Deepfake-Fusion/outputs/spatial/resnet_openfake/by_generator/ideogram-3.0/best.pth",
  "best_epoch": 10,
  "best_monitor": "val_auc",
  "best_score": 0.9930156250000001,
  "val_metrics": {
    "accuracy": 0.96,
    "precision": 0.956575682382134,
    "recall": 0.96375,
    "f1": 0.9601494396014943,
    "auc": 0.9930156250000001,
    "loss": 0.11970050908625125,
    "threshold": 0.5,
    "loss_total": 0.11970050908625125
  },
  "test_metrics": {
    "accuracy": 0.9609130706691682,
    "precision": 0.9617794486215538,
    "recall": 0.9599749843652282,
    "f1": 0.9608763693270735,
    "auc": 0.9942537569408023,
    "loss": 0.10423884965511991,
    "threshold": 0.5,
    "loss_total": 0.10420252561569214
  }
}