{
  "dataset_name": "openfake_by_generator_ideogram-3.0",
  "dataset_class": "OpenFakeDataset",
  "fit_split": "val",
  "evaluated_csv": "/home/user/SC/Deepfake-Fusion/data/splits/openfake/by_generator/ideogram-3.0/val.csv",
  "split_csv_override_used": false,
  "generator_name": null,
  "checkpoint": "/home/user/SC/Deepfake-Fusion/outputs/spatial/resnet_openfake/by_generator/ideogram-3.0/best.pth",
  "threshold_for_reporting": 0.5,
  "temperature_init": 1.0,
  "temperature": 1.5384465456008911,
  "nll_before": 0.1196991503238678,
  "nll_after": 0.10720498859882355,
  "metrics_before": {
    "accuracy": 0.96,
    "precision": 0.956575682382134,
    "recall": 0.96375,
    "f1": 0.9601494396014943,
    "auc": 0.9930156250000001,
    "loss": 0.11970050908625125
  },
  "metrics_after": {
    "accuracy": 0.96,
    "precision": 0.956575682382134,
    "recall": 0.96375,
    "f1": 0.9601494396014943,
    "auc": 0.9930390625000001,
    "loss": 0.10720498859882355
  },
  "dataset_size": 1600,
  "class_counts": {
    "0": 800,
    "1": 800
  },
  "best_score_in_checkpoint": 0.9930156250000001,
  "best_epoch_in_checkpoint": 10,
  "saved_epoch": 10
}