{
  "dataset_name": "openfake_logo_sd-3.5",
  "dataset_class": "OpenFakeDataset",
  "split": "test",
  "checkpoint": "/home/user/SC/Deepfake-Fusion/outputs/spatial/vit_openfake/logo/sd-3.5/best.pth",
  "metrics": {
    "accuracy": 0.7789375,
    "precision": 0.9577435897435898,
    "recall": 0.583625,
    "f1": 0.7252815533980582,
    "auc": 0.94178265625,
    "loss": 1.3134047863855958,
    "threshold": 0.5,
    "loss_total": 1.3134047863855958
  },
  "dataset_size": 16000,
  "class_counts": {
    "0": 8000,
    "1": 8000
  },
  "best_score_in_checkpoint": 0.9944799070247934,
  "best_epoch_in_checkpoint": 9,
  "saved_epoch": 9
}