{
  "dataset_name": "openfake_logo_sd-3.5",
  "dataset_class": "OpenFakeDataset",
  "split": "test",
  "checkpoint": "/home/user/SC/Deepfake-Fusion/outputs/spatial/vit_openfake/logo/sd-3.5/best.pth",
  "metrics": {
    "accuracy": 0.842375,
    "precision": 0.9628252788104089,
    "recall": 0.71225,
    "f1": 0.8187958039948269,
    "auc": 0.9611499218749999,
    "loss": 0.9817921886891127
  },
  "dataset_size": 16000,
  "class_counts": {
    "0": 8000,
    "1": 8000
  },
  "best_score_in_checkpoint": 0.9953809917355372,
  "best_epoch_in_checkpoint": 10,
  "saved_epoch": 10
}