{
  "best_checkpoint": "/home/user/SC/Deepfake-Fusion/outputs/spatial/vit_openfake/logo/sd-3.5/best.pth",
  "best_epoch": 10,
  "best_monitor": "val_auc",
  "best_score": 0.9953809917355372,
  "val_metrics": {
    "accuracy": 0.9734659090909091,
    "precision": 0.9727675025530467,
    "recall": 0.9742045454545455,
    "f1": 0.9734854936694487,
    "auc": 0.9953809917355372,
    "loss": 0.12325846581296487
  },
  "test_metrics": {
    "accuracy": 0.842375,
    "precision": 0.9628252788104089,
    "recall": 0.71225,
    "f1": 0.8187958039948269,
    "auc": 0.9611499218749999,
    "loss": 0.9817921886891127
  }
}