{
  "dataset_name": "openfake_logo_sd-3.5",
  "dataset_class": "OpenFakeDataset",
  "fit_split": "val",
  "evaluated_csv": "/home/user/SC/Deepfake-Fusion/data/splits/openfake/logo/sd-3.5/val.csv",
  "split_csv_override_used": false,
  "generator_name": null,
  "checkpoint": "/home/user/SC/Deepfake-Fusion/outputs/spatial/vit_openfake/logo/sd-3.5/best.pth",
  "threshold_for_reporting": 0.5,
  "temperature_init": 1.0,
  "temperature": 2.713993549346924,
  "nll_before": 0.12325393408536911,
  "nll_after": 0.07223457843065262,
  "metrics_before": {
    "accuracy": 0.9734659090909091,
    "precision": 0.9727675025530467,
    "recall": 0.9742045454545455,
    "f1": 0.9734854936694487,
    "auc": 0.9953809917355372,
    "loss": 0.12325846581296487
  },
  "metrics_after": {
    "accuracy": 0.9734659090909091,
    "precision": 0.9727675025530467,
    "recall": 0.9742045454545455,
    "f1": 0.9734854936694487,
    "auc": 0.9967432722107439,
    "loss": 0.07223457843065262
  },
  "dataset_size": 17600,
  "class_counts": {
    "0": 8800,
    "1": 8800
  },
  "best_score_in_checkpoint": 0.9953809917355372,
  "best_epoch_in_checkpoint": 10,
  "saved_epoch": 10
}