{
  "dataset_name": "openfake_logo_sd-3.5",
  "dataset_class": "OpenFakeDataset",
  "fit_split": "val",
  "evaluated_csv": "/home/user/SC/Deepfake-Fusion/data/splits/openfake/logo/sd-3.5/val.csv",
  "split_csv_override_used": false,
  "generator_name": null,
  "checkpoint": "/home/user/SC/Deepfake-Fusion/outputs/spatial/vit_openfake/logo/sd-3.5/best.pth",
  "threshold_for_reporting": 0.5,
  "temperature_init": 1.0,
  "temperature": 2.488765001296997,
  "nll_before": 0.14760473370552063,
  "nll_after": 0.09327080845832825,
  "metrics_before": {
    "accuracy": 0.9634090909090909,
    "precision": 0.9730858468677495,
    "recall": 0.9531818181818181,
    "f1": 0.9630309988518944,
    "auc": 0.9944799070247934,
    "loss": 0.14761305106634443
  },
  "metrics_after": {
    "accuracy": 0.9634090909090909,
    "precision": 0.9730858468677495,
    "recall": 0.9531818181818181,
    "f1": 0.9630309988518944,
    "auc": 0.9949363442665289,
    "loss": 0.09327080845832825
  },
  "dataset_size": 17600,
  "class_counts": {
    "0": 8800,
    "1": 8800
  },
  "best_score_in_checkpoint": 0.9944799070247934,
  "best_epoch_in_checkpoint": 9,
  "saved_epoch": 9
}