{
  "best_checkpoint": "/home/user/SC/Deepfake-Fusion/outputs/spatial/vit_openfake/logo/sdxl-epic-realism/best.pth",
  "best_epoch": 10,
  "best_monitor": "val_auc",
  "best_score": 0.9938292161673554,
  "val_metrics": {
    "accuracy": 0.9689772727272727,
    "precision": 0.9645429986492571,
    "recall": 0.97375,
    "f1": 0.9691246324361005,
    "auc": 0.9938292161673554,
    "loss": 0.14733965188942172
  },
  "test_metrics": {
    "accuracy": 0.9145,
    "precision": 0.9675690919345742,
    "recall": 0.85775,
    "f1": 0.9093559501722767,
    "auc": 0.98159790625,
    "loss": 0.457465056322515
  }
}