{
  "best_checkpoint": "/home/user/SC/Deepfake-Fusion/outputs/spatial/vit_openfake/logo/sdxl-epic-realism/best.pth",
  "best_epoch": 10,
  "best_monitor": "val_auc",
  "best_score": 0.992901743285124,
  "val_metrics": {
    "accuracy": 0.9609090909090909,
    "precision": 0.9651376146788991,
    "recall": 0.9563636363636364,
    "f1": 0.960730593607306,
    "auc": 0.992901743285124,
    "loss": 0.1740265466272831,
    "threshold": 0.5,
    "loss_total": 0.1740265466272831
  },
  "test_metrics": {
    "accuracy": 0.9140625,
    "precision": 0.9664835938600197,
    "recall": 0.857875,
    "f1": 0.9089464273889146,
    "auc": 0.9817596875,
    "loss": 0.4208042696267366,
    "threshold": 0.5,
    "loss_total": 0.4208042696267366
  }
}