{
  "dataset_name": "openfake_by_generator_dalle-3",
  "dataset_class": "OpenFakeDataset",
  "split": "test",
  "checkpoint": "/home/user/SC/Deepfake-Fusion/outputs/fusion/resnet_spai_openfake/by_generator/dalle-3/best.pth",
  "metrics": {
    "accuracy": 0.9865540963101939,
    "precision": 0.9893081761006289,
    "recall": 0.983739837398374,
    "f1": 0.9865161492630918,
    "auc": 0.9980006265642105,
    "loss": 0.10305911911566455,
    "threshold": 0.5,
    "loss_total": 0.10315437845420092,
    "loss_spatial_aux": 0.08690831378102302,
    "loss_spectral_aux": 0.06747941091656685
  },
  "dataset_size": 3198,
  "class_counts": {
    "0": 1599,
    "1": 1599
  },
  "best_score_in_checkpoint": 0.99717734375,
  "best_epoch_in_checkpoint": 10,
  "saved_epoch": 10
}