{
  "dataset_name": "openfake_by_generator_dalle-3",
  "dataset_class": "OpenFakeDataset",
  "split": "test",
  "checkpoint": "C:/Deepfake-Fusion/outputs/fusion/resnet_spai_openfake/by_generator/dalle-3/best.pth",
  "metrics": {
    "accuracy": 0.9771732332707942,
    "precision": 0.9792713567839196,
    "recall": 0.9749843652282677,
    "f1": 0.9771231588843623,
    "auc": 0.9968689389592699,
    "loss": 0.09132844189635063
  },
  "dataset_size": 3198,
  "class_counts": {
    "0": 1599,
    "1": 1599
  },
  "best_score_in_checkpoint": 0.99670078125,
  "best_epoch_in_checkpoint": 6,
  "saved_epoch": 6
}