{
  "best_checkpoint": "/home/user/SC/Deepfake-Fusion/outputs/fusion/resnet_spai_openfake/by_generator/dalle-3/best.pth",
  "best_epoch": 12,
  "best_monitor": "val_auc",
  "best_score": 0.9972265625,
  "val_metrics": {
    "accuracy": 0.9825,
    "precision": 0.9837092731829574,
    "recall": 0.98125,
    "f1": 0.9824780976220275,
    "auc": 0.9972265625,
    "loss": 0.13670053145382555,
    "threshold": 0.5,
    "loss_total": 0.13670053145382555,
    "loss_spatial_aux": 0.09186575092375278,
    "loss_spectral_aux": 0.11413541324436664
  },
  "test_metrics": {
    "accuracy": 0.981863664790494,
    "precision": 0.981863664790494,
    "recall": 0.981863664790494,
    "f1": 0.981863664790494,
    "auc": 0.9975162321979691,
    "loss": 0.134182215487122,
    "threshold": 0.5,
    "loss_total": 0.13431539342273027,
    "loss_spatial_aux": 0.09715103838592767,
    "loss_spectral_aux": 0.09810051172971726
  }
}