{
  "best_checkpoint": "C:/Deepfake-Fusion/outputs/fusion/resnet_spai_openfake/by_generator/dalle-3/best.pth",
  "best_epoch": 6,
  "best_monitor": "val_auc",
  "best_score": 0.99670078125,
  "val_metrics": {
    "accuracy": 0.9825,
    "precision": 0.9861460957178841,
    "recall": 0.97875,
    "f1": 0.9824341279799247,
    "auc": 0.99670078125,
    "loss": 0.08385902926325799
  },
  "test_metrics": {
    "accuracy": 0.9771732332707942,
    "precision": 0.9792713567839196,
    "recall": 0.9749843652282677,
    "f1": 0.9771231588843623,
    "auc": 0.9968689389592699,
    "loss": 0.09132844189635063
  }
}