{
  "best_checkpoint": "/home/user/SC/Deepfake-Fusion/outputs/fusion/resnet_spai_openfake/by_generator/dalle-3/best.pth",
  "best_epoch": 10,
  "best_monitor": "val_auc",
  "best_score": 0.99717734375,
  "val_metrics": {
    "accuracy": 0.986875,
    "precision": 0.9936628643852978,
    "recall": 0.98,
    "f1": 0.986784140969163,
    "auc": 0.99717734375,
    "loss": 0.12571155329002068,
    "threshold": 0.5,
    "loss_total": 0.12571155329002068,
    "loss_spatial_aux": 0.10346297465264798,
    "loss_spectral_aux": 0.07893570326268673
  },
  "test_metrics": {
    "accuracy": 0.9865540963101939,
    "precision": 0.9893081761006289,
    "recall": 0.983739837398374,
    "f1": 0.9865161492630918,
    "auc": 0.9980006265642105,
    "loss": 0.10305911911566455,
    "threshold": 0.5,
    "loss_total": 0.10315437845420092,
    "loss_spatial_aux": 0.08690831378102302,
    "loss_spectral_aux": 0.06747941091656685
  }
}