{
  "dataset_name": "openfake_logo_hidream-i1-full",
  "dataset_class": "OpenFakeDataset",
  "fit_split": "val",
  "evaluated_csv": "/home/user/SC/Deepfake-Fusion/data/splits/openfake/logo/hidream-i1-full/val.csv",
  "split_csv_override_used": false,
  "generator_name": null,
  "checkpoint": "/home/user/SC/Deepfake-Fusion/outputs/spatial/resnet_openfake/logo/hidream-i1-full/best.pth",
  "threshold_for_reporting": 0.5,
  "temperature_init": 1.0,
  "temperature": 2.2847487926483154,
  "nll_before": 0.2211499661207199,
  "nll_after": 0.15816889703273773,
  "metrics_before": {
    "accuracy": 0.9371022727272728,
    "precision": 0.9350752177355502,
    "recall": 0.9394318181818182,
    "f1": 0.9372484553029874,
    "auc": 0.9837059852789257,
    "loss": 0.22115991225974127
  },
  "metrics_after": {
    "accuracy": 0.9371022727272728,
    "precision": 0.9350752177355502,
    "recall": 0.9394318181818182,
    "f1": 0.9372484553029874,
    "auc": 0.984680888429752,
    "loss": 0.15816889703273773
  },
  "dataset_size": 17600,
  "class_counts": {
    "0": 8800,
    "1": 8800
  },
  "best_score_in_checkpoint": 0.9837059852789256,
  "best_epoch_in_checkpoint": 10,
  "saved_epoch": 10
}