{
  "dataset_name": "openfake_by_generator_flux-mvc5000",
  "dataset_class": "OpenFakeDataset",
  "fit_split": "val",
  "evaluated_csv": "/home/user/SC/Deepfake-Fusion/data/splits/openfake/by_generator/flux-mvc5000/val.csv",
  "split_csv_override_used": false,
  "generator_name": null,
  "checkpoint": "/home/user/SC/Deepfake-Fusion/outputs/frequency/spai_openfake/by_generator/flux-mvc5000/best.pth",
  "threshold_for_reporting": 0.5,
  "temperature_init": 1.0,
  "temperature": 1.6415889263153076,
  "nll_before": 0.06140866130590439,
  "nll_after": 0.05234954506158829,
  "metrics_before": {
    "accuracy": 0.978125,
    "precision": 0.9775280898876404,
    "recall": 0.97875,
    "f1": 0.9781386633354153,
    "auc": 0.99825546875,
    "loss": 0.06141132891178131
  },
  "metrics_after": {
    "accuracy": 0.978125,
    "precision": 0.9775280898876404,
    "recall": 0.97875,
    "f1": 0.9781386633354153,
    "auc": 0.998246875,
    "loss": 0.05234954506158829
  },
  "dataset_size": 1600,
  "class_counts": {
    "0": 800,
    "1": 800
  },
  "best_score_in_checkpoint": 0.99825546875,
  "best_epoch_in_checkpoint": 7,
  "saved_epoch": 7
}