{
  "dataset_name": "openfake_by_generator_hidream-i1-full",
  "dataset_class": "OpenFakeDataset",
  "split": "test",
  "checkpoint": "/home/user/SC/Deepfake-Fusion/outputs/fusion/vit_spai_openfake/by_generator/hidream-i1-full/best.pth",
  "metrics": {
    "accuracy": 0.9843652282676673,
    "precision": 0.9825545171339564,
    "recall": 0.9862414008755472,
    "f1": 0.9843945068664169,
    "auc": 0.9987906763177894,
    "loss": 0.056307572326282175
  },
  "dataset_size": 3198,
  "class_counts": {
    "0": 1599,
    "1": 1599
  },
  "best_score_in_checkpoint": 0.9981320312499999,
  "best_epoch_in_checkpoint": 15,
  "saved_epoch": 15
}