{
  "dataset_name": "openfake_by_generator_hidream-i1-full",
  "dataset_class": "OpenFakeDataset",
  "split": "test",
  "checkpoint": "/home/user/SC/Deepfake-Fusion/outputs/fusion/vit_spai_openfake/by_generator/hidream-i1-full/best.pth",
  "metrics": {
    "accuracy": 0.9871794871794872,
    "precision": 0.9838509316770186,
    "recall": 0.9906191369606003,
    "f1": 0.9872234340916173,
    "auc": 0.9970519801893069,
    "loss": 0.09824955620202443,
    "threshold": 0.5,
    "loss_total": 0.09819059531204402,
    "loss_spatial_aux": 0.07541064545046539,
    "loss_spectral_aux": 0.06476612789556384
  },
  "dataset_size": 3198,
  "class_counts": {
    "0": 1599,
    "1": 1599
  },
  "best_score_in_checkpoint": 0.99867578125,
  "best_epoch_in_checkpoint": 15,
  "saved_epoch": 15
}