{
  "best_checkpoint": "/home/user/SC/Deepfake-Fusion/outputs/fusion/vit_spai_openfake/by_generator/hidream-i1-full/best.pth",
  "best_epoch": 15,
  "best_monitor": "val_auc",
  "best_score": 0.9981320312499999,
  "val_metrics": {
    "accuracy": 0.980625,
    "precision": 0.9788293897882939,
    "recall": 0.9825,
    "f1": 0.9806612601372426,
    "auc": 0.9981320312499999,
    "loss": 0.0685059754550457
  },
  "test_metrics": {
    "accuracy": 0.9843652282676673,
    "precision": 0.9825545171339564,
    "recall": 0.9862414008755472,
    "f1": 0.9843945068664169,
    "auc": 0.9987906763177894,
    "loss": 0.056307572326282175
  }
}