{
  "best_checkpoint": "/home/user/SC/Deepfake-Fusion/outputs/fusion/vit_spai_openfake/by_generator/hidream-i1-full/best.pth",
  "best_epoch": 15,
  "best_monitor": "val_auc",
  "best_score": 0.99867578125,
  "val_metrics": {
    "accuracy": 0.988125,
    "precision": 0.9887359198998749,
    "recall": 0.9875,
    "f1": 0.9881175734834271,
    "auc": 0.99867578125,
    "loss": 0.08571036105975509,
    "threshold": 0.5,
    "loss_total": 0.08571036105975509,
    "loss_spatial_aux": 0.06418370150029659,
    "loss_spectral_aux": 0.08693136274814606
  },
  "test_metrics": {
    "accuracy": 0.9871794871794872,
    "precision": 0.9838509316770186,
    "recall": 0.9906191369606003,
    "f1": 0.9872234340916173,
    "auc": 0.9970519801893069,
    "loss": 0.09824955620202443,
    "threshold": 0.5,
    "loss_total": 0.09819059531204402,
    "loss_spatial_aux": 0.07541064545046539,
    "loss_spectral_aux": 0.06476612789556384
  }
}