{
  "best_checkpoint": "/home/user/SC/Deepfake-Fusion/outputs/fusion/vit_spai_openfake/by_generator/hidream-i1-full/best.pth",
  "best_epoch": 7,
  "best_monitor": "val_auc",
  "best_score": 0.9942890625,
  "val_metrics": {
    "accuracy": 0.9575,
    "precision": 0.9740932642487047,
    "recall": 0.94,
    "f1": 0.9567430025445293,
    "auc": 0.9942890625,
    "loss": 0.14660735681653023
  },
  "test_metrics": {
    "accuracy": 0.9599749843652282,
    "precision": 0.9723827874116892,
    "recall": 0.9468417761100688,
    "f1": 0.9594423320659062,
    "auc": 0.9950803758290144,
    "loss": 0.12739137619305135
  }
}