{
  "dataset_name": "openfake_by_generator_sd-3.5",
  "dataset_class": "OpenFakeDataset",
  "split": "test",
  "checkpoint": "/home/user/SC/Deepfake-Fusion/outputs/spatial/resnet_openfake/by_generator/sd-3.5/best.pth",
  "metrics": {
    "accuracy": 0.9505941213258287,
    "precision": 0.9522912743251726,
    "recall": 0.9487179487179487,
    "f1": 0.9505012531328321,
    "auc": 0.9903103526633477,
    "loss": 0.1431734973309635,
    "threshold": 0.5,
    "loss_total": 0.14314948190003635
  },
  "dataset_size": 3198,
  "class_counts": {
    "0": 1599,
    "1": 1599
  },
  "best_score_in_checkpoint": 0.98862578125,
  "best_epoch_in_checkpoint": 9,
  "saved_epoch": 9
}