{
  "dataset_name": "openfake_by_generator_sd-3.5",
  "dataset_class": "OpenFakeDataset",
  "fit_split": "val",
  "evaluated_csv": "/home/user/SC/Deepfake-Fusion/data/splits/openfake/by_generator/sd-3.5/val.csv",
  "split_csv_override_used": false,
  "generator_name": null,
  "checkpoint": "/home/user/SC/Deepfake-Fusion/outputs/spatial/resnet_openfake/by_generator/sd-3.5/best.pth",
  "threshold_for_reporting": 0.5,
  "temperature_init": 1.0,
  "temperature": 1.6613044738769531,
  "nll_before": 0.15430384874343872,
  "nll_after": 0.13328459858894348,
  "metrics_before": {
    "accuracy": 0.94875,
    "precision": 0.9454094292803971,
    "recall": 0.9525,
    "f1": 0.9489414694894147,
    "auc": 0.98862578125,
    "loss": 0.1543045936524868
  },
  "metrics_after": {
    "accuracy": 0.94875,
    "precision": 0.9454094292803971,
    "recall": 0.9525,
    "f1": 0.9489414694894147,
    "auc": 0.98892109375,
    "loss": 0.13328459858894348
  },
  "dataset_size": 1600,
  "class_counts": {
    "0": 800,
    "1": 800
  },
  "best_score_in_checkpoint": 0.98862578125,
  "best_epoch_in_checkpoint": 9,
  "saved_epoch": 9
}