{
  "best_checkpoint": "/home/user/SC/Deepfake-Fusion/outputs/spatial/vit_openfake/by_generator/sdxl-epic-realism/best.pth",
  "best_epoch": 10,
  "best_monitor": "val_auc",
  "best_score": 0.9996898437499999,
  "val_metrics": {
    "accuracy": 0.98875,
    "precision": 0.9827160493827161,
    "recall": 0.995,
    "f1": 0.9888198757763975,
    "auc": 0.9996898437499999,
    "loss": 0.038758683502674106,
    "threshold": 0.5,
    "loss_total": 0.038758683502674106
  },
  "test_metrics": {
    "accuracy": 0.9946841776110069,
    "precision": 0.9919154228855721,
    "recall": 0.9974984365228268,
    "f1": 0.9946990957280948,
    "auc": 0.9994970277311375,
    "loss": 0.024836399728161044,
    "threshold": 0.5,
    "loss_total": 0.024820885143926715
  }
}