{
  "dataset_name": "openfake_logo_grok-2-image-1212",
  "dataset_class": "OpenFakeDataset",
  "fit_split": "val",
  "evaluated_csv": "/home/user/SC/Deepfake-Fusion/data/splits/openfake/logo/grok-2-image-1212/val.csv",
  "split_csv_override_used": false,
  "generator_name": null,
  "checkpoint": "/home/user/SC/Deepfake-Fusion/outputs/fusion/resnet_spai_openfake/logo/grok-2-image-1212/best.pth",
  "threshold_for_reporting": 0.5,
  "temperature_init": 1.0,
  "temperature": 3.053453207015991,
  "nll_before": 0.19909249246120453,
  "nll_after": 0.10176924616098404,
  "metrics_before": {
    "accuracy": 0.961875,
    "precision": 0.9622426930512908,
    "recall": 0.9614772727272727,
    "f1": 0.9618598306144489,
    "auc": 0.9912500000000001,
    "loss": 0.19910424035381188
  },
  "metrics_after": {
    "accuracy": 0.961875,
    "precision": 0.9622426930512908,
    "recall": 0.9614772727272727,
    "f1": 0.9618598306144489,
    "auc": 0.993747055785124,
    "loss": 0.10176924616098404
  },
  "dataset_size": 17600,
  "class_counts": {
    "0": 8800,
    "1": 8800
  },
  "best_score_in_checkpoint": 0.9912500000000001,
  "best_epoch_in_checkpoint": 14,
  "saved_epoch": 14
}