{
  "dataset_name": "openfake_by_generator_gpt-image-1",
  "dataset_class": "OpenFakeDataset",
  "split": "test",
  "checkpoint": "/home/user/SC/Deepfake-Fusion/outputs/spatial/vit_openfake/by_generator/gpt-image-1/best.pth",
  "metrics": {
    "accuracy": 0.982801751094434,
    "precision": 0.9777227722772277,
    "recall": 0.9881175734834271,
    "f1": 0.9828926905132193,
    "auc": 0.9976417797083152,
    "loss": 0.06953321027338244,
    "threshold": 0.5,
    "loss_total": 0.06952303361147642
  },
  "dataset_size": 3198,
  "class_counts": {
    "0": 1599,
    "1": 1599
  },
  "best_score_in_checkpoint": 0.9975531249999999,
  "best_epoch_in_checkpoint": 10,
  "saved_epoch": 10
}