{
  "best_checkpoint": "/home/user/SC/Deepfake-Fusion/outputs/spatial/vit_openfake/by_generator/gpt-image-1/best.pth",
  "best_epoch": 10,
  "best_monitor": "val_auc",
  "best_score": 0.9975531249999999,
  "val_metrics": {
    "accuracy": 0.984375,
    "precision": 0.9801734820322181,
    "recall": 0.98875,
    "f1": 0.984443061605476,
    "auc": 0.9975531249999999,
    "loss": 0.07246874637901783,
    "threshold": 0.5,
    "loss_total": 0.07246874637901783
  },
  "test_metrics": {
    "accuracy": 0.982801751094434,
    "precision": 0.9777227722772277,
    "recall": 0.9881175734834271,
    "f1": 0.9828926905132193,
    "auc": 0.9976417797083152,
    "loss": 0.06953321027338244,
    "threshold": 0.5,
    "loss_total": 0.06952303361147642
  }
}