{
  "dataset_name": "openfake_by_generator_gpt-image-1",
  "dataset_class": "OpenFakeDataset",
  "split": "test",
  "checkpoint": "/home/user/SC/Deepfake-Fusion/outputs/frequency/spai_openfake/by_generator/gpt-image-1/best.pth",
  "metrics": {
    "accuracy": 0.9803001876172608,
    "precision": 0.9782067247820673,
    "recall": 0.9824890556597874,
    "f1": 0.9803432137285492,
    "auc": 0.9974587384782783,
    "loss": 0.08162029395538095,
    "threshold": 0.5,
    "loss_total": 0.08159701101481914
  },
  "dataset_size": 3198,
  "class_counts": {
    "0": 1599,
    "1": 1599
  },
  "best_score_in_checkpoint": 0.9975375000000001,
  "best_epoch_in_checkpoint": 9,
  "saved_epoch": 9
}