{
  "best_checkpoint": "/home/user/SC/Deepfake-Fusion/outputs/frequency/spai_openfake/by_generator/gpt-image-1/best.pth",
  "best_epoch": 9,
  "best_monitor": "val_auc",
  "best_score": 0.9975375000000001,
  "val_metrics": {
    "accuracy": 0.983125,
    "precision": 0.9801242236024845,
    "recall": 0.98625,
    "f1": 0.983177570093458,
    "auc": 0.9975375000000001,
    "loss": 0.08004100829362869,
    "threshold": 0.5,
    "loss_total": 0.08004100829362869
  },
  "test_metrics": {
    "accuracy": 0.9803001876172608,
    "precision": 0.9782067247820673,
    "recall": 0.9824890556597874,
    "f1": 0.9803432137285492,
    "auc": 0.9974587384782783,
    "loss": 0.08162029395538095,
    "threshold": 0.5,
    "loss_total": 0.08159701101481914
  }
}