{
  "best_checkpoint": "C:/Deepfake-Fusion/outputs/fusion/resnet_spai_openfake/by_generator/sdxl-epic-realism/best.pth",
  "best_epoch": 3,
  "best_monitor": "val_auc",
  "best_score": 0.99957265625,
  "val_metrics": {
    "accuracy": 0.990625,
    "precision": 0.9924717691342535,
    "recall": 0.98875,
    "f1": 0.9906073888541015,
    "auc": 0.99957265625,
    "loss": 0.026748038679361343
  },
  "test_metrics": {
    "accuracy": 0.9868667917448405,
    "precision": 0.9887005649717514,
    "recall": 0.9849906191369606,
    "f1": 0.9868421052631579,
    "auc": 0.9992375237650486,
    "loss": 0.035330436625206296
  }
}