{
  "best_checkpoint": "/home/user/SC/Deepfake-Fusion/outputs/fusion/resnet_spai_openfake/by_generator/sdxl-epic-realism/best.pth",
  "best_epoch": 2,
  "best_monitor": "val_auc",
  "best_score": 0.99843046875,
  "val_metrics": {
    "accuracy": 0.980625,
    "precision": 0.9836477987421384,
    "recall": 0.9775,
    "f1": 0.980564263322884,
    "auc": 0.99843046875,
    "loss": 0.08304112158715725,
    "threshold": 0.5,
    "loss_total": 0.08304112158715725,
    "loss_spatial_aux": 0.09336663112044334,
    "loss_spectral_aux": 0.08641227513551712
  },
  "test_metrics": {
    "accuracy": 0.9809255784865542,
    "precision": 0.993581514762516,
    "recall": 0.9681050656660413,
    "f1": 0.9806778587266393,
    "auc": 0.9989152460437867,
    "loss": 0.08430014125271243,
    "threshold": 0.5,
    "loss_total": 0.08431445924565197,
    "loss_spatial_aux": 0.08116152070462704,
    "loss_spectral_aux": 0.08904203616082668
  }
}