{
  "best_checkpoint": "/home/user/SC/Deepfake-Fusion/outputs/fusion/resnet_spai_openfake/by_generator/sdxl-epic-realism/best.pth",
  "best_epoch": 1,
  "best_monitor": "val_auc",
  "best_score": 0.9995109375000001,
  "val_metrics": {
    "accuracy": 0.986875,
    "precision": 0.9924146649810367,
    "recall": 0.98125,
    "f1": 0.9868007542426147,
    "auc": 0.9995109375000001,
    "loss": 0.06016146142035723,
    "threshold": 0.5,
    "loss_total": 0.06016146142035723,
    "loss_spatial_aux": 0.08340237021446228,
    "loss_spectral_aux": 0.05646826207637787
  },
  "test_metrics": {
    "accuracy": 0.9824890556597874,
    "precision": 0.9898412698412699,
    "recall": 0.9749843652282677,
    "f1": 0.982356647763075,
    "auc": 0.9991461987068997,
    "loss": 0.07438329185561286,
    "threshold": 0.5,
    "loss_total": 0.07437510726973415,
    "loss_spatial_aux": 0.08734461963176728,
    "loss_spectral_aux": 0.06431416586041451
  }
}