{
  "dataset_name": "openfake_logo_grok-2-image-1212",
  "dataset_class": "OpenFakeDataset",
  "split": "test",
  "checkpoint": "/home/user/SC/Deepfake-Fusion/outputs/fusion/vit_spai_openfake/logo/grok-2-image-1212/best.pth",
  "metrics": {
    "accuracy": 0.8004375,
    "precision": 0.9637275709048814,
    "recall": 0.624375,
    "f1": 0.7577941288022453,
    "auc": 0.9451321171875,
    "loss": 2.0173852929030547,
    "threshold": 0.5,
    "loss_total": 2.0173852929030547,
    "loss_spatial_aux": 1.0595770031958818,
    "loss_spectral_aux": 1.312634039066732
  },
  "dataset_size": 16000,
  "class_counts": {
    "0": 8000,
    "1": 8000
  },
  "best_score_in_checkpoint": 0.9919609762396693,
  "best_epoch_in_checkpoint": 13,
  "saved_epoch": 13
}