{
  "best_checkpoint": "/home/user/SC/Deepfake-Fusion/outputs/fusion/vit_spai_openfake/logo/grok-2-image-1212/best.pth",
  "best_epoch": 13,
  "best_monitor": "val_auc",
  "best_score": 0.9919609762396693,
  "val_metrics": {
    "accuracy": 0.9599431818181818,
    "precision": 0.9715717115227775,
    "recall": 0.9476136363636364,
    "f1": 0.9594431340965311,
    "auc": 0.9919609762396693,
    "loss": 0.31213543035809627,
    "threshold": 0.5,
    "loss_total": 0.31213543035809627,
    "loss_spatial_aux": 0.21294793229211462,
    "loss_spectral_aux": 0.21548025595870884
  },
  "test_metrics": {
    "accuracy": 0.8004375,
    "precision": 0.9637275709048814,
    "recall": 0.624375,
    "f1": 0.7577941288022453,
    "auc": 0.9451321171875,
    "loss": 2.0173852929030547,
    "threshold": 0.5,
    "loss_total": 2.0173852929030547,
    "loss_spatial_aux": 1.0595770031958818,
    "loss_spectral_aux": 1.312634039066732
  }
}