{
  "dataset_name": "openfake_logo_hidream-i1-full",
  "dataset_class": "OpenFakeDataset",
  "split": "test",
  "checkpoint": "/home/user/SC/Deepfake-Fusion/outputs/spatial/vit_openfake/logo/hidream-i1-full/best.pth",
  "metrics": {
    "accuracy": 0.9370625,
    "precision": 0.9595216191352346,
    "recall": 0.912625,
    "f1": 0.9354859376001025,
    "auc": 0.984970140625,
    "loss": 0.30277915073186157,
    "threshold": 0.5,
    "loss_total": 0.30277915073186157
  },
  "dataset_size": 16000,
  "class_counts": {
    "0": 8000,
    "1": 8000
  },
  "best_score_in_checkpoint": 0.9931938339359503,
  "best_epoch_in_checkpoint": 10,
  "saved_epoch": 10
}