{
  "dataset_name": "openfake_logo_hidream-i1-full",
  "dataset_class": "OpenFakeDataset",
  "fit_split": "val",
  "evaluated_csv": "/home/user/SC/Deepfake-Fusion/data/splits/openfake/logo/hidream-i1-full/val.csv",
  "split_csv_override_used": false,
  "generator_name": null,
  "checkpoint": "/home/user/SC/Deepfake-Fusion/outputs/spatial/vit_openfake/logo/hidream-i1-full/best.pth",
  "threshold_for_reporting": 0.5,
  "temperature_init": 1.0,
  "temperature": 2.6678247451782227,
  "nll_before": 0.1531659960746765,
  "nll_after": 0.09260305762290955,
  "metrics_before": {
    "accuracy": 0.9635227272727273,
    "precision": 0.9616342236306021,
    "recall": 0.9655681818181818,
    "f1": 0.9635971875708778,
    "auc": 0.9931938339359503,
    "loss": 0.1531716747988354
  },
  "metrics_after": {
    "accuracy": 0.9635227272727273,
    "precision": 0.9616342236306021,
    "recall": 0.9655681818181818,
    "f1": 0.9635971875708778,
    "auc": 0.9947478434917355,
    "loss": 0.09260305762290955
  },
  "dataset_size": 17600,
  "class_counts": {
    "0": 8800,
    "1": 8800
  },
  "best_score_in_checkpoint": 0.9931938339359503,
  "best_epoch_in_checkpoint": 10,
  "saved_epoch": 10
}