{
  "dataset_name": "openfake_by_generator_sd-3.5",
  "dataset_class": "OpenFakeDataset",
  "split": "test",
  "checkpoint": "/home/user/SC/Deepfake-Fusion/outputs/fusion/resnet_spai_openfake/by_generator/sd-3.5/best.pth",
  "metrics": {
    "accuracy": 0.9865540963101939,
    "precision": 0.9936548223350253,
    "recall": 0.9793621013133208,
    "f1": 0.9864566929133858,
    "auc": 0.9981605920836232,
    "loss": 0.10713823400484428,
    "threshold": 0.5,
    "loss_total": 0.10719186319853179,
    "loss_spatial_aux": 0.16831352327018975,
    "loss_spectral_aux": 0.059580097757279876
  },
  "dataset_size": 3198,
  "class_counts": {
    "0": 1599,
    "1": 1599
  },
  "best_score_in_checkpoint": 0.9980296875000001,
  "best_epoch_in_checkpoint": 12,
  "saved_epoch": 12
}