{
  "dataset_name": "openfake_by_generator_sd-3.5",
  "dataset_class": "OpenFakeDataset",
  "split": "test",
  "checkpoint": "/home/user/SC/Deepfake-Fusion/outputs/fusion/resnet_spai_openfake/by_generator/sd-3.5/best.pth",
  "metrics": {
    "accuracy": 0.9787367104440275,
    "precision": 0.9841872232764073,
    "recall": 0.9731081926203877,
    "f1": 0.9786163522012579,
    "auc": 0.9975084099231813,
    "loss": 0.14237101464587648,
    "threshold": 0.5,
    "loss_total": 0.14234531227499247,
    "loss_spatial_aux": 0.19369352605193854,
    "loss_spectral_aux": 0.0815934456884861
  },
  "dataset_size": 3198,
  "class_counts": {
    "0": 1599,
    "1": 1599
  },
  "best_score_in_checkpoint": 0.9974796875,
  "best_epoch_in_checkpoint": 10,
  "saved_epoch": 10
}