{
  "best_checkpoint": "/home/user/SC/Deepfake-Fusion/outputs/fusion/resnet_spai_openfake/by_generator/sd-3.5/best.pth",
  "best_epoch": 10,
  "best_monitor": "val_auc",
  "best_score": 0.9974796875,
  "val_metrics": {
    "accuracy": 0.975,
    "precision": 0.9822335025380711,
    "recall": 0.9675,
    "f1": 0.9748110831234257,
    "auc": 0.9974796875,
    "loss": 0.1554719050973654,
    "threshold": 0.5,
    "loss_total": 0.1554719050973654,
    "loss_spatial_aux": 0.19788576439023017,
    "loss_spectral_aux": 0.09827255569398403
  },
  "test_metrics": {
    "accuracy": 0.9787367104440275,
    "precision": 0.9841872232764073,
    "recall": 0.9731081926203877,
    "f1": 0.9786163522012579,
    "auc": 0.9975084099231813,
    "loss": 0.14237101464587648,
    "threshold": 0.5,
    "loss_total": 0.14234531227499247,
    "loss_spatial_aux": 0.19369352605193854,
    "loss_spectral_aux": 0.0815934456884861
  }
}