{
  "best_checkpoint": "C:/Deepfake-Fusion/outputs/fusion/resnet_spai_openfake/by_generator/sd-3.5/best.pth",
  "best_epoch": 8,
  "best_monitor": "val_auc",
  "best_score": 0.9975625000000001,
  "val_metrics": {
    "accuracy": 0.9775,
    "precision": 0.9798994974874372,
    "recall": 0.975,
    "f1": 0.9774436090225563,
    "auc": 0.9975625000000001,
    "loss": 0.0763536275178194
  },
  "test_metrics": {
    "accuracy": 0.9803001876172608,
    "precision": 0.9860759493670886,
    "recall": 0.9743589743589743,
    "f1": 0.980182447310475,
    "auc": 0.9974032003272841,
    "loss": 0.07499892725431599
  }
}