{
  "best_checkpoint": "/home/user/SC/Deepfake-Fusion/outputs/fusion/resnet_spai_openfake/by_generator/sd-3.5/best.pth",
  "best_epoch": 11,
  "best_monitor": "val_auc",
  "best_score": 0.9968914062500001,
  "val_metrics": {
    "accuracy": 0.971875,
    "precision": 0.9677819083023544,
    "recall": 0.97625,
    "f1": 0.9719975108898569,
    "auc": 0.9968914062500001,
    "loss": 0.09034443594515323
  },
  "test_metrics": {
    "accuracy": 0.9796747967479674,
    "precision": 0.9811794228356336,
    "recall": 0.9781113195747342,
    "f1": 0.9796429689946758,
    "auc": 0.9970805314922828,
    "loss": 0.07972699550887322
  }
}