{
  "best_checkpoint": "/home/user/SC/Deepfake-Fusion/outputs/fusion/resnet_spai_openfake/by_generator/sd-3.5/best.pth",
  "best_epoch": 12,
  "best_monitor": "val_auc",
  "best_score": 0.9980296875000001,
  "val_metrics": {
    "accuracy": 0.98125,
    "precision": 0.98125,
    "recall": 0.98125,
    "f1": 0.98125,
    "auc": 0.9980296875000001,
    "loss": 0.1261050805542618,
    "threshold": 0.5,
    "loss_total": 0.1261050805542618,
    "loss_spatial_aux": 0.17011507406830786,
    "loss_spectral_aux": 0.07207530178129673
  },
  "test_metrics": {
    "accuracy": 0.9865540963101939,
    "precision": 0.9936548223350253,
    "recall": 0.9793621013133208,
    "f1": 0.9864566929133858,
    "auc": 0.9981605920836232,
    "loss": 0.10713823400484428,
    "threshold": 0.5,
    "loss_total": 0.10719186319853179,
    "loss_spatial_aux": 0.16831352327018975,
    "loss_spectral_aux": 0.059580097757279876
  }
}