{
  "dataset_name": "openfake_by_generator_sd-3.5",
  "dataset_class": "OpenFakeDataset",
  "fit_split": "val",
  "evaluated_csv": "/home/user/SC/Deepfake-Fusion/data/splits/openfake/by_generator/sd-3.5/val.csv",
  "split_csv_override_used": false,
  "generator_name": null,
  "checkpoint": "/home/user/SC/Deepfake-Fusion/outputs/fusion/resnet_spai_openfake/by_generator/sd-3.5/best.pth",
  "threshold_for_reporting": 0.5,
  "temperature_init": 1.0,
  "temperature": 2.013058662414551,
  "nll_before": 0.09035049378871918,
  "nll_after": 0.06686754524707794,
  "metrics_before": {
    "accuracy": 0.971875,
    "precision": 0.9677819083023544,
    "recall": 0.97625,
    "f1": 0.9719975108898569,
    "auc": 0.9968914062500001,
    "loss": 0.09034443594515323
  },
  "metrics_after": {
    "accuracy": 0.971875,
    "precision": 0.9677819083023544,
    "recall": 0.97625,
    "f1": 0.9719975108898569,
    "auc": 0.997303125,
    "loss": 0.06686754524707794
  },
  "dataset_size": 1600,
  "class_counts": {
    "0": 800,
    "1": 800
  },
  "best_score_in_checkpoint": 0.9968914062500001,
  "best_epoch_in_checkpoint": 11,
  "saved_epoch": 11
}