{
  "dataset_name": "openfake_group_holdout_split_c",
  "dataset_class": "OpenFakeDataset",
  "split": "test",
  "checkpoint": "/home/user/SC/Deepfake-Fusion/outputs/fusion/vit_spai_openfake/group_holdout/split_c/best.pth",
  "metrics": {
    "accuracy": 0.8735775915968488,
    "precision": 0.9310966810966811,
    "recall": 0.8068650744029011,
    "f1": 0.8645407650566088,
    "auc": 0.9578063915431058,
    "loss": 0.6361476047658855,
    "threshold": 0.5,
    "loss_total": 0.6360902632325888,
    "loss_spatial_aux": 0.4825220067103704,
    "loss_spectral_aux": 0.3960555658663313
  },
  "dataset_size": 95964,
  "class_counts": {
    "0": 47982,
    "1": 47982
  },
  "best_score_in_checkpoint": 0.9935139756944444,
  "best_epoch_in_checkpoint": 5,
  "saved_epoch": 5
}