{
  "dataset_name": "openfake_group_holdout_split_c",
  "dataset_class": "OpenFakeDataset",
  "split": "test",
  "checkpoint": "/home/user/SC/Deepfake-Fusion/outputs/fusion/vit_spai_openfake/group_holdout/split_c/best.pth",
  "metrics": {
    "accuracy": 0.8554666333208286,
    "precision": 0.956286784376672,
    "recall": 0.7449877037222292,
    "f1": 0.8375155221292847,
    "auc": 0.9613186869460886,
    "loss": 1.0015560716687502
  },
  "dataset_size": 95964,
  "class_counts": {
    "0": 47982,
    "1": 47982
  },
  "best_score_in_checkpoint": 0.9932492187499999,
  "best_epoch_in_checkpoint": 14,
  "saved_epoch": 14
}