{
  "best_checkpoint": "/home/user/SC/Deepfake-Fusion/outputs/fusion/vit_spai_openfake/group_holdout/split_c/best.pth",
  "best_epoch": 14,
  "best_monitor": "val_auc",
  "best_score": 0.9932492187499999,
  "val_metrics": {
    "accuracy": 0.9686458333333333,
    "precision": 0.9693302733152515,
    "recall": 0.9679166666666666,
    "f1": 0.9686229542374648,
    "auc": 0.9932492187499999,
    "loss": 0.17180089664955933
  },
  "test_metrics": {
    "accuracy": 0.8554666333208286,
    "precision": 0.956286784376672,
    "recall": 0.7449877037222292,
    "f1": 0.8375155221292847,
    "auc": 0.9613186869460886,
    "loss": 1.0015560716687502
  }
}