{
  "dataset_name": "openfake_group_holdout_split_c",
  "dataset_class": "OpenFakeDataset",
  "fit_split": "val",
  "evaluated_csv": "/home/user/SC/Deepfake-Fusion/data/splits/openfake/group_holdout/split_c/val.csv",
  "split_csv_override_used": false,
  "generator_name": null,
  "checkpoint": "/home/user/SC/Deepfake-Fusion/outputs/fusion/vit_spai_openfake/group_holdout/split_c/best.pth",
  "threshold_for_reporting": 0.5,
  "temperature_init": 1.0,
  "temperature": 1.6026155948638916,
  "nll_before": 0.14757804572582245,
  "nll_after": 0.1287907361984253,
  "metrics_before": {
    "accuracy": 0.9510416666666667,
    "precision": 0.9641938250428816,
    "recall": 0.936875,
    "f1": 0.9503381234150465,
    "auc": 0.9901266927083333,
    "loss": 0.14758008749534687
  },
  "metrics_after": {
    "accuracy": 0.9510416666666667,
    "precision": 0.9641938250428816,
    "recall": 0.936875,
    "f1": 0.9503381234150465,
    "auc": 0.9901172960069445,
    "loss": 0.1287907361984253
  },
  "dataset_size": 9600,
  "class_counts": {
    "0": 4800,
    "1": 4800
  },
  "best_score_in_checkpoint": 0.9901266927083333,
  "best_epoch_in_checkpoint": 4,
  "saved_epoch": 4
}