{
  "dataset_name": "openfake_group_holdout_split_c",
  "dataset_class": "OpenFakeDataset",
  "fit_split": "val",
  "evaluated_csv": "/home/user/SC/Deepfake-Fusion/data/splits/openfake/group_holdout/split_c/val.csv",
  "split_csv_override_used": false,
  "generator_name": null,
  "checkpoint": "/home/user/SC/Deepfake-Fusion/outputs/fusion/vit_spai_openfake/group_holdout/split_c/best.pth",
  "threshold_for_reporting": 0.5,
  "temperature_init": 1.0,
  "temperature": 3.0548207759857178,
  "nll_before": 0.17179054021835327,
  "nll_after": 0.08709840476512909,
  "metrics_before": {
    "accuracy": 0.9686458333333333,
    "precision": 0.9693302733152515,
    "recall": 0.9679166666666666,
    "f1": 0.9686229542374648,
    "auc": 0.9932492187499999,
    "loss": 0.17180089664955933
  },
  "metrics_after": {
    "accuracy": 0.9686458333333333,
    "precision": 0.9693302733152515,
    "recall": 0.9679166666666666,
    "f1": 0.9686229542374648,
    "auc": 0.9954412109374999,
    "loss": 0.08709840476512909
  },
  "dataset_size": 9600,
  "class_counts": {
    "0": 4800,
    "1": 4800
  },
  "best_score_in_checkpoint": 0.9932492187499999,
  "best_epoch_in_checkpoint": 14,
  "saved_epoch": 14
}