{
  "dataset_name": "openfake_group_holdout_split_c",
  "dataset_class": "OpenFakeDataset",
  "fit_split": "val",
  "evaluated_csv": "/home/user/SC/Deepfake-Fusion/data/splits/openfake/group_holdout/split_c/val.csv",
  "split_csv_override_used": false,
  "generator_name": null,
  "checkpoint": "/home/user/SC/Deepfake-Fusion/outputs/fusion/vit_spai_openfake/group_holdout/split_c/best.pth",
  "threshold_for_reporting": 0.5,
  "temperature_init": 1.0,
  "temperature": 1.7479060888290405,
  "nll_before": 0.12899689376354218,
  "nll_after": 0.10625961422920227,
  "metrics_before": {
    "accuracy": 0.9584375,
    "precision": 0.9466206616602395,
    "recall": 0.9716666666666667,
    "f1": 0.958980158322196,
    "auc": 0.9935139756944444,
    "loss": 0.12899773966521025
  },
  "metrics_after": {
    "accuracy": 0.9584375,
    "precision": 0.9466206616602395,
    "recall": 0.9716666666666667,
    "f1": 0.958980158322196,
    "auc": 0.9936660373263889,
    "loss": 0.10625961422920227
  },
  "dataset_size": 9600,
  "class_counts": {
    "0": 4800,
    "1": 4800
  },
  "best_score_in_checkpoint": 0.9935139756944444,
  "best_epoch_in_checkpoint": 5,
  "saved_epoch": 5
}