{
  "dataset_name": "openfake_logo_gpt-image-1",
  "dataset_class": "OpenFakeDataset",
  "split": "test",
  "checkpoint": "/home/user/SC/Deepfake-Fusion/outputs/fusion/vit_spai_openfake/logo/gpt-image-1/best.pth",
  "metrics": {
    "accuracy": 0.96325,
    "precision": 0.9619795562203939,
    "recall": 0.964625,
    "f1": 0.9633004618649357,
    "auc": 0.9925713203125001,
    "loss": 0.23132325868867337,
    "threshold": 0.5,
    "loss_total": 0.23132325868867337,
    "loss_spatial_aux": 0.166708230368793,
    "loss_spectral_aux": 0.15027446009963752
  },
  "dataset_size": 16000,
  "class_counts": {
    "0": 8000,
    "1": 8000
  },
  "best_score_in_checkpoint": 0.993025464876033,
  "best_epoch_in_checkpoint": 10,
  "saved_epoch": 10
}