{
  "best_checkpoint": "/home/user/SC/Deepfake-Fusion/outputs/fusion/vit_spai_openfake/logo/gpt-image-1/best.pth",
  "best_epoch": 13,
  "best_monitor": "val_auc",
  "best_score": 0.9931399405991735,
  "val_metrics": {
    "accuracy": 0.9660795454545454,
    "precision": 0.9663445139283684,
    "recall": 0.9657954545454546,
    "f1": 0.9660699062233589,
    "auc": 0.9931399405991735,
    "loss": 0.1806728985499252
  },
  "test_metrics": {
    "accuracy": 0.9635,
    "precision": 0.9657121326299924,
    "recall": 0.961125,
    "f1": 0.9634131061270518,
    "auc": 0.9921047109375,
    "loss": 0.20154048585146667
  }
}