{
  "best_checkpoint": "/home/user/SC/Deepfake-Fusion/outputs/fusion/vit_spai_openfake/logo/gpt-image-1/best.pth",
  "best_epoch": 10,
  "best_monitor": "val_auc",
  "best_score": 0.993025464876033,
  "val_metrics": {
    "accuracy": 0.9663068181818182,
    "precision": 0.9600852113465635,
    "recall": 0.9730681818181818,
    "f1": 0.9665331000620803,
    "auc": 0.993025464876033,
    "loss": 0.21639503113756126,
    "threshold": 0.5,
    "loss_total": 0.21639503113756126,
    "loss_spatial_aux": 0.15996897969733584,
    "loss_spectral_aux": 0.14629520135847005
  },
  "test_metrics": {
    "accuracy": 0.96325,
    "precision": 0.9619795562203939,
    "recall": 0.964625,
    "f1": 0.9633004618649357,
    "auc": 0.9925713203125001,
    "loss": 0.23132325868867337,
    "threshold": 0.5,
    "loss_total": 0.23132325868867337,
    "loss_spatial_aux": 0.166708230368793,
    "loss_spectral_aux": 0.15027446009963752
  }
}