{
  "best_checkpoint": "/home/user/SC/Deepfake-Fusion/outputs/fusion/vit_spai_openfake/logo/gpt-image-1/best.pth",
  "best_epoch": 15,
  "best_monitor": "val_auc",
  "best_score": 0.9950482889979338,
  "val_metrics": {
    "accuracy": 0.9707954545454546,
    "precision": 0.974787989915196,
    "recall": 0.9665909090909091,
    "f1": 0.9706721442428392,
    "auc": 0.9950482889979338,
    "loss": 0.14310059151188895
  },
  "test_metrics": {
    "accuracy": 0.9683125,
    "precision": 0.9762298207703063,
    "recall": 0.96,
    "f1": 0.9680468897712233,
    "auc": 0.9939955156249999,
    "loss": 0.17283256375044584
  }
}