{
  "dataset_name": "openfake_logo_gpt-image-1",
  "dataset_class": "OpenFakeDataset",
  "fit_split": "val",
  "evaluated_csv": "/home/user/SC/Deepfake-Fusion/data/splits/openfake/logo/gpt-image-1/val.csv",
  "split_csv_override_used": false,
  "generator_name": null,
  "checkpoint": "/home/user/SC/Deepfake-Fusion/outputs/fusion/vit_spai_openfake/logo/gpt-image-1/best.pth",
  "threshold_for_reporting": 0.5,
  "temperature_init": 1.0,
  "temperature": 2.6561079025268555,
  "nll_before": 0.15513402223587036,
  "nll_after": 0.09085092693567276,
  "metrics_before": {
    "accuracy": 0.9663068181818182,
    "precision": 0.9600852113465635,
    "recall": 0.9730681818181818,
    "f1": 0.9665331000620803,
    "auc": 0.993025464876033,
    "loss": 0.15514219491319223
  },
  "metrics_after": {
    "accuracy": 0.9663068181818182,
    "precision": 0.9600852113465635,
    "recall": 0.9730681818181818,
    "f1": 0.9665331000620803,
    "auc": 0.9950293646694215,
    "loss": 0.09085092693567276
  },
  "dataset_size": 17600,
  "class_counts": {
    "0": 8800,
    "1": 8800
  },
  "best_score_in_checkpoint": 0.993025464876033,
  "best_epoch_in_checkpoint": 10,
  "saved_epoch": 10
}