{
  "dataset_name": "openfake_logo_gpt-image-1",
  "dataset_class": "OpenFakeDataset",
  "fit_split": "val",
  "evaluated_csv": "/home/user/SC/Deepfake-Fusion/data/splits/openfake/logo/gpt-image-1/val.csv",
  "split_csv_override_used": false,
  "generator_name": null,
  "checkpoint": "/home/user/SC/Deepfake-Fusion/outputs/fusion/vit_spai_openfake/logo/gpt-image-1/best.pth",
  "threshold_for_reporting": 0.5,
  "temperature_init": 1.0,
  "temperature": 3.1085598468780518,
  "nll_before": 0.18066364526748657,
  "nll_after": 0.0910545065999031,
  "metrics_before": {
    "accuracy": 0.9660795454545454,
    "precision": 0.9663445139283684,
    "recall": 0.9657954545454546,
    "f1": 0.9660699062233589,
    "auc": 0.9931399405991735,
    "loss": 0.1806728985499252
  },
  "metrics_after": {
    "accuracy": 0.9660795454545454,
    "precision": 0.9663445139283684,
    "recall": 0.9657954545454546,
    "f1": 0.9660699062233589,
    "auc": 0.9950142045454545,
    "loss": 0.0910545065999031
  },
  "dataset_size": 17600,
  "class_counts": {
    "0": 8800,
    "1": 8800
  },
  "best_score_in_checkpoint": 0.9931399405991735,
  "best_epoch_in_checkpoint": 13,
  "saved_epoch": 13
}