{
  "dataset_name": "openfake_group_holdout_split_b",
  "dataset_class": "OpenFakeDataset",
  "split": "test",
  "checkpoint": "/home/user/SC/Deepfake-Fusion/outputs/frequency/spai_openfake/group_holdout/split_b/best.pth",
  "metrics": {
    "accuracy": 0.7913905214455421,
    "precision": 0.9479957704508315,
    "recall": 0.6166062273352507,
    "f1": 0.7472061219077926,
    "auc": 0.9341828254110568,
    "loss": 1.3886575737461024,
    "threshold": 0.5,
    "loss_total": 1.388558125436306
  },
  "dataset_size": 95964,
  "class_counts": {
    "0": 47982,
    "1": 47982
  },
  "best_score_in_checkpoint": 0.9933327907986111,
  "best_epoch_in_checkpoint": 9,
  "saved_epoch": 9
}