{
  "dataset_name": "openfake_logo_dalle-3",
  "dataset_class": "OpenFakeDataset",
  "fit_split": "val",
  "evaluated_csv": "/home/user/SC/Deepfake-Fusion/data/splits/openfake/logo/dalle-3/val.csv",
  "split_csv_override_used": false,
  "generator_name": null,
  "checkpoint": "/home/user/SC/Deepfake-Fusion/outputs/spatial/vit_openfake/logo/dalle-3/best.pth",
  "threshold_for_reporting": 0.5,
  "temperature_init": 1.0,
  "temperature": 2.722008228302002,
  "nll_before": 0.1550874561071396,
  "nll_after": 0.0911528468132019,
  "metrics_before": {
    "accuracy": 0.9639204545454545,
    "precision": 0.9688756173193982,
    "recall": 0.9586363636363636,
    "f1": 0.9637287941966071,
    "auc": 0.9938507683367769,
    "loss": 0.1550931221314452
  },
  "metrics_after": {
    "accuracy": 0.9639204545454545,
    "precision": 0.9688756173193982,
    "recall": 0.9586363636363636,
    "f1": 0.9637287941966071,
    "auc": 0.9949785769628099,
    "loss": 0.0911528468132019
  },
  "dataset_size": 17600,
  "class_counts": {
    "0": 8800,
    "1": 8800
  },
  "best_score_in_checkpoint": 0.9938507683367769,
  "best_epoch_in_checkpoint": 10,
  "saved_epoch": 10
}