{
  "dataset_name": "openfake_logo_imagen-4.0",
  "dataset_class": "OpenFakeDataset",
  "split": "test",
  "checkpoint": "C:/Deepfake-Fusion/outputs/frequency/spai_openfake/logo/imagen-4.0/best.pth",
  "metrics": {
    "accuracy": 0.9448543203701388,
    "precision": 0.9718795596232922,
    "recall": 0.9162185819682381,
    "f1": 0.9432286302780638,
    "auc": 0.9904593223959548,
    "loss": 0.2734015830027933
  },
  "dataset_size": 15994,
  "class_counts": {
    "0": 7997,
    "1": 7997
  },
  "best_score_in_checkpoint": 0.9941408574380165,
  "best_epoch_in_checkpoint": 10,
  "saved_epoch": 10
}