{
  "best_checkpoint": "C:/Deepfake-Fusion/outputs/frequency/spai_openfake/logo/imagen-4.0/best.pth",
  "best_epoch": 10,
  "best_monitor": "val_auc",
  "best_score": 0.9941408574380165,
  "val_metrics": {
    "accuracy": 0.9689204545454545,
    "precision": 0.9717617468846461,
    "recall": 0.9659090909090909,
    "f1": 0.9688265800421725,
    "auc": 0.9941408574380165,
    "loss": 0.16406059581447732
  },
  "test_metrics": {
    "accuracy": 0.9448543203701388,
    "precision": 0.9718795596232922,
    "recall": 0.9162185819682381,
    "f1": 0.9432286302780638,
    "auc": 0.9904593223959548,
    "loss": 0.2734015830027933
  }
}