{
  "dataset_name": "openfake_logo_imagen-4.0",
  "dataset_class": "OpenFakeDataset",
  "fit_split": "val",
  "evaluated_csv": "/home/user/SC/Deepfake-Fusion/data/splits/openfake/logo/imagen-4.0/val.csv",
  "split_csv_override_used": false,
  "generator_name": null,
  "checkpoint": "/home/user/SC/Deepfake-Fusion/outputs/frequency/spai_openfake/logo/imagen-4.0/best.pth",
  "threshold_for_reporting": 0.5,
  "temperature_init": 1.0,
  "temperature": 2.2993807792663574,
  "nll_before": 0.14632482826709747,
  "nll_after": 0.09989084303379059,
  "metrics_before": {
    "accuracy": 0.961590909090909,
    "precision": 0.9665747760165403,
    "recall": 0.95625,
    "f1": 0.9613846681137895,
    "auc": 0.9930116606404958,
    "loss": 0.14632552770051088
  },
  "metrics_after": {
    "accuracy": 0.961590909090909,
    "precision": 0.9665747760165403,
    "recall": 0.95625,
    "f1": 0.9613846681137895,
    "auc": 0.9937437435433885,
    "loss": 0.09989084303379059
  },
  "dataset_size": 17600,
  "class_counts": {
    "0": 8800,
    "1": 8800
  },
  "best_score_in_checkpoint": 0.9930116606404958,
  "best_epoch_in_checkpoint": 8,
  "saved_epoch": 8
}