{
  "dataset_name": "openfake_logo_flux.1-dev",
  "dataset_class": "OpenFakeDataset",
  "split": "test",
  "checkpoint": "/home/user/SC/Deepfake-Fusion/outputs/spatial/resnet_openfake/logo/flux.1-dev/best.pth",
  "metrics": {
    "accuracy": 0.9290625,
    "precision": 0.9280458910088539,
    "recall": 0.93025,
    "f1": 0.9291466383669392,
    "auc": 0.9805232734375,
    "loss": 0.25731009227782486,
    "threshold": 0.5,
    "loss_total": 0.25731009227782486
  },
  "dataset_size": 16000,
  "class_counts": {
    "0": 8000,
    "1": 8000
  },
  "best_score_in_checkpoint": 0.9839294615185951,
  "best_epoch_in_checkpoint": 10,
  "saved_epoch": 10
}