{
  "best_checkpoint": "/home/user/SC/Deepfake-Fusion/outputs/spatial/resnet_openfake/logo/flux.1-dev/best.pth",
  "best_epoch": 10,
  "best_monitor": "val_auc",
  "best_score": 0.9839294615185951,
  "val_metrics": {
    "accuracy": 0.9364204545454545,
    "precision": 0.9362717255481086,
    "recall": 0.9365909090909091,
    "f1": 0.9364312901210021,
    "auc": 0.9839294615185951,
    "loss": 0.2221240262890404,
    "threshold": 0.5,
    "loss_total": 0.2221240262890404
  },
  "test_metrics": {
    "accuracy": 0.9290625,
    "precision": 0.9280458910088539,
    "recall": 0.93025,
    "f1": 0.9291466383669392,
    "auc": 0.9805232734375,
    "loss": 0.25731009227782486,
    "threshold": 0.5,
    "loss_total": 0.25731009227782486
  }
}