{
  "dataset_name": "openfake_logo_flux.1-dev",
  "dataset_class": "OpenFakeDataset",
  "fit_split": "val",
  "evaluated_csv": "/home/user/SC/Deepfake-Fusion/data/splits/openfake/logo/flux.1-dev/val.csv",
  "split_csv_override_used": false,
  "generator_name": null,
  "checkpoint": "/home/user/SC/Deepfake-Fusion/outputs/spatial/resnet_openfake/logo/flux.1-dev/best.pth",
  "threshold_for_reporting": 0.5,
  "temperature_init": 1.0,
  "temperature": 2.4081966876983643,
  "nll_before": 0.17812985181808472,
  "nll_after": 0.12108323723077774,
  "metrics_before": {
    "accuracy": 0.9522159090909091,
    "precision": 0.9538145740677386,
    "recall": 0.9504545454545454,
    "f1": 0.9521315954237578,
    "auc": 0.9900395015495868,
    "loss": 0.17813514537431976
  },
  "metrics_after": {
    "accuracy": 0.9522159090909091,
    "precision": 0.9538145740677386,
    "recall": 0.9504545454545454,
    "f1": 0.9521315954237578,
    "auc": 0.9908680397727272,
    "loss": 0.12108323723077774
  },
  "dataset_size": 17600,
  "class_counts": {
    "0": 8800,
    "1": 8800
  },
  "best_score_in_checkpoint": 0.9900403667355373,
  "best_epoch_in_checkpoint": 10,
  "saved_epoch": 10
}