{
  "best_checkpoint": "C:/Deepfake-Fusion/outputs/frequency/spai_openfake/logo/sdxl-epic-realism/best.pth",
  "best_epoch": 8,
  "best_monitor": "val_auc",
  "best_score": 0.994382212035124,
  "val_metrics": {
    "accuracy": 0.95875,
    "precision": 0.9765108593012276,
    "recall": 0.9401136363636363,
    "f1": 0.9579666512274201,
    "auc": 0.994382212035124,
    "loss": 0.15926065119152719
  },
  "test_metrics": {
    "accuracy": 0.8390625,
    "precision": 0.9751269924680329,
    "recall": 0.695875,
    "f1": 0.8121671894375957,
    "auc": 0.9719763359375002,
    "loss": 0.8210414983257651
  }
}