{
  "dataset_name": "openfake_by_generator_dalle-3",
  "dataset_class": "OpenFakeDataset",
  "fit_split": "val",
  "evaluated_csv": "/home/user/SC/Deepfake-Fusion/data/splits/openfake/by_generator/dalle-3/val.csv",
  "split_csv_override_used": false,
  "generator_name": null,
  "checkpoint": "/home/user/SC/Deepfake-Fusion/outputs/fusion/resnet_spai_openfake/by_generator/dalle-3/best.pth",
  "threshold_for_reporting": 0.5,
  "temperature_init": 1.0,
  "temperature": 2.454869031906128,
  "nll_before": 0.09548664838075638,
  "nll_after": 0.054113488644361496,
  "metrics_before": {
    "accuracy": 0.9825,
    "precision": 0.9837092731829574,
    "recall": 0.98125,
    "f1": 0.9824780976220275,
    "auc": 0.9972265625,
    "loss": 0.09550029776990414
  },
  "metrics_after": {
    "accuracy": 0.9825,
    "precision": 0.9837092731829574,
    "recall": 0.98125,
    "f1": 0.9824780976220275,
    "auc": 0.9972304687500001,
    "loss": 0.054113488644361496
  },
  "dataset_size": 1600,
  "class_counts": {
    "0": 800,
    "1": 800
  },
  "best_score_in_checkpoint": 0.9972265625,
  "best_epoch_in_checkpoint": 12,
  "saved_epoch": 12
}