{
  "dataset_name": "openfake_logo_hidream-i1-full",
  "dataset_class": "OpenFakeDataset",
  "split": "test",
  "checkpoint": "/home/user/SC/Deepfake-Fusion/outputs/spatial/resnet_openfake/logo/hidream-i1-full/best.pth",
  "metrics": {
    "accuracy": 0.9074375,
    "precision": 0.9321224976799681,
    "recall": 0.878875,
    "f1": 0.9047159493019366,
    "auc": 0.9698648828125,
    "loss": 0.35187990713864564,
    "threshold": 0.5,
    "loss_total": 0.35187990713864564
  },
  "dataset_size": 16000,
  "class_counts": {
    "0": 8000,
    "1": 8000
  },
  "best_score_in_checkpoint": 0.9837059852789256,
  "best_epoch_in_checkpoint": 10,
  "saved_epoch": 10
}