{
  "best_checkpoint": "/home/user/SC/Deepfake-Fusion/outputs/spatial/resnet_openfake/logo/hidream-i1-full/best.pth",
  "best_epoch": 10,
  "best_monitor": "val_auc",
  "best_score": 0.9837059852789256,
  "val_metrics": {
    "accuracy": 0.9371022727272728,
    "precision": 0.9350752177355502,
    "recall": 0.9394318181818182,
    "f1": 0.9372484553029874,
    "auc": 0.9837059852789256,
    "loss": 0.22115991225974127,
    "threshold": 0.5,
    "loss_total": 0.22115991225974127
  },
  "test_metrics": {
    "accuracy": 0.9074375,
    "precision": 0.9321224976799681,
    "recall": 0.878875,
    "f1": 0.9047159493019366,
    "auc": 0.9698648828125,
    "loss": 0.35187990713864564,
    "threshold": 0.5,
    "loss_total": 0.35187990713864564
  }
}