{
  "best_checkpoint": "C:/Deepfake-Fusion/outputs/frequency/spai_openfake/logo/flux-1.1-pro/best.pth",
  "best_epoch": 8,
  "best_monitor": "val_auc",
  "best_score": 0.9956688920454546,
  "val_metrics": {
    "accuracy": 0.9708522727272727,
    "precision": 0.9655094933153578,
    "recall": 0.9765909090909091,
    "f1": 0.9710185865205355,
    "auc": 0.9956688920454546,
    "loss": 0.11079778652299534
  },
  "test_metrics": {
    "accuracy": 0.7253125,
    "precision": 0.9373938364474642,
    "recall": 0.482875,
    "f1": 0.6374061546077057,
    "auc": 0.9055881953125,
    "loss": 1.825441702775657
  }
}