{
  "best_checkpoint": "/home/user/SC/Deepfake-Fusion/outputs/frequency/spai_openfake/logo/flux-1.1-pro/best.pth",
  "best_epoch": 10,
  "best_monitor": "val_auc",
  "best_score": 0.9957799651342975,
  "val_metrics": {
    "accuracy": 0.9721022727272727,
    "precision": 0.9737712395940245,
    "recall": 0.9703409090909091,
    "f1": 0.9720530479822415,
    "auc": 0.9957799651342975,
    "loss": 0.13067087166011335,
    "threshold": 0.5,
    "loss_total": 0.13067087166011335
  },
  "test_metrics": {
    "accuracy": 0.7158125,
    "precision": 0.9446304403811486,
    "recall": 0.4585,
    "f1": 0.6173525204073046,
    "auc": 0.8845706171875001,
    "loss": 2.6310854576677083,
    "threshold": 0.5,
    "loss_total": 2.6310854576677083
  }
}