{
  "dataset_name": "openfake_logo_flux-1.1-pro",
  "dataset_class": "OpenFakeDataset",
  "fit_split": "val",
  "evaluated_csv": "/home/user/SC/Deepfake-Fusion/data/splits/openfake/logo/flux-1.1-pro/val.csv",
  "split_csv_override_used": false,
  "generator_name": null,
  "checkpoint": "/home/user/SC/Deepfake-Fusion/outputs/frequency/spai_openfake/logo/flux-1.1-pro/best.pth",
  "threshold_for_reporting": 0.5,
  "temperature_init": 1.0,
  "temperature": 2.403869390487671,
  "nll_before": 0.11078474670648575,
  "nll_after": 0.07226330786943436,
  "metrics_before": {
    "accuracy": 0.9707954545454546,
    "precision": 0.9655056179775281,
    "recall": 0.9764772727272727,
    "f1": 0.9709604519774011,
    "auc": 0.9956700736053721,
    "loss": 0.1107911830869588
  },
  "metrics_after": {
    "accuracy": 0.9707954545454546,
    "precision": 0.9655056179775281,
    "recall": 0.9764772727272727,
    "f1": 0.9709604519774011,
    "auc": 0.9969025439049587,
    "loss": 0.07226330786943436
  },
  "dataset_size": 17600,
  "class_counts": {
    "0": 8800,
    "1": 8800
  },
  "best_score_in_checkpoint": 0.9956688920454546,
  "best_epoch_in_checkpoint": 8,
  "saved_epoch": 8
}