{
  "dataset_name": "openfake_by_generator_imagen-4.0",
  "dataset_class": "OpenFakeDataset",
  "split": "test",
  "checkpoint": "/home/user/SC/Deepfake-Fusion/outputs/frequency/spai_openfake/by_generator/imagen-4.0/best.pth",
  "metrics": {
    "accuracy": 0.9599749843652282,
    "precision": 0.9537322640345466,
    "recall": 0.9668542839274546,
    "f1": 0.9602484472049689,
    "auc": 0.9921865252712275,
    "loss": 0.1276810184875975,
    "threshold": 0.5,
    "loss_total": 0.1276862482354045
  },
  "dataset_size": 3198,
  "class_counts": {
    "0": 1599,
    "1": 1599
  },
  "best_score_in_checkpoint": 0.9940343749999999,
  "best_epoch_in_checkpoint": 6,
  "saved_epoch": 6
}