{
  "best_checkpoint": "/home/user/SC/Deepfake-Fusion/outputs/frequency/spai_openfake/by_generator/imagen-4.0/best.pth",
  "best_epoch": 6,
  "best_monitor": "val_auc",
  "best_score": 0.9940343749999999,
  "val_metrics": {
    "accuracy": 0.961875,
    "precision": 0.9590062111801242,
    "recall": 0.965,
    "f1": 0.9619937694704049,
    "auc": 0.9940343749999999,
    "loss": 0.10933108896017074,
    "threshold": 0.5,
    "loss_total": 0.10933108896017074
  },
  "test_metrics": {
    "accuracy": 0.9599749843652282,
    "precision": 0.9537322640345466,
    "recall": 0.9668542839274546,
    "f1": 0.9602484472049689,
    "auc": 0.9921865252712275,
    "loss": 0.1276810184875975,
    "threshold": 0.5,
    "loss_total": 0.1276862482354045
  }
}