{
  "best_checkpoint": "C:/Deepfake-Fusion/outputs/frequency/spai_openfake/by_generator/flux-1.1-pro/best.pth",
  "best_epoch": 8,
  "best_monitor": "val_auc",
  "best_score": 0.9916812499999998,
  "val_metrics": {
    "accuracy": 0.955625,
    "precision": 0.9428918590522479,
    "recall": 0.97,
    "f1": 0.9562538508934073,
    "auc": 0.9916812499999998,
    "loss": 0.18095429882407188
  },
  "test_metrics": {
    "accuracy": 0.9590368980612883,
    "precision": 0.9453883495145631,
    "recall": 0.9743589743589743,
    "f1": 0.9596550662149677,
    "auc": 0.9886434259060443,
    "loss": 0.18625497439639727
  }
}