{
  "best_checkpoint": "/home/user/SC/Deepfake-Fusion/outputs/frequency/spai_openfake/by_generator/flux-1.1-pro/best.pth",
  "best_epoch": 9,
  "best_monitor": "val_auc",
  "best_score": 0.9854328124999999,
  "val_metrics": {
    "accuracy": 0.944375,
    "precision": 0.9438202247191011,
    "recall": 0.945,
    "f1": 0.9444097439100562,
    "auc": 0.9854328124999999,
    "loss": 0.23920407168567182,
    "threshold": 0.5,
    "loss_total": 0.23920407168567182
  },
  "test_metrics": {
    "accuracy": 0.9452782989368356,
    "precision": 0.9411400247831475,
    "recall": 0.9499687304565353,
    "f1": 0.9455337690631809,
    "auc": 0.9864426288944662,
    "loss": 0.22562614886592222,
    "threshold": 0.5,
    "loss_total": 0.2256124549359083
  }
}