{
  "dataset_name": "openfake_by_generator_flux-1.1-pro",
  "dataset_class": "OpenFakeDataset",
  "fit_split": "val",
  "evaluated_csv": "/home/user/SC/Deepfake-Fusion/data/splits/openfake/by_generator/flux-1.1-pro/val.csv",
  "split_csv_override_used": false,
  "generator_name": null,
  "checkpoint": "/home/user/SC/Deepfake-Fusion/outputs/frequency/spai_openfake/by_generator/flux-1.1-pro/best.pth",
  "threshold_for_reporting": 0.5,
  "temperature_init": 1.0,
  "temperature": 2.529510259628296,
  "nll_before": 0.23919111490249634,
  "nll_after": 0.1499292552471161,
  "metrics_before": {
    "accuracy": 0.944375,
    "precision": 0.9438202247191011,
    "recall": 0.945,
    "f1": 0.9444097439100562,
    "auc": 0.9854328124999999,
    "loss": 0.23920407168567182
  },
  "metrics_after": {
    "accuracy": 0.944375,
    "precision": 0.9438202247191011,
    "recall": 0.945,
    "f1": 0.9444097439100562,
    "auc": 0.986403125,
    "loss": 0.1499292552471161
  },
  "dataset_size": 1600,
  "class_counts": {
    "0": 800,
    "1": 800
  },
  "best_score_in_checkpoint": 0.9854328124999999,
  "best_epoch_in_checkpoint": 9,
  "saved_epoch": 9
}