{
  "dataset_name": "openfake_by_generator_flux-1.1-pro",
  "dataset_class": "OpenFakeDataset",
  "fit_split": "val",
  "evaluated_csv": "/home/user/SC/Deepfake-Fusion/data/splits/openfake/by_generator/flux-1.1-pro/val.csv",
  "split_csv_override_used": false,
  "generator_name": null,
  "checkpoint": "/home/user/SC/Deepfake-Fusion/outputs/frequency/spai_openfake/by_generator/flux-1.1-pro/best.pth",
  "threshold_for_reporting": 0.5,
  "temperature_init": 1.0,
  "temperature": 2.4340686798095703,
  "nll_before": 0.18092770874500275,
  "nll_after": 0.11676955223083496,
  "metrics_before": {
    "accuracy": 0.955625,
    "precision": 0.9428918590522479,
    "recall": 0.97,
    "f1": 0.9562538508934073,
    "auc": 0.9916828125,
    "loss": 0.18093415915966035
  },
  "metrics_after": {
    "accuracy": 0.955625,
    "precision": 0.9428918590522479,
    "recall": 0.97,
    "f1": 0.9562538508934073,
    "auc": 0.9922492187499999,
    "loss": 0.11676955223083496
  },
  "dataset_size": 1600,
  "class_counts": {
    "0": 800,
    "1": 800
  },
  "best_score_in_checkpoint": 0.9916812499999998,
  "best_epoch_in_checkpoint": 8,
  "saved_epoch": 8
}