{
  "best_checkpoint": "/home/user/SC/Deepfake-Fusion/outputs/spatial/resnet_openfake/logo/grok-2-image-1212/best.pth",
  "best_epoch": 10,
  "best_monitor": "val_auc",
  "best_score": 0.9813941309400828,
  "val_metrics": {
    "accuracy": 0.9307954545454545,
    "precision": 0.9255725190839694,
    "recall": 0.9369318181818181,
    "f1": 0.9312175288005421,
    "auc": 0.9813941309400828,
    "loss": 0.24442250721833922,
    "threshold": 0.5,
    "loss_total": 0.24442250721833922
  },
  "test_metrics": {
    "accuracy": 0.8394375,
    "precision": 0.9111279333838002,
    "recall": 0.75225,
    "f1": 0.824101335159192,
    "auc": 0.9354858515625,
    "loss": 0.647038116902113,
    "threshold": 0.5,
    "loss_total": 0.647038116902113
  }
}