{
  "dataset_name": "openfake_logo_grok-2-image-1212",
  "dataset_class": "OpenFakeDataset",
  "fit_split": "val",
  "evaluated_csv": "/home/user/SC/Deepfake-Fusion/data/splits/openfake/logo/grok-2-image-1212/val.csv",
  "split_csv_override_used": false,
  "generator_name": null,
  "checkpoint": "/home/user/SC/Deepfake-Fusion/outputs/spatial/resnet_openfake/logo/grok-2-image-1212/best.pth",
  "threshold_for_reporting": 0.5,
  "temperature_init": 1.0,
  "temperature": 2.3789315223693848,
  "nll_before": 0.24441879987716675,
  "nll_after": 0.17050375044345856,
  "metrics_before": {
    "accuracy": 0.9307954545454545,
    "precision": 0.9255725190839694,
    "recall": 0.9369318181818181,
    "f1": 0.9312175288005421,
    "auc": 0.9813941309400828,
    "loss": 0.24442250721833922
  },
  "metrics_after": {
    "accuracy": 0.9308522727272728,
    "precision": 0.9255808732742171,
    "recall": 0.9370454545454545,
    "f1": 0.9312778813032921,
    "auc": 0.9824009555785124,
    "loss": 0.17050375044345856
  },
  "dataset_size": 17600,
  "class_counts": {
    "0": 8800,
    "1": 8800
  },
  "best_score_in_checkpoint": 0.9813941309400828,
  "best_epoch_in_checkpoint": 10,
  "saved_epoch": 10
}