{
  "dataset_name": "openfake_logo_grok-2-image-1212",
  "dataset_class": "OpenFakeDataset",
  "fit_split": "val",
  "evaluated_csv": "/home/user/SC/Deepfake-Fusion/data/splits/openfake/logo/grok-2-image-1212/val.csv",
  "split_csv_override_used": false,
  "generator_name": null,
  "checkpoint": "/home/user/SC/Deepfake-Fusion/outputs/spatial/resnet_openfake/logo/grok-2-image-1212/best.pth",
  "threshold_for_reporting": 0.5,
  "temperature_init": 1.0,
  "temperature": 2.51605486869812,
  "nll_before": 0.19979152083396912,
  "nll_after": 0.13081470131874084,
  "metrics_before": {
    "accuracy": 0.9474431818181818,
    "precision": 0.9470875439990917,
    "recall": 0.9478409090909091,
    "f1": 0.9474640767876413,
    "auc": 0.9883571539256197,
    "loss": 0.19979957623237912
  },
  "metrics_after": {
    "accuracy": 0.9474431818181818,
    "precision": 0.9470875439990917,
    "recall": 0.9478409090909091,
    "f1": 0.9474640767876413,
    "auc": 0.989438972107438,
    "loss": 0.13081470131874084
  },
  "dataset_size": 17600,
  "class_counts": {
    "0": 8800,
    "1": 8800
  },
  "best_score_in_checkpoint": 0.9883608148243802,
  "best_epoch_in_checkpoint": 10,
  "saved_epoch": 10
}