{
  "dataset_name": "openfake_by_generator_flux.1-dev",
  "dataset_class": "OpenFakeDataset",
  "split": "test",
  "checkpoint": "/home/user/SC/Deepfake-Fusion/outputs/fusion/resnet_spai_openfake/by_generator/flux.1-dev/best.pth",
  "metrics": {
    "accuracy": 0.9690431519699813,
    "precision": 0.96875,
    "recall": 0.9693558474046279,
    "f1": 0.9690528290090653,
    "auc": 0.9948994857245441,
    "loss": 0.20369238073263712,
    "threshold": 0.5,
    "loss_total": 0.2036821024212986,
    "loss_spatial_aux": 0.17694675274193286,
    "loss_spectral_aux": 0.16186191935092212
  },
  "dataset_size": 3198,
  "class_counts": {
    "0": 1599,
    "1": 1599
  },
  "best_score_in_checkpoint": 0.99536328125,
  "best_epoch_in_checkpoint": 13,
  "saved_epoch": 13
}