{
  "best_checkpoint": "C:/Deepfake-Fusion/outputs/fusion/resnet_spai_openfake/by_generator/flux.1-dev/best.pth",
  "best_epoch": 10,
  "best_monitor": "val_auc",
  "best_score": 0.99255,
  "val_metrics": {
    "accuracy": 0.960625,
    "precision": 0.9646910466582598,
    "recall": 0.95625,
    "f1": 0.96045197740113,
    "auc": 0.99255,
    "loss": 0.1620917211472988
  },
  "test_metrics": {
    "accuracy": 0.9590368980612883,
    "precision": 0.9576059850374065,
    "recall": 0.9606003752345216,
    "f1": 0.9591008429597253,
    "auc": 0.9932327545241104,
    "loss": 0.14883943059580113
  }
}