{
  "best_checkpoint": "/home/user/SC/Deepfake-Fusion/outputs/fusion/resnet_spai_openfake/by_generator/flux.1-dev/best.pth",
  "best_epoch": 14,
  "best_monitor": "val_auc",
  "best_score": 0.9941,
  "val_metrics": {
    "accuracy": 0.960625,
    "precision": 0.9555006180469716,
    "recall": 0.96625,
    "f1": 0.9608452454940957,
    "auc": 0.9941,
    "loss": 0.1532424170523882
  },
  "test_metrics": {
    "accuracy": 0.9659161976235147,
    "precision": 0.9621588089330024,
    "recall": 0.9699812382739212,
    "f1": 0.9660541887262535,
    "auc": 0.993189145342168,
    "loss": 0.14398329834068768
  }
}