{
  "best_checkpoint": "/home/user/SC/Deepfake-Fusion/outputs/spatial/resnet_openfake/by_generator/midjourney-6/best.pth",
  "best_epoch": 7,
  "best_monitor": "val_auc",
  "best_score": 0.9962875,
  "val_metrics": {
    "accuracy": 0.971875,
    "precision": 0.9564691656590084,
    "recall": 0.98875,
    "f1": 0.972341733251383,
    "auc": 0.9962875,
    "loss": 0.09014267221093178,
    "threshold": 0.5,
    "loss_total": 0.09014267221093178
  },
  "test_metrics": {
    "accuracy": 0.9759224515322076,
    "precision": 0.9674447174447175,
    "recall": 0.9849906191369606,
    "f1": 0.9761388286334056,
    "auc": 0.9972371725449107,
    "loss": 0.07662582941926442,
    "threshold": 0.5,
    "loss_total": 0.07661031100898981
  }
}