{
  "best_checkpoint": "/home/user/SC/Deepfake-Fusion/outputs/fusion/vit_spai_openfake/group_holdout/split_a/best.pth",
  "best_epoch": 15,
  "best_monitor": "val_auc",
  "best_score": 0.9927390190972223,
  "val_metrics": {
    "accuracy": 0.9659375,
    "precision": 0.9677891654465594,
    "recall": 0.9639583333333334,
    "f1": 0.9658699509445778,
    "auc": 0.9927390190972223,
    "loss": 0.17234163273125888
  },
  "test_metrics": {
    "accuracy": 0.854830978283523,
    "precision": 0.9619590286256953,
    "recall": 0.738881247134342,
    "f1": 0.8357909874229404,
    "auc": 0.9552059689355844,
    "loss": 1.0234069905460543
  }
}