{
  "best_checkpoint": "/home/user/SC/Deepfake-Fusion/outputs/fusion/vit_spai_openfake/group_holdout/split_a/best.pth",
  "best_epoch": 3,
  "best_monitor": "val_auc",
  "best_score": 0.9932167317708334,
  "val_metrics": {
    "accuracy": 0.9540625,
    "precision": 0.9354645354645355,
    "recall": 0.9754166666666667,
    "f1": 0.9550229474757777,
    "auc": 0.9932167317708334,
    "loss": 0.1891287114843726,
    "threshold": 0.5,
    "loss_total": 0.1891287114843726,
    "loss_spatial_aux": 0.151668032258749,
    "loss_spectral_aux": 0.144851875603199
  },
  "test_metrics": {
    "accuracy": 0.8688570714017757,
    "precision": 0.9204618345093009,
    "recall": 0.8074903088658247,
    "f1": 0.8602830974188177,
    "auc": 0.9509561652099329,
    "loss": 0.6026656156999204,
    "threshold": 0.5,
    "loss_total": 0.6026376579801241,
    "loss_spatial_aux": 0.4614373640368382,
    "loss_spectral_aux": 0.3601701990514994
  }
}