{
  "best_checkpoint": "/home/user/SC/Deepfake-Fusion/outputs/fusion/vit_spai_openfake/group_holdout/split_a/best.pth",
  "best_epoch": 15,
  "best_monitor": "val_auc",
  "best_score": 0.9928875434027777,
  "val_metrics": {
    "accuracy": 0.97,
    "precision": 0.9701959149645686,
    "recall": 0.9697916666666667,
    "f1": 0.9699937486976453,
    "auc": 0.9928875434027777,
    "loss": 0.18300767112523317
  },
  "test_metrics": {
    "accuracy": 0.8545913050727356,
    "precision": 0.9638495092693566,
    "recall": 0.7368179734066942,
    "f1": 0.8351798918050601,
    "auc": 0.957945833344431,
    "loss": 1.163010372937056
  }
}