{
  "dataset_name": "openfake_group_holdout_split_a",
  "dataset_class": "OpenFakeDataset",
  "fit_split": "val",
  "evaluated_csv": "/home/user/SC/Deepfake-Fusion/data/splits/openfake/group_holdout/split_a/val.csv",
  "split_csv_override_used": false,
  "generator_name": null,
  "checkpoint": "/home/user/SC/Deepfake-Fusion/outputs/fusion/vit_spai_openfake/group_holdout/split_a/best.pth",
  "threshold_for_reporting": 0.5,
  "temperature_init": 1.0,
  "temperature": 2.057734251022339,
  "nll_before": 0.16461272537708282,
  "nll_after": 0.12032042443752289,
  "metrics_before": {
    "accuracy": 0.9533333333333334,
    "precision": 0.9437194127243067,
    "recall": 0.9641666666666666,
    "f1": 0.953833470733718,
    "auc": 0.9909486328125,
    "loss": 0.16461481627076865
  },
  "metrics_after": {
    "accuracy": 0.9533333333333334,
    "precision": 0.9437194127243067,
    "recall": 0.9641666666666666,
    "f1": 0.953833470733718,
    "auc": 0.9916158420138887,
    "loss": 0.12032042443752289
  },
  "dataset_size": 9600,
  "class_counts": {
    "0": 4800,
    "1": 4800
  },
  "best_score_in_checkpoint": 0.9909486328125,
  "best_epoch_in_checkpoint": 6,
  "saved_epoch": 6
}