{
  "dataset_name": "openfake_by_generator_hidream-i1-full",
  "dataset_class": "OpenFakeDataset",
  "split": "test",
  "checkpoint": "/home/user/SC/Deepfake-Fusion/outputs/spatial/vit_openfake/by_generator/hidream-i1-full/best.pth",
  "metrics": {
    "accuracy": 0.9824890556597874,
    "precision": 0.9794903666873834,
    "recall": 0.9856160100062539,
    "f1": 0.9825436408977556,
    "auc": 0.999103371752436,
    "loss": 0.05017422849057316
  },
  "dataset_size": 3198,
  "class_counts": {
    "0": 1599,
    "1": 1599
  },
  "best_score_in_checkpoint": 0.9987921875,
  "best_epoch_in_checkpoint": 10,
  "saved_epoch": 10
}