{
  "best_checkpoint": "/home/user/SC/Deepfake-Fusion/outputs/spatial/vit_openfake/by_generator/hidream-i1-full/best.pth",
  "best_epoch": 10,
  "best_monitor": "val_auc",
  "best_score": 0.9987921875,
  "val_metrics": {
    "accuracy": 0.98,
    "precision": 0.9788029925187033,
    "recall": 0.98125,
    "f1": 0.9800249687890137,
    "auc": 0.9987921875,
    "loss": 0.05711964890360832
  },
  "test_metrics": {
    "accuracy": 0.9824890556597874,
    "precision": 0.9794903666873834,
    "recall": 0.9856160100062539,
    "f1": 0.9825436408977556,
    "auc": 0.999103371752436,
    "loss": 0.05017422849057316
  }
}