{
  "dataset_name": "openfake_logo_imagen-4.0",
  "dataset_class": "OpenFakeDataset",
  "split": "test",
  "checkpoint": "/home/user/SC/Deepfake-Fusion/outputs/spatial/vit_openfake/logo/imagen-4.0/best.pth",
  "metrics": {
    "accuracy": 0.9277854195323246,
    "precision": 0.9703051965905967,
    "recall": 0.8825809678629486,
    "f1": 0.9243664462052256,
    "auc": 0.9857926511737887,
    "loss": 0.35152591290705887,
    "threshold": 0.5,
    "loss_total": 0.35173965760320425
  },
  "dataset_size": 15994,
  "class_counts": {
    "0": 7997,
    "1": 7997
  },
  "best_score_in_checkpoint": 0.9940875193698349,
  "best_epoch_in_checkpoint": 10,
  "saved_epoch": 10
}