{
  "best_checkpoint": "/home/user/SC/Deepfake-Fusion/outputs/spatial/vit_openfake/logo/imagen-4.0/best.pth",
  "best_epoch": 10,
  "best_monitor": "val_auc",
  "best_score": 0.9940875193698349,
  "val_metrics": {
    "accuracy": 0.9645454545454546,
    "precision": 0.9720554272517321,
    "recall": 0.956590909090909,
    "f1": 0.9642611683848797,
    "auc": 0.9940875193698349,
    "loss": 0.15916001510891048,
    "threshold": 0.5,
    "loss_total": 0.15916001510891048
  },
  "test_metrics": {
    "accuracy": 0.9277854195323246,
    "precision": 0.9703051965905967,
    "recall": 0.8825809678629486,
    "f1": 0.9243664462052256,
    "auc": 0.9857926511737887,
    "loss": 0.35152591290705887,
    "threshold": 0.5,
    "loss_total": 0.35173965760320425
  }
}