{
  "dataset_name": "openfake_logo_imagen-4.0",
  "dataset_class": "OpenFakeDataset",
  "fit_split": "val",
  "evaluated_csv": "/home/user/SC/Deepfake-Fusion/data/splits/openfake/logo/imagen-4.0/val.csv",
  "split_csv_override_used": false,
  "generator_name": null,
  "checkpoint": "/home/user/SC/Deepfake-Fusion/outputs/spatial/vit_openfake/logo/imagen-4.0/best.pth",
  "threshold_for_reporting": 0.5,
  "temperature_init": 1.0,
  "temperature": 2.7167835235595703,
  "nll_before": 0.15915296971797943,
  "nll_after": 0.09300492703914642,
  "metrics_before": {
    "accuracy": 0.9645454545454546,
    "precision": 0.9720554272517321,
    "recall": 0.956590909090909,
    "f1": 0.9642611683848797,
    "auc": 0.9940875193698349,
    "loss": 0.15916001510891048
  },
  "metrics_after": {
    "accuracy": 0.9645454545454546,
    "precision": 0.9720554272517321,
    "recall": 0.956590909090909,
    "f1": 0.9642611683848797,
    "auc": 0.9947713455578512,
    "loss": 0.09300492703914642
  },
  "dataset_size": 17600,
  "class_counts": {
    "0": 8800,
    "1": 8800
  },
  "best_score_in_checkpoint": 0.9940875193698349,
  "best_epoch_in_checkpoint": 10,
  "saved_epoch": 10
}