{
  "dataset_name": "openfake_by_generator_flux.1-dev",
  "dataset_class": "OpenFakeDataset",
  "split": "test",
  "checkpoint": "C:/Deepfake-Fusion/outputs/frequency/spai_openfake/by_generator/flux.1-dev/best.pth",
  "metrics": {
    "accuracy": 0.9702939337085679,
    "precision": 0.966501240694789,
    "recall": 0.9743589743589743,
    "f1": 0.9704142011834319,
    "auc": 0.9937386601460185,
    "loss": 0.13685233203264383
  },
  "dataset_size": 3198,
  "class_counts": {
    "0": 1599,
    "1": 1599
  },
  "best_score_in_checkpoint": 0.9954421875,
  "best_epoch_in_checkpoint": 10,
  "saved_epoch": 10
}