{
  "dataset_name": "openfake_by_generator_flux.1-dev",
  "dataset_class": "OpenFakeDataset",
  "split": "test",
  "checkpoint": "/home/user/SC/Deepfake-Fusion/outputs/frequency/spai_openfake/by_generator/flux.1-dev/best.pth",
  "metrics": {
    "accuracy": 0.9612257661038149,
    "precision": 0.9510703363914373,
    "recall": 0.9724828017510945,
    "f1": 0.9616573902288188,
    "auc": 0.9933004172010258,
    "loss": 0.15877527175581851,
    "threshold": 0.5,
    "loss_total": 0.15894229900091886
  },
  "dataset_size": 3198,
  "class_counts": {
    "0": 1599,
    "1": 1599
  },
  "best_score_in_checkpoint": 0.9913765625,
  "best_epoch_in_checkpoint": 10,
  "saved_epoch": 10
}