{
  "best_checkpoint": "/home/user/SC/Deepfake-Fusion/outputs/frequency/spai_openfake/by_generator/flux.1-dev/best.pth",
  "best_epoch": 10,
  "best_monitor": "val_auc",
  "best_score": 0.9913765625,
  "val_metrics": {
    "accuracy": 0.9525,
    "precision": 0.9425427872860636,
    "recall": 0.96375,
    "f1": 0.9530284301606922,
    "auc": 0.9913765625,
    "loss": 0.18369567193090916,
    "threshold": 0.5,
    "loss_total": 0.18369567193090916
  },
  "test_metrics": {
    "accuracy": 0.9612257661038149,
    "precision": 0.9510703363914373,
    "recall": 0.9724828017510945,
    "f1": 0.9616573902288188,
    "auc": 0.9933004172010258,
    "loss": 0.15877527175581851,
    "threshold": 0.5,
    "loss_total": 0.15894229900091886
  }
}