{
  "best_checkpoint": "C:/Deepfake-Fusion/outputs/frequency/spai_openfake/by_generator/flux.1-dev/best.pth",
  "best_epoch": 10,
  "best_monitor": "val_auc",
  "best_score": 0.9954421875,
  "val_metrics": {
    "accuracy": 0.966875,
    "precision": 0.9639751552795031,
    "recall": 0.97,
    "f1": 0.9669781931464174,
    "auc": 0.9954421875,
    "loss": 0.1231690738350153
  },
  "test_metrics": {
    "accuracy": 0.9702939337085679,
    "precision": 0.966501240694789,
    "recall": 0.9743589743589743,
    "f1": 0.9704142011834319,
    "auc": 0.9937386601460185,
    "loss": 0.13685233203264383
  }
}