{
  "best_checkpoint": "/home/user/SC/Deepfake-Fusion/outputs/frequency/spai_openfake/logo/dalle-3/best.pth",
  "best_epoch": 10,
  "best_monitor": "val_auc",
  "best_score": 0.9944864863119836,
  "val_metrics": {
    "accuracy": 0.9664204545454546,
    "precision": 0.9718358432003679,
    "recall": 0.9606818181818182,
    "f1": 0.9662266415223727,
    "auc": 0.9944864863119836,
    "loss": 0.15245141340250318,
    "threshold": 0.5,
    "loss_total": 0.15245141340250318
  },
  "test_metrics": {
    "accuracy": 0.87675,
    "precision": 0.9651234567901235,
    "recall": 0.78175,
    "f1": 0.8638121546961326,
    "auc": 0.9693454296875,
    "loss": 0.7708639945909381,
    "threshold": 0.5,
    "loss_total": 0.7708639945909381
  }
}