{
  "dataset_name": "openfake_logo_flux-mvc5000",
  "dataset_class": "OpenFakeDataset",
  "split": "test",
  "checkpoint": "C:/Deepfake-Fusion/outputs/fusion/resnet_spai_openfake/logo/flux-mvc5000/best.pth",
  "metrics": {
    "accuracy": 0.8468125,
    "precision": 0.949748743718593,
    "recall": 0.732375,
    "f1": 0.8270167266567859,
    "auc": 0.9553883750000001,
    "loss": 0.8391796247661114
  },
  "dataset_size": 16000,
  "class_counts": {
    "0": 8000,
    "1": 8000
  },
  "best_score_in_checkpoint": 0.9929595364152892,
  "best_epoch_in_checkpoint": 10,
  "saved_epoch": 10
}