{
  "best_checkpoint": "C:/Deepfake-Fusion/outputs/fusion/resnet_spai_openfake/logo/flux-mvc5000/best.pth",
  "best_epoch": 10,
  "best_monitor": "val_auc",
  "best_score": 0.9929595364152892,
  "val_metrics": {
    "accuracy": 0.9624431818181818,
    "precision": 0.9630219592672659,
    "recall": 0.9618181818181818,
    "f1": 0.9624196941270112,
    "auc": 0.9929595364152892,
    "loss": 0.1610350966318087
  },
  "test_metrics": {
    "accuracy": 0.8468125,
    "precision": 0.949748743718593,
    "recall": 0.732375,
    "f1": 0.8270167266567859,
    "auc": 0.9553883750000001,
    "loss": 0.8391796247661114
  }
}