{
  "best_checkpoint": "/home/user/SC/Deepfake-Fusion/outputs/fusion/resnet_spai_openfake/logo/flux-mvc5000/best.pth",
  "best_epoch": 12,
  "best_monitor": "val_auc",
  "best_score": 0.9927031314566115,
  "val_metrics": {
    "accuracy": 0.9622727272727273,
    "precision": 0.9558493948901837,
    "recall": 0.9693181818181819,
    "f1": 0.9625366734371473,
    "auc": 0.9927031314566115,
    "loss": 0.16975729315118357
  },
  "test_metrics": {
    "accuracy": 0.8666875,
    "precision": 0.9446718205244808,
    "recall": 0.779,
    "f1": 0.8538740837158321,
    "auc": 0.95817003125,
    "loss": 0.7544600870609284
  }
}