{
  "dataset_name": "openfake_logo_flux-mvc5000",
  "dataset_class": "OpenFakeDataset",
  "fit_split": "val",
  "evaluated_csv": "/home/user/SC/Deepfake-Fusion/data/splits/openfake/logo/flux-mvc5000/val.csv",
  "split_csv_override_used": false,
  "generator_name": null,
  "checkpoint": "/home/user/SC/Deepfake-Fusion/outputs/fusion/resnet_spai_openfake/logo/flux-mvc5000/best.pth",
  "threshold_for_reporting": 0.5,
  "temperature_init": 1.0,
  "temperature": 1.7571942806243896,
  "nll_before": 0.13730072975158691,
  "nll_after": 0.113491952419281,
  "metrics_before": {
    "accuracy": 0.9569318181818182,
    "precision": 0.9599633951040951,
    "recall": 0.9536363636363636,
    "f1": 0.956789419678486,
    "auc": 0.9916850787706613,
    "loss": 0.13730192244052886
  },
  "metrics_after": {
    "accuracy": 0.9569318181818182,
    "precision": 0.9599633951040951,
    "recall": 0.9536363636363636,
    "f1": 0.956789419678486,
    "auc": 0.9918613184400826,
    "loss": 0.113491952419281
  },
  "dataset_size": 17600,
  "class_counts": {
    "0": 8800,
    "1": 8800
  },
  "best_score_in_checkpoint": 0.9916850787706613,
  "best_epoch_in_checkpoint": 7,
  "saved_epoch": 7
}