{
  "best_checkpoint": "/home/user/SC/Deepfake-Fusion/outputs/spatial/vit_openfake/logo/ideogram-3.0/best.pth",
  "best_epoch": 10,
  "best_monitor": "val_auc",
  "best_score": 0.9950668001033058,
  "val_metrics": {
    "accuracy": 0.972215909090909,
    "precision": 0.9700260151566565,
    "recall": 0.9745454545454545,
    "f1": 0.9722804829658183,
    "auc": 0.9950668001033058,
    "loss": 0.12921706895259294
  },
  "test_metrics": {
    "accuracy": 0.94475,
    "precision": 0.9663171690694626,
    "recall": 0.921625,
    "f1": 0.9434420985284709,
    "auc": 0.988812125,
    "loss": 0.26941753733158114
  }
}