{
  "dataset_name": "openfake_logo_ideogram-3.0",
  "dataset_class": "OpenFakeDataset",
  "fit_split": "val",
  "evaluated_csv": "/home/user/SC/Deepfake-Fusion/data/splits/openfake/logo/ideogram-3.0/val.csv",
  "split_csv_override_used": false,
  "generator_name": null,
  "checkpoint": "/home/user/SC/Deepfake-Fusion/outputs/spatial/vit_openfake/logo/ideogram-3.0/best.pth",
  "threshold_for_reporting": 0.5,
  "temperature_init": 1.0,
  "temperature": 2.7165534496307373,
  "nll_before": 0.12921059131622314,
  "nll_after": 0.074004165828228,
  "metrics_before": {
    "accuracy": 0.972215909090909,
    "precision": 0.9700260151566565,
    "recall": 0.9745454545454545,
    "f1": 0.9722804829658183,
    "auc": 0.9950668001033058,
    "loss": 0.12921706895259294
  },
  "metrics_after": {
    "accuracy": 0.972215909090909,
    "precision": 0.9700260151566565,
    "recall": 0.9745454545454545,
    "f1": 0.9722804829658183,
    "auc": 0.9966887525826447,
    "loss": 0.074004165828228
  },
  "dataset_size": 17600,
  "class_counts": {
    "0": 8800,
    "1": 8800
  },
  "best_score_in_checkpoint": 0.9950668001033058,
  "best_epoch_in_checkpoint": 10,
  "saved_epoch": 10
}