{
  "dataset_name": "openfake_logo_sd-3.5",
  "dataset_class": "OpenFakeDataset",
  "split": "test",
  "checkpoint": "/home/user/SC/Deepfake-Fusion/outputs/fusion/resnet_spai_openfake/logo/sd-3.5/best.pth",
  "metrics": {
    "accuracy": 0.8115,
    "precision": 0.9512857660268019,
    "recall": 0.656625,
    "f1": 0.7769560715870434,
    "auc": 0.9429321015625,
    "loss": 1.8068934690942988,
    "threshold": 0.5,
    "loss_total": 1.8068934690942988,
    "loss_spatial_aux": 1.1497054168656469,
    "loss_spectral_aux": 1.0318278018906712
  },
  "dataset_size": 16000,
  "class_counts": {
    "0": 8000,
    "1": 8000
  },
  "best_score_in_checkpoint": 0.9929450929752065,
  "best_epoch_in_checkpoint": 15,
  "saved_epoch": 15
}