{
  "best_checkpoint": "/home/user/SC/Deepfake-Fusion/outputs/fusion/resnet_spai_openfake/logo/sd-3.5/best.pth",
  "best_epoch": 7,
  "best_monitor": "val_auc",
  "best_score": 0.9932425684400826,
  "val_metrics": {
    "accuracy": 0.9564772727272727,
    "precision": 0.9777592768791628,
    "recall": 0.9342045454545455,
    "f1": 0.9554858205485821,
    "auc": 0.9932425684400826,
    "loss": 0.15317656873302027
  },
  "test_metrics": {
    "accuracy": 0.7613125,
    "precision": 0.959349593495935,
    "recall": 0.54575,
    "f1": 0.6957214564576528,
    "auc": 0.9450610624999999,
    "loss": 1.058331306643784
  }
}