{
  "best_checkpoint": "/home/user/SC/Deepfake-Fusion/outputs/fusion/resnet_spai_openfake/logo/sd-3.5/best.pth",
  "best_epoch": 10,
  "best_monitor": "val_auc",
  "best_score": 0.9941603499483471,
  "val_metrics": {
    "accuracy": 0.9683522727272728,
    "precision": 0.9717294265766281,
    "recall": 0.9647727272727272,
    "f1": 0.9682385812852825,
    "auc": 0.9941603499483471,
    "loss": 0.1461580333452333
  },
  "test_metrics": {
    "accuracy": 0.80625,
    "precision": 0.9487179487179487,
    "recall": 0.6475,
    "f1": 0.7696879643387816,
    "auc": 0.9490122734375,
    "loss": 1.131981965072453
  }
}