{
  "dataset_name": "openfake_logo_sd-3.5",
  "dataset_class": "OpenFakeDataset",
  "fit_split": "val",
  "evaluated_csv": "/home/user/SC/Deepfake-Fusion/data/splits/openfake/logo/sd-3.5/val.csv",
  "split_csv_override_used": false,
  "generator_name": null,
  "checkpoint": "/home/user/SC/Deepfake-Fusion/outputs/fusion/resnet_spai_openfake/logo/sd-3.5/best.pth",
  "threshold_for_reporting": 0.5,
  "temperature_init": 1.0,
  "temperature": 3.3715007305145264,
  "nll_before": 0.1620100736618042,
  "nll_after": 0.07371041178703308,
  "metrics_before": {
    "accuracy": 0.973125,
    "precision": 0.9787282971139474,
    "recall": 0.9672727272727273,
    "f1": 0.9729667943075956,
    "auc": 0.9946857438016532,
    "loss": 0.16202408676120367
  },
  "metrics_after": {
    "accuracy": 0.973125,
    "precision": 0.9787282971139474,
    "recall": 0.9672727272727273,
    "f1": 0.9729667943075956,
    "auc": 0.9967220170454546,
    "loss": 0.07371041178703308
  },
  "dataset_size": 17600,
  "class_counts": {
    "0": 8800,
    "1": 8800
  },
  "best_score_in_checkpoint": 0.9946857438016532,
  "best_epoch_in_checkpoint": 14,
  "saved_epoch": 14
}