{
  "dataset_name": "openfake_logo_dalle-3",
  "dataset_class": "OpenFakeDataset",
  "split": "test",
  "checkpoint": "/home/user/SC/Deepfake-Fusion/outputs/frequency/spai_openfake/logo/dalle-3/best.pth",
  "metrics": {
    "accuracy": 0.87675,
    "precision": 0.9651234567901235,
    "recall": 0.78175,
    "f1": 0.8638121546961326,
    "auc": 0.9693454296875,
    "loss": 0.7708639945909381,
    "threshold": 0.5,
    "loss_total": 0.7708639945909381
  },
  "dataset_size": 16000,
  "class_counts": {
    "0": 8000,
    "1": 8000
  },
  "best_score_in_checkpoint": 0.9944864863119836,
  "best_epoch_in_checkpoint": 10,
  "saved_epoch": 10
}