{
  "best_checkpoint": "C:/Deepfake-Fusion/outputs/frequency/spai_openfake/logo/dalle-3/best.pth",
  "best_epoch": 9,
  "best_monitor": "val_auc",
  "best_score": 0.9951028279958678,
  "val_metrics": {
    "accuracy": 0.9702272727272727,
    "precision": 0.9741063244729606,
    "recall": 0.9661363636363637,
    "f1": 0.9701049748973072,
    "auc": 0.9951028279958678,
    "loss": 0.13861908982423218
  },
  "test_metrics": {
    "accuracy": 0.874125,
    "precision": 0.9667810355583282,
    "recall": 0.774875,
    "f1": 0.860255342769914,
    "auc": 0.9711123046875001,
    "loss": 0.7579601655825973
  }
}