{
  "dataset_name": "openfake_logo_dalle-3",
  "dataset_class": "OpenFakeDataset",
  "fit_split": "val",
  "evaluated_csv": "/home/user/SC/Deepfake-Fusion/data/splits/openfake/logo/dalle-3/val.csv",
  "split_csv_override_used": false,
  "generator_name": null,
  "checkpoint": "/home/user/SC/Deepfake-Fusion/outputs/frequency/spai_openfake/logo/dalle-3/best.pth",
  "threshold_for_reporting": 0.5,
  "temperature_init": 1.0,
  "temperature": 2.8295278549194336,
  "nll_before": 0.15244679152965546,
  "nll_after": 0.0864199623465538,
  "metrics_before": {
    "accuracy": 0.9664204545454546,
    "precision": 0.9718358432003679,
    "recall": 0.9606818181818182,
    "f1": 0.9662266415223727,
    "auc": 0.9944864863119836,
    "loss": 0.15245141340250318
  },
  "metrics_after": {
    "accuracy": 0.9664204545454546,
    "precision": 0.9718358432003679,
    "recall": 0.9606818181818182,
    "f1": 0.9662266415223727,
    "auc": 0.9954595945247935,
    "loss": 0.0864199623465538
  },
  "dataset_size": 17600,
  "class_counts": {
    "0": 8800,
    "1": 8800
  },
  "best_score_in_checkpoint": 0.9944864863119836,
  "best_epoch_in_checkpoint": 10,
  "saved_epoch": 10
}