{
  "dataset_name": "openfake_logo_grok-2-image-1212",
  "dataset_class": "OpenFakeDataset",
  "split": "test",
  "checkpoint": "/home/user/SC/Deepfake-Fusion/outputs/spatial/resnet_openfake/logo/grok-2-image-1212/best.pth",
  "metrics": {
    "accuracy": 0.8394375,
    "precision": 0.9111279333838002,
    "recall": 0.75225,
    "f1": 0.824101335159192,
    "auc": 0.9354858515625,
    "loss": 0.647038116902113,
    "threshold": 0.5,
    "loss_total": 0.647038116902113
  },
  "dataset_size": 16000,
  "class_counts": {
    "0": 8000,
    "1": 8000
  },
  "best_score_in_checkpoint": 0.9813941309400828,
  "best_epoch_in_checkpoint": 10,
  "saved_epoch": 10
}