{
  "dataset_name": "openfake_by_generator_flux-mvc5000",
  "dataset_class": "OpenFakeDataset",
  "split": "test",
  "checkpoint": "/home/user/SC/Deepfake-Fusion/outputs/fusion/vit_spai_openfake/by_generator/flux-mvc5000/best.pth",
  "metrics": {
    "accuracy": 0.9762351469668543,
    "precision": 0.9941596365996106,
    "recall": 0.9580988117573483,
    "f1": 0.975796178343949,
    "auc": 0.9992817196176004,
    "loss": 0.09221325964760677,
    "threshold": 0.5,
    "loss_total": 0.09225330616347492,
    "loss_spatial_aux": 0.09133329883217811,
    "loss_spectral_aux": 0.06662327840924263
  },
  "dataset_size": 3198,
  "class_counts": {
    "0": 1599,
    "1": 1599
  },
  "best_score_in_checkpoint": 0.9993921875,
  "best_epoch_in_checkpoint": 2,
  "saved_epoch": 2
}