{
  "dataset_name": "openfake_by_generator_flux-mvc5000",
  "dataset_class": "OpenFakeDataset",
  "split": "test",
  "checkpoint": "/home/user/SC/Deepfake-Fusion/outputs/fusion/vit_spai_openfake/by_generator/flux-mvc5000/best.pth",
  "metrics": {
    "accuracy": 0.9896810506566605,
    "precision": 0.981549815498155,
    "recall": 0.99812382739212,
    "f1": 0.9897674418604652,
    "auc": 0.9987971296944893,
    "loss": 0.040139064295265536
  },
  "dataset_size": 3198,
  "class_counts": {
    "0": 1599,
    "1": 1599
  },
  "best_score_in_checkpoint": 0.99909453125,
  "best_epoch_in_checkpoint": 10,
  "saved_epoch": 10
}