{
  "dataset_name": "openfake_by_generator_flux-mvc5000",
  "dataset_class": "OpenFakeDataset",
  "split": "test",
  "checkpoint": "/home/user/SC/Deepfake-Fusion/outputs/fusion/vit_spai_openfake/by_generator/flux-mvc5000/best.pth",
  "metrics": {
    "accuracy": 0.9790494058786742,
    "precision": 0.9687882496940025,
    "recall": 0.9899937460913071,
    "f1": 0.9792762140426848,
    "auc": 0.9989838865050507,
    "loss": 0.07837215799831315,
    "threshold": 0.5,
    "loss_total": 0.07834609003737569,
    "loss_spatial_aux": 0.059405336305499074,
    "loss_spectral_aux": 0.0810452226549387
  },
  "dataset_size": 3198,
  "class_counts": {
    "0": 1599,
    "1": 1599
  },
  "best_score_in_checkpoint": 0.9983890625,
  "best_epoch_in_checkpoint": 4,
  "saved_epoch": 4
}