{
  "dataset_name": "openfake_by_generator_flux-mvc5000",
  "dataset_class": "OpenFakeDataset",
  "split": "test",
  "checkpoint": "/home/user/SC/Deepfake-Fusion/outputs/fusion/vit_spai_openfake/by_generator/flux-mvc5000/best.pth",
  "metrics": {
    "accuracy": 0.9899937460913071,
    "precision": 0.9887710542732376,
    "recall": 0.9912445278298937,
    "f1": 0.9900062460961899,
    "auc": 0.9996861312241352,
    "loss": 0.03719333979971544
  },
  "dataset_size": 3198,
  "class_counts": {
    "0": 1599,
    "1": 1599
  },
  "best_score_in_checkpoint": 0.9986765625,
  "best_epoch_in_checkpoint": 14,
  "saved_epoch": 14
}