{
  "best_checkpoint": "/home/user/SC/Deepfake-Fusion/outputs/fusion/vit_spai_openfake/by_generator/flux-mvc5000/best.pth",
  "best_epoch": 14,
  "best_monitor": "val_auc",
  "best_score": 0.9986765625,
  "val_metrics": {
    "accuracy": 0.985625,
    "precision": 0.9802224969097652,
    "recall": 0.99125,
    "f1": 0.9857054070851461,
    "auc": 0.9986765625,
    "loss": 0.05145095020532608
  },
  "test_metrics": {
    "accuracy": 0.9899937460913071,
    "precision": 0.9887710542732376,
    "recall": 0.9912445278298937,
    "f1": 0.9900062460961899,
    "auc": 0.9996861312241352,
    "loss": 0.03719333979971544
  }
}