{
  "best_checkpoint": "/home/user/SC/Deepfake-Fusion/outputs/fusion/vit_spai_openfake/by_generator/flux-mvc5000/best.pth",
  "best_epoch": 4,
  "best_monitor": "val_auc",
  "best_score": 0.9983890625,
  "val_metrics": {
    "accuracy": 0.975,
    "precision": 0.9679802955665024,
    "recall": 0.9825,
    "f1": 0.9751861042183623,
    "auc": 0.9983890625,
    "loss": 0.09818858856335283,
    "threshold": 0.5,
    "loss_total": 0.09818858856335283,
    "loss_spatial_aux": 0.06766493298113346,
    "loss_spectral_aux": 0.08881202220916748
  },
  "test_metrics": {
    "accuracy": 0.9790494058786742,
    "precision": 0.9687882496940025,
    "recall": 0.9899937460913071,
    "f1": 0.9792762140426848,
    "auc": 0.9989838865050507,
    "loss": 0.07837215799831315,
    "threshold": 0.5,
    "loss_total": 0.07834609003737569,
    "loss_spatial_aux": 0.059405336305499074,
    "loss_spectral_aux": 0.0810452226549387
  }
}