{
  "best_checkpoint": "/home/user/SC/Deepfake-Fusion/outputs/fusion/vit_spai_openfake/by_generator/flux-mvc5000/best.pth",
  "best_epoch": 2,
  "best_monitor": "val_auc",
  "best_score": 0.9993921875,
  "val_metrics": {
    "accuracy": 0.981875,
    "precision": 0.9948652118100129,
    "recall": 0.96875,
    "f1": 0.9816339455351488,
    "auc": 0.9993921875,
    "loss": 0.07799386053811759,
    "threshold": 0.5,
    "loss_total": 0.07799386053811759,
    "loss_spatial_aux": 0.07743368729948998,
    "loss_spectral_aux": 0.05779464662075043
  },
  "test_metrics": {
    "accuracy": 0.9762351469668543,
    "precision": 0.9941596365996106,
    "recall": 0.9580988117573483,
    "f1": 0.975796178343949,
    "auc": 0.9992817196176004,
    "loss": 0.09221325964760677,
    "threshold": 0.5,
    "loss_total": 0.09225330616347492,
    "loss_spatial_aux": 0.09133329883217811,
    "loss_spectral_aux": 0.06662327840924263
  }
}