{
  "best_checkpoint": "/home/user/SC/Deepfake-Fusion/outputs/fusion/vit_spai_openfake/by_generator/flux-mvc5000/best.pth",
  "best_epoch": 10,
  "best_monitor": "val_auc",
  "best_score": 0.99909453125,
  "val_metrics": {
    "accuracy": 0.986875,
    "precision": 0.9767441860465116,
    "recall": 0.9975,
    "f1": 0.987012987012987,
    "auc": 0.99909453125,
    "loss": 0.04227670155465603
  },
  "test_metrics": {
    "accuracy": 0.9896810506566605,
    "precision": 0.981549815498155,
    "recall": 0.99812382739212,
    "f1": 0.9897674418604652,
    "auc": 0.9987971296944893,
    "loss": 0.040139064295265536
  }
}