{
  "dataset_name": "openfake_by_generator_flux-mvc5000",
  "dataset_class": "OpenFakeDataset",
  "fit_split": "val",
  "evaluated_csv": "/home/user/SC/Deepfake-Fusion/data/splits/openfake/by_generator/flux-mvc5000/val.csv",
  "split_csv_override_used": false,
  "generator_name": null,
  "checkpoint": "/home/user/SC/Deepfake-Fusion/outputs/fusion/vit_spai_openfake/by_generator/flux-mvc5000/best.pth",
  "threshold_for_reporting": 0.5,
  "temperature_init": 1.0,
  "temperature": 1.3059368133544922,
  "nll_before": 0.050947535783052444,
  "nll_after": 0.04814736545085907,
  "metrics_before": {
    "accuracy": 0.981875,
    "precision": 0.9948652118100129,
    "recall": 0.96875,
    "f1": 0.9816339455351488,
    "auc": 0.9993921875,
    "loss": 0.05094819284975529
  },
  "metrics_after": {
    "accuracy": 0.981875,
    "precision": 0.9948652118100129,
    "recall": 0.96875,
    "f1": 0.9816339455351488,
    "auc": 0.99939140625,
    "loss": 0.04814736545085907
  },
  "dataset_size": 1600,
  "class_counts": {
    "0": 800,
    "1": 800
  },
  "best_score_in_checkpoint": 0.9993921875,
  "best_epoch_in_checkpoint": 2,
  "saved_epoch": 2
}