{
  "dataset_name": "openfake_logo_flux-1.1-pro",
  "dataset_class": "OpenFakeDataset",
  "split": "test",
  "checkpoint": "/home/user/SC/Deepfake-Fusion/outputs/spatial/vit_openfake/logo/flux-1.1-pro/best.pth",
  "metrics": {
    "accuracy": 0.7110625,
    "precision": 0.9377754731656728,
    "recall": 0.452125,
    "f1": 0.6101037361895927,
    "auc": 0.8774677890625,
    "loss": 2.51020417945832,
    "threshold": 0.5,
    "loss_total": 2.51020417945832
  },
  "dataset_size": 16000,
  "class_counts": {
    "0": 8000,
    "1": 8000
  },
  "best_score_in_checkpoint": 0.9953272791838843,
  "best_epoch_in_checkpoint": 10,
  "saved_epoch": 10
}