{
  "best_checkpoint": "/home/user/SC/Deepfake-Fusion/outputs/spatial/vit_openfake/logo/flux-1.1-pro/best.pth",
  "best_epoch": 10,
  "best_monitor": "val_auc",
  "best_score": 0.9953272791838843,
  "val_metrics": {
    "accuracy": 0.9709090909090909,
    "precision": 0.9725199543899657,
    "recall": 0.9692045454545455,
    "f1": 0.9708594194649972,
    "auc": 0.9953272791838843,
    "loss": 0.12870321217585692,
    "threshold": 0.5,
    "loss_total": 0.12870321217585692
  },
  "test_metrics": {
    "accuracy": 0.7110625,
    "precision": 0.9377754731656728,
    "recall": 0.452125,
    "f1": 0.6101037361895927,
    "auc": 0.8774677890625,
    "loss": 2.51020417945832,
    "threshold": 0.5,
    "loss_total": 2.51020417945832
  }
}