{
  "dataset_name": "openfake_logo_flux-1.1-pro",
  "dataset_class": "OpenFakeDataset",
  "fit_split": "val",
  "evaluated_csv": "/home/user/SC/Deepfake-Fusion/data/splits/openfake/logo/flux-1.1-pro/val.csv",
  "split_csv_override_used": false,
  "generator_name": null,
  "checkpoint": "/home/user/SC/Deepfake-Fusion/outputs/spatial/vit_openfake/logo/flux-1.1-pro/best.pth",
  "threshold_for_reporting": 0.5,
  "temperature_init": 1.0,
  "temperature": 2.694319725036621,
  "nll_before": 0.12869617342948914,
  "nll_after": 0.07609829306602478,
  "metrics_before": {
    "accuracy": 0.9709090909090909,
    "precision": 0.9725199543899657,
    "recall": 0.9692045454545455,
    "f1": 0.9708594194649972,
    "auc": 0.9953272791838843,
    "loss": 0.12870321217585692
  },
  "metrics_after": {
    "accuracy": 0.9708522727272727,
    "precision": 0.9724090753619884,
    "recall": 0.9692045454545455,
    "f1": 0.9708041659552672,
    "auc": 0.9963397469008265,
    "loss": 0.07609829306602478
  },
  "dataset_size": 17600,
  "class_counts": {
    "0": 8800,
    "1": 8800
  },
  "best_score_in_checkpoint": 0.9953272791838843,
  "best_epoch_in_checkpoint": 10,
  "saved_epoch": 10
}