{
  "dataset_name": "openfake_logo_flux-1.1-pro",
  "dataset_class": "OpenFakeDataset",
  "fit_split": "val",
  "evaluated_csv": "/home/user/SC/Deepfake-Fusion/data/splits/openfake/logo/flux-1.1-pro/val.csv",
  "split_csv_override_used": false,
  "generator_name": null,
  "checkpoint": "/home/user/SC/Deepfake-Fusion/outputs/spatial/vit_openfake/logo/flux-1.1-pro/best.pth",
  "threshold_for_reporting": 0.5,
  "temperature_init": 1.0,
  "temperature": 2.511620283126831,
  "nll_before": 0.09824017435312271,
  "nll_after": 0.06070506572723389,
  "metrics_before": {
    "accuracy": 0.9767045454545454,
    "precision": 0.9772468714448237,
    "recall": 0.9761363636363637,
    "f1": 0.9766913018760659,
    "auc": 0.9968236828512398,
    "loss": 0.09824325480244377
  },
  "metrics_after": {
    "accuracy": 0.9767045454545454,
    "precision": 0.9772468714448237,
    "recall": 0.9761363636363637,
    "f1": 0.9766913018760659,
    "auc": 0.9977209646177685,
    "loss": 0.06070506572723389
  },
  "dataset_size": 17600,
  "class_counts": {
    "0": 8800,
    "1": 8800
  },
  "best_score_in_checkpoint": 0.9968236828512398,
  "best_epoch_in_checkpoint": 10,
  "saved_epoch": 10
}