{
  "dataset_name": "openfake_by_generator_flux.1-dev",
  "dataset_class": "OpenFakeDataset",
  "split": "test",
  "checkpoint": "/home/user/SC/Deepfake-Fusion/outputs/fusion/vit_spai_openfake/by_generator/flux.1-dev/best.pth",
  "metrics": {
    "accuracy": 0.9487179487179487,
    "precision": 0.9644012944983819,
    "recall": 0.9318323952470294,
    "f1": 0.9478371501272265,
    "auc": 0.9915169385493825,
    "loss": 0.19333310187645747,
    "threshold": 0.5,
    "loss_total": 0.1934062937647104,
    "loss_spatial_aux": 0.13360965371131897,
    "loss_spectral_aux": 0.21388700604438782
  },
  "dataset_size": 3198,
  "class_counts": {
    "0": 1599,
    "1": 1599
  },
  "best_score_in_checkpoint": 0.9901312500000001,
  "best_epoch_in_checkpoint": 2,
  "saved_epoch": 2
}