{
  "dataset_name": "openfake_by_generator_flux.1-dev",
  "dataset_class": "OpenFakeDataset",
  "split": "test",
  "checkpoint": "/home/user/SC/Deepfake-Fusion/outputs/fusion/vit_spai_openfake/by_generator/flux.1-dev/best.pth",
  "metrics": {
    "accuracy": 0.9637273295809882,
    "precision": 0.9637273295809882,
    "recall": 0.9637273295809882,
    "f1": 0.9637273295809882,
    "auc": 0.9939928840766254,
    "loss": 0.1348438938197827
  },
  "dataset_size": 3198,
  "class_counts": {
    "0": 1599,
    "1": 1599
  },
  "best_score_in_checkpoint": 0.9914648437500001,
  "best_epoch_in_checkpoint": 7,
  "saved_epoch": 7
}