{
  "dataset_name": "openfake_by_generator_flux.1-dev",
  "dataset_class": "OpenFakeDataset",
  "split": "test",
  "checkpoint": "/home/user/SC/Deepfake-Fusion/outputs/fusion/vit_spai_openfake/by_generator/flux.1-dev/best.pth",
  "metrics": {
    "accuracy": 0.965603502188868,
    "precision": 0.9570288520564764,
    "recall": 0.9749843652282677,
    "f1": 0.9659231722428748,
    "auc": 0.9930569488982521,
    "loss": 0.17365278215092222
  },
  "dataset_size": 3198,
  "class_counts": {
    "0": 1599,
    "1": 1599
  },
  "best_score_in_checkpoint": 0.9946171875,
  "best_epoch_in_checkpoint": 15,
  "saved_epoch": 15
}