{
  "best_checkpoint": "/home/user/SC/Deepfake-Fusion/outputs/fusion/vit_spai_openfake/by_generator/flux.1-dev/best.pth",
  "best_epoch": 7,
  "best_monitor": "val_auc",
  "best_score": 0.9914648437500001,
  "val_metrics": {
    "accuracy": 0.955625,
    "precision": 0.9584905660377359,
    "recall": 0.9525,
    "f1": 0.9554858934169279,
    "auc": 0.9914648437500001,
    "loss": 0.17737836226820947
  },
  "test_metrics": {
    "accuracy": 0.9637273295809882,
    "precision": 0.9637273295809882,
    "recall": 0.9637273295809882,
    "f1": 0.9637273295809882,
    "auc": 0.9939928840766254,
    "loss": 0.1348438938197827
  }
}