{
  "best_checkpoint": "/home/user/SC/Deepfake-Fusion/outputs/fusion/vit_spai_openfake/by_generator/flux.1-dev/best.pth",
  "best_epoch": 15,
  "best_monitor": "val_auc",
  "best_score": 0.9946171875,
  "val_metrics": {
    "accuracy": 0.96625,
    "precision": 0.9616336633663366,
    "recall": 0.97125,
    "f1": 0.9664179104477612,
    "auc": 0.9946171875,
    "loss": 0.15420131117105484
  },
  "test_metrics": {
    "accuracy": 0.965603502188868,
    "precision": 0.9570288520564764,
    "recall": 0.9749843652282677,
    "f1": 0.9659231722428748,
    "auc": 0.9930569488982521,
    "loss": 0.17365278215092222
  }
}