{
  "dataset_name": "openfake_by_generator_flux.1-dev",
  "dataset_class": "OpenFakeDataset",
  "fit_split": "val",
  "evaluated_csv": "/home/user/SC/Deepfake-Fusion/data/splits/openfake/by_generator/flux.1-dev/val.csv",
  "split_csv_override_used": false,
  "generator_name": null,
  "checkpoint": "/home/user/SC/Deepfake-Fusion/outputs/fusion/vit_spai_openfake/by_generator/flux.1-dev/best.pth",
  "threshold_for_reporting": 0.5,
  "temperature_init": 1.0,
  "temperature": 2.6329092979431152,
  "nll_before": 0.15419289469718933,
  "nll_after": 0.08890148252248764,
  "metrics_before": {
    "accuracy": 0.96625,
    "precision": 0.9616336633663366,
    "recall": 0.97125,
    "f1": 0.9664179104477612,
    "auc": 0.9946171875,
    "loss": 0.15420131117105484
  },
  "metrics_after": {
    "accuracy": 0.96625,
    "precision": 0.9616336633663366,
    "recall": 0.97125,
    "f1": 0.9664179104477612,
    "auc": 0.9951679687499999,
    "loss": 0.08890148252248764
  },
  "dataset_size": 1600,
  "class_counts": {
    "0": 800,
    "1": 800
  },
  "best_score_in_checkpoint": 0.9946171875,
  "best_epoch_in_checkpoint": 15,
  "saved_epoch": 15
}