{
  "dataset_name": "openfake_by_generator_flux.1-dev",
  "dataset_class": "OpenFakeDataset",
  "fit_split": "val",
  "evaluated_csv": "/home/user/SC/Deepfake-Fusion/data/splits/openfake/by_generator/flux.1-dev/val.csv",
  "split_csv_override_used": false,
  "generator_name": null,
  "checkpoint": "/home/user/SC/Deepfake-Fusion/outputs/fusion/vit_spai_openfake/by_generator/flux.1-dev/best.pth",
  "threshold_for_reporting": 0.5,
  "temperature_init": 1.0,
  "temperature": 1.2064932584762573,
  "nll_before": 0.13359051942825317,
  "nll_after": 0.13043777644634247,
  "metrics_before": {
    "accuracy": 0.95125,
    "precision": 0.9664082687338501,
    "recall": 0.935,
    "f1": 0.9504447268106735,
    "auc": 0.9901312500000001,
    "loss": 0.13359119899570943
  },
  "metrics_after": {
    "accuracy": 0.95125,
    "precision": 0.9664082687338501,
    "recall": 0.935,
    "f1": 0.9504447268106735,
    "auc": 0.99013671875,
    "loss": 0.13043777644634247
  },
  "dataset_size": 1600,
  "class_counts": {
    "0": 800,
    "1": 800
  },
  "best_score_in_checkpoint": 0.9901312500000001,
  "best_epoch_in_checkpoint": 2,
  "saved_epoch": 2
}