{
  "dataset_name": "openfake_logo_flux-mvc5000",
  "dataset_class": "OpenFakeDataset",
  "split": "test",
  "checkpoint": "/home/user/SC/Deepfake-Fusion/outputs/fusion/vit_spai_openfake/logo/flux-mvc5000/best.pth",
  "metrics": {
    "accuracy": 0.8299375,
    "precision": 0.9584853222164321,
    "recall": 0.68975,
    "f1": 0.8022097841099077,
    "auc": 0.9537842187500001,
    "loss": 1.1327125051915645
  },
  "dataset_size": 16000,
  "class_counts": {
    "0": 8000,
    "1": 8000
  },
  "best_score_in_checkpoint": 0.9933550942665288,
  "best_epoch_in_checkpoint": 13,
  "saved_epoch": 13
}