{
  "dataset_name": "openfake_logo_flux-mvc5000",
  "dataset_class": "OpenFakeDataset",
  "split": "test",
  "checkpoint": "/home/user/SC/Deepfake-Fusion/outputs/fusion/vit_spai_openfake/logo/flux-mvc5000/best.pth",
  "metrics": {
    "accuracy": 0.848875,
    "precision": 0.9492916934964585,
    "recall": 0.737125,
    "f1": 0.8298620883760203,
    "auc": 0.9560671796875001,
    "loss": 1.0788449404127896,
    "threshold": 0.5,
    "loss_total": 1.0788449404127896,
    "loss_spatial_aux": 0.8821768877804279,
    "loss_spectral_aux": 0.5628929685652256
  },
  "dataset_size": 16000,
  "class_counts": {
    "0": 8000,
    "1": 8000
  },
  "best_score_in_checkpoint": 0.9927890173037189,
  "best_epoch_in_checkpoint": 9,
  "saved_epoch": 9
}