{
  "best_checkpoint": "/home/user/SC/Deepfake-Fusion/outputs/fusion/vit_spai_openfake/logo/flux-mvc5000/best.pth",
  "best_epoch": 9,
  "best_monitor": "val_auc",
  "best_score": 0.9927890173037189,
  "val_metrics": {
    "accuracy": 0.9621590909090909,
    "precision": 0.9583051611449177,
    "recall": 0.9663636363636363,
    "f1": 0.9623175285730452,
    "auc": 0.9927890173037189,
    "loss": 0.22015495020896197,
    "threshold": 0.5,
    "loss_total": 0.22015495020896197,
    "loss_spatial_aux": 0.16027655327184634,
    "loss_spectral_aux": 0.15661358298225836
  },
  "test_metrics": {
    "accuracy": 0.848875,
    "precision": 0.9492916934964585,
    "recall": 0.737125,
    "f1": 0.8298620883760203,
    "auc": 0.9560671796875001,
    "loss": 1.0788449404127896,
    "threshold": 0.5,
    "loss_total": 1.0788449404127896,
    "loss_spatial_aux": 0.8821768877804279,
    "loss_spectral_aux": 0.5628929685652256
  }
}