{
  "best_checkpoint": "/home/user/SC/Deepfake-Fusion/outputs/fusion/vit_spai_openfake/logo/flux-mvc5000/best.pth",
  "best_epoch": 15,
  "best_monitor": "val_auc",
  "best_score": 0.9902836905991734,
  "val_metrics": {
    "accuracy": 0.9609659090909091,
    "precision": 0.9622792022792023,
    "recall": 0.9595454545454546,
    "f1": 0.9609103840682788,
    "auc": 0.9902836905991734,
    "loss": 0.3181695443256335,
    "threshold": 0.5,
    "loss_total": 0.3181695443256335,
    "loss_spatial_aux": 0.23524071413684974,
    "loss_spectral_aux": 0.18708610886199908
  },
  "test_metrics": {
    "accuracy": 0.8806875,
    "precision": 0.9542132736763609,
    "recall": 0.79975,
    "f1": 0.8701802108126487,
    "auc": 0.9664485859375,
    "loss": 1.1346666941093282,
    "threshold": 0.5,
    "loss_total": 1.1346666941093282,
    "loss_spatial_aux": 0.8452082499414683,
    "loss_spectral_aux": 0.610661276884377
  }
}