{
  "dataset_name": "openfake_logo_flux-mvc5000",
  "dataset_class": "OpenFakeDataset",
  "fit_split": "val",
  "evaluated_csv": "/home/user/SC/Deepfake-Fusion/data/splits/openfake/logo/flux-mvc5000/val.csv",
  "split_csv_override_used": false,
  "generator_name": null,
  "checkpoint": "/home/user/SC/Deepfake-Fusion/outputs/fusion/vit_spai_openfake/logo/flux-mvc5000/best.pth",
  "threshold_for_reporting": 0.5,
  "temperature_init": 1.0,
  "temperature": 1.9194437265396118,
  "nll_before": 0.14180080592632294,
  "nll_after": 0.11009270697832108,
  "metrics_before": {
    "accuracy": 0.9566477272727273,
    "precision": 0.9527887323943662,
    "recall": 0.9609090909090909,
    "f1": 0.9568316831683168,
    "auc": 0.992239992252066,
    "loss": 0.14180161362344568
  },
  "metrics_after": {
    "accuracy": 0.9566477272727273,
    "precision": 0.9527887323943662,
    "recall": 0.9609090909090909,
    "f1": 0.9568316831683168,
    "auc": 0.9926227789256199,
    "loss": 0.11009270697832108
  },
  "dataset_size": 17600,
  "class_counts": {
    "0": 8800,
    "1": 8800
  },
  "best_score_in_checkpoint": 0.992239992252066,
  "best_epoch_in_checkpoint": 8,
  "saved_epoch": 8
}