{
  "split": "test",
  "checkpoint": "C:/Deepfake-Fusion/outputs/spatial/resnet18_cifake/best.pth",
  "metrics": {
    "accuracy": 0.98405,
    "precision": 0.9804466501240695,
    "recall": 0.9878,
    "f1": 0.9841095890410959,
    "auc": 0.998554715,
    "loss": 0.049795985555648806
  },
  "dataset_size": 20000,
  "class_counts": {
    "0": 10000,
    "1": 10000
  },
  "best_score_in_checkpoint": 0.9989601800000001,
  "best_epoch_in_checkpoint": 11,
  "saved_epoch": 11
}