{
  "best_checkpoint": "C:/Deepfake-Fusion/outputs/spatial/resnet18_cifake/best.pth",
  "last_checkpoint": "C:/Deepfake-Fusion/outputs/spatial/resnet18_cifake/last.pth",
  "best_epoch": 11,
  "best_monitor": "val_auc",
  "best_score": 0.9989601800000001,
  "val_metrics": {
    "accuracy": 0.9843,
    "precision": 0.9820824208640255,
    "recall": 0.9866,
    "f1": 0.9843360271375835,
    "auc": 0.9989601800000001,
    "loss": 0.046246431589126585
  },
  "test_metrics": {
    "accuracy": 0.98405,
    "precision": 0.9804466501240695,
    "recall": 0.9878,
    "f1": 0.9841095890410959,
    "auc": 0.998554715,
    "loss": 0.049795985555648806
  }
}