{
  "dataset_name": "openfake_logo_imagen-4.0",
  "dataset_class": "OpenFakeDataset",
  "split": "test",
  "checkpoint": "/home/user/SC/Deepfake-Fusion/outputs/fusion/resnet_spai_openfake/logo/imagen-4.0/best.pth",
  "metrics": {
    "accuracy": 0.9312867325246967,
    "precision": 0.9653264975715057,
    "recall": 0.8947105164436664,
    "f1": 0.9286780452982023,
    "auc": 0.9853476768806434,
    "loss": 0.45599551311810194,
    "threshold": 0.5,
    "loss_total": 0.4561279991734773,
    "loss_spatial_aux": 0.36433681556582453,
    "loss_spectral_aux": 0.26444021736085416
  },
  "dataset_size": 15994,
  "class_counts": {
    "0": 7997,
    "1": 7997
  },
  "best_score_in_checkpoint": 0.9913432980371901,
  "best_epoch_in_checkpoint": 11,
  "saved_epoch": 11
}