{
  "dataset_name": "openfake_logo_imagen-4.0",
  "dataset_class": "OpenFakeDataset",
  "split": "test",
  "checkpoint": "/home/user/SC/Deepfake-Fusion/outputs/fusion/resnet_spai_openfake/logo/imagen-4.0/best.pth",
  "metrics": {
    "accuracy": 0.9346629986244842,
    "precision": 0.9743449781659389,
    "recall": 0.8928348130548955,
    "f1": 0.931810766721044,
    "auc": 0.9887865680654379,
    "loss": 0.3914301638657173,
    "threshold": 0.5,
    "loss_total": 0.3915405281074345,
    "loss_spatial_aux": 0.2732955424562097,
    "loss_spectral_aux": 0.24952708211541175
  },
  "dataset_size": 15994,
  "class_counts": {
    "0": 7997,
    "1": 7997
  },
  "best_score_in_checkpoint": 0.9946241670971074,
  "best_epoch_in_checkpoint": 9,
  "saved_epoch": 9
}