{
  "dataset_name": "openfake_logo_imagen-4.0",
  "dataset_class": "OpenFakeDataset",
  "split": "test",
  "checkpoint": "/home/user/SC/Deepfake-Fusion/outputs/fusion/resnet_spai_openfake/logo/imagen-4.0/best.pth",
  "metrics": {
    "accuracy": 0.9359134675503313,
    "precision": 0.9625796178343949,
    "recall": 0.9070901588095536,
    "f1": 0.9340114594733793,
    "auc": 0.9867010354592614,
    "loss": 0.2790738097187637
  },
  "dataset_size": 15994,
  "class_counts": {
    "0": 7997,
    "1": 7997
  },
  "best_score_in_checkpoint": 0.9929951123450413,
  "best_epoch_in_checkpoint": 10,
  "saved_epoch": 10
}