{
  "dataset_name": "openfake_logo_imagen-4.0",
  "dataset_class": "OpenFakeDataset",
  "split": "test",
  "checkpoint": "/home/user/SC/Deepfake-Fusion/outputs/fusion/resnet_spai_openfake/logo/imagen-4.0/best.pth",
  "metrics": {
    "accuracy": 0.9419782418406902,
    "precision": 0.9664774976903788,
    "recall": 0.9157183943978993,
    "f1": 0.9404135096956466,
    "auc": 0.988132210201559,
    "loss": 0.2991748510099313
  },
  "dataset_size": 15994,
  "class_counts": {
    "0": 7997,
    "1": 7997
  },
  "best_score_in_checkpoint": 0.9931691373966942,
  "best_epoch_in_checkpoint": 15,
  "saved_epoch": 15
}