{
  "best_checkpoint": "/home/user/SC/Deepfake-Fusion/outputs/fusion/resnet_spai_openfake/logo/imagen-4.0/best.pth",
  "best_epoch": 9,
  "best_monitor": "val_auc",
  "best_score": 0.9946241670971074,
  "val_metrics": {
    "accuracy": 0.9638636363636364,
    "precision": 0.97223507635354,
    "recall": 0.955,
    "f1": 0.9635404723687228,
    "auc": 0.9946241670971074,
    "loss": 0.20636199216951023,
    "threshold": 0.5,
    "loss_total": 0.20636199216951023,
    "loss_spatial_aux": 0.17670495444400744,
    "loss_spectral_aux": 0.15745434747500853
  },
  "test_metrics": {
    "accuracy": 0.9346629986244842,
    "precision": 0.9743449781659389,
    "recall": 0.8928348130548955,
    "f1": 0.931810766721044,
    "auc": 0.9887865680654379,
    "loss": 0.3914301638657173,
    "threshold": 0.5,
    "loss_total": 0.3915405281074345,
    "loss_spatial_aux": 0.2732955424562097,
    "loss_spectral_aux": 0.24952708211541175
  }
}