{
  "best_checkpoint": "/home/user/SC/Deepfake-Fusion/outputs/fusion/resnet_spai_openfake/logo/imagen-4.0/best.pth",
  "best_epoch": 10,
  "best_monitor": "val_auc",
  "best_score": 0.9929951123450413,
  "val_metrics": {
    "accuracy": 0.960625,
    "precision": 0.961937321937322,
    "recall": 0.9592045454545455,
    "f1": 0.9605689900426743,
    "auc": 0.9929951123450413,
    "loss": 0.16378635632720862
  },
  "test_metrics": {
    "accuracy": 0.9359134675503313,
    "precision": 0.9625796178343949,
    "recall": 0.9070901588095536,
    "f1": 0.9340114594733793,
    "auc": 0.9867010354592614,
    "loss": 0.2790738097187637
  }
}