{
  "best_checkpoint": "/home/user/SC/Deepfake-Fusion/outputs/fusion/resnet_spai_openfake/logo/imagen-4.0/best.pth",
  "best_epoch": 15,
  "best_monitor": "val_auc",
  "best_score": 0.9931691373966942,
  "val_metrics": {
    "accuracy": 0.9671590909090909,
    "precision": 0.9672652875653558,
    "recall": 0.9670454545454545,
    "f1": 0.9671553585634731,
    "auc": 0.9931691373966942,
    "loss": 0.1593184066225182
  },
  "test_metrics": {
    "accuracy": 0.9419782418406902,
    "precision": 0.9664774976903788,
    "recall": 0.9157183943978993,
    "f1": 0.9404135096956466,
    "auc": 0.988132210201559,
    "loss": 0.2991748510099313
  }
}