{
  "dataset_name": "openfake_logo_imagen-4.0",
  "dataset_class": "OpenFakeDataset",
  "fit_split": "val",
  "evaluated_csv": "/home/user/SC/Deepfake-Fusion/data/splits/openfake/logo/imagen-4.0/val.csv",
  "split_csv_override_used": false,
  "generator_name": null,
  "checkpoint": "/home/user/SC/Deepfake-Fusion/outputs/fusion/resnet_spai_openfake/logo/imagen-4.0/best.pth",
  "threshold_for_reporting": 0.5,
  "temperature_init": 1.0,
  "temperature": 2.330665111541748,
  "nll_before": 0.13952507078647614,
  "nll_after": 0.09225151687860489,
  "metrics_before": {
    "accuracy": 0.9638636363636364,
    "precision": 0.97223507635354,
    "recall": 0.955,
    "f1": 0.9635404723687228,
    "auc": 0.9946241670971074,
    "loss": 0.13953013092279434
  },
  "metrics_after": {
    "accuracy": 0.9638636363636364,
    "precision": 0.97223507635354,
    "recall": 0.955,
    "f1": 0.9635404723687228,
    "auc": 0.994936989927686,
    "loss": 0.09225151687860489
  },
  "dataset_size": 17600,
  "class_counts": {
    "0": 8800,
    "1": 8800
  },
  "best_score_in_checkpoint": 0.9946241670971074,
  "best_epoch_in_checkpoint": 9,
  "saved_epoch": 9
}