{
  "best_checkpoint": "C:/Deepfake-Fusion/outputs/frequency/spai_openfake/logo/grok-2-image-1212/best.pth",
  "best_epoch": 8,
  "best_monitor": "val_auc",
  "best_score": 0.9940468039772729,
  "val_metrics": {
    "accuracy": 0.965284090909091,
    "precision": 0.9675688021011762,
    "recall": 0.9628409090909091,
    "f1": 0.9651990658996412,
    "auc": 0.9940468039772729,
    "loss": 0.15305177134546366
  },
  "test_metrics": {
    "accuracy": 0.736,
    "precision": 0.9446537918040508,
    "recall": 0.501375,
    "f1": 0.6550710436060755,
    "auc": 0.9207218749999999,
    "loss": 1.9048659152165055
  }
}