{
  "dataset_name": "openfake_logo_midjourney-6",
  "dataset_class": "OpenFakeDataset",
  "fit_split": "val",
  "evaluated_csv": "/home/user/SC/Deepfake-Fusion/data/splits/openfake/logo/midjourney-6/val.csv",
  "split_csv_override_used": false,
  "generator_name": null,
  "checkpoint": "/home/user/SC/Deepfake-Fusion/outputs/frequency/spai_openfake/logo/midjourney-6/best.pth",
  "threshold_for_reporting": 0.5,
  "temperature_init": 1.0,
  "temperature": 2.768361806869507,
  "nll_before": 0.14899374544620514,
  "nll_after": 0.08648711442947388,
  "metrics_before": {
    "accuracy": 0.9659659090909091,
    "precision": 0.9662308129619102,
    "recall": 0.9656818181818182,
    "f1": 0.9659562375674907,
    "auc": 0.9938700477789256,
    "loss": 0.14900105524469506
  },
  "metrics_after": {
    "accuracy": 0.9659659090909091,
    "precision": 0.9662308129619102,
    "recall": 0.9656818181818182,
    "f1": 0.9659562375674907,
    "auc": 0.9953939695247933,
    "loss": 0.08648711442947388
  },
  "dataset_size": 17600,
  "class_counts": {
    "0": 8800,
    "1": 8800
  },
  "best_score_in_checkpoint": 0.9938700477789256,
  "best_epoch_in_checkpoint": 10,
  "saved_epoch": 10
}