{
  "dataset_name": "openfake_logo_flux-1.1-pro",
  "dataset_class": "OpenFakeDataset",
  "split": "test",
  "checkpoint": "/home/user/SC/Deepfake-Fusion/outputs/frequency/spai_openfake/logo/flux-1.1-pro/best.pth",
  "metrics": {
    "accuracy": 0.7158125,
    "precision": 0.9446304403811486,
    "recall": 0.4585,
    "f1": 0.6173525204073046,
    "auc": 0.8845706171875001,
    "loss": 2.6310854576677083,
    "threshold": 0.5,
    "loss_total": 2.6310854576677083
  },
  "dataset_size": 16000,
  "class_counts": {
    "0": 8000,
    "1": 8000
  },
  "best_score_in_checkpoint": 0.9957799651342975,
  "best_epoch_in_checkpoint": 10,
  "saved_epoch": 10
}