{
  "dataset_name": "openfake_by_generator_dalle-3",
  "dataset_class": "OpenFakeDataset",
  "split": "test",
  "checkpoint": "C:/Deepfake-Fusion/outputs/frequency/spai_openfake/by_generator/dalle-3/best.pth",
  "metrics": {
    "accuracy": 0.9774859287054409,
    "precision": 0.9641337386018237,
    "recall": 0.991869918699187,
    "f1": 0.9778051787916153,
    "auc": 0.9973889246757961,
    "loss": 0.08522191234608603
  },
  "dataset_size": 3198,
  "class_counts": {
    "0": 1599,
    "1": 1599
  },
  "best_score_in_checkpoint": 0.9974578124999999,
  "best_epoch_in_checkpoint": 5,
  "saved_epoch": 5
}