{
  "dataset_name": "openfake_by_generator_dalle-3",
  "dataset_class": "OpenFakeDataset",
  "split": "test",
  "checkpoint": "/home/user/SC/Deepfake-Fusion/outputs/frequency/spai_openfake/by_generator/dalle-3/best.pth",
  "metrics": {
    "accuracy": 0.9734208880550344,
    "precision": 0.9921976592977894,
    "recall": 0.9543464665415885,
    "f1": 0.9729040484539369,
    "auc": 0.9973762134792656,
    "loss": 0.09273986968493149,
    "threshold": 0.5,
    "loss_total": 0.09284162782132625
  },
  "dataset_size": 3198,
  "class_counts": {
    "0": 1599,
    "1": 1599
  },
  "best_score_in_checkpoint": 0.9954601562500001,
  "best_epoch_in_checkpoint": 5,
  "saved_epoch": 5
}