{
  "best_checkpoint": "C:/Deepfake-Fusion/outputs/frequency/spai_openfake/by_generator/dalle-3/best.pth",
  "best_epoch": 5,
  "best_monitor": "val_auc",
  "best_score": 0.9974578124999999,
  "val_metrics": {
    "accuracy": 0.97625,
    "precision": 0.9657701711491442,
    "recall": 0.9875,
    "f1": 0.9765142150803461,
    "auc": 0.9974578124999999,
    "loss": 0.09511451885104179
  },
  "test_metrics": {
    "accuracy": 0.9774859287054409,
    "precision": 0.9641337386018237,
    "recall": 0.991869918699187,
    "f1": 0.9778051787916153,
    "auc": 0.9973889246757961,
    "loss": 0.08522191234608603
  }
}