{
  "best_checkpoint": "/home/user/SC/Deepfake-Fusion/outputs/frequency/spai_openfake/by_generator/dalle-3/best.pth",
  "best_epoch": 5,
  "best_monitor": "val_auc",
  "best_score": 0.9954601562500001,
  "val_metrics": {
    "accuracy": 0.979375,
    "precision": 0.9897828863346104,
    "recall": 0.96875,
    "f1": 0.9791535060012634,
    "auc": 0.9954601562500001,
    "loss": 0.09512648187577724,
    "threshold": 0.5,
    "loss_total": 0.09512648187577724
  },
  "test_metrics": {
    "accuracy": 0.9734208880550344,
    "precision": 0.9921976592977894,
    "recall": 0.9543464665415885,
    "f1": 0.9729040484539369,
    "auc": 0.9973762134792656,
    "loss": 0.09273986968493149,
    "threshold": 0.5,
    "loss_total": 0.09284162782132625
  }
}