{
  "dataset_name": "openfake_by_generator_dalle-3",
  "dataset_class": "OpenFakeDataset",
  "fit_split": "val",
  "evaluated_csv": "/home/user/SC/Deepfake-Fusion/data/splits/openfake/by_generator/dalle-3/val.csv",
  "split_csv_override_used": false,
  "generator_name": null,
  "checkpoint": "/home/user/SC/Deepfake-Fusion/outputs/frequency/spai_openfake/by_generator/dalle-3/best.pth",
  "threshold_for_reporting": 0.5,
  "temperature_init": 1.0,
  "temperature": 2.0276286602020264,
  "nll_before": 0.09511926770210266,
  "nll_after": 0.06673870235681534,
  "metrics_before": {
    "accuracy": 0.979375,
    "precision": 0.9897828863346104,
    "recall": 0.96875,
    "f1": 0.9791535060012634,
    "auc": 0.9954601562500001,
    "loss": 0.09512648187577724
  },
  "metrics_after": {
    "accuracy": 0.979375,
    "precision": 0.9897828863346104,
    "recall": 0.96875,
    "f1": 0.9791535060012634,
    "auc": 0.9954671875000001,
    "loss": 0.06673870235681534
  },
  "dataset_size": 1600,
  "class_counts": {
    "0": 800,
    "1": 800
  },
  "best_score_in_checkpoint": 0.9954601562500001,
  "best_epoch_in_checkpoint": 5,
  "saved_epoch": 5
}