{
  "dataset_name": "openfake_logo_ideogram-3.0",
  "dataset_class": "OpenFakeDataset",
  "fit_split": "val",
  "evaluated_csv": "/home/user/SC/Deepfake-Fusion/data/splits/openfake/logo/ideogram-3.0/val.csv",
  "split_csv_override_used": false,
  "generator_name": null,
  "checkpoint": "/home/user/SC/Deepfake-Fusion/outputs/frequency/spai_openfake/logo/ideogram-3.0/best.pth",
  "threshold_for_reporting": 0.5,
  "temperature_init": 1.0,
  "temperature": 3.0116288661956787,
  "nll_before": 0.17154034972190857,
  "nll_after": 0.09251639991998672,
  "metrics_before": {
    "accuracy": 0.9640909090909091,
    "precision": 0.969749252357948,
    "recall": 0.9580681818181818,
    "f1": 0.9638733279981708,
    "auc": 0.9933715392561984,
    "loss": 0.17154809173535218
  },
  "metrics_after": {
    "accuracy": 0.9640909090909091,
    "precision": 0.969749252357948,
    "recall": 0.9580681818181818,
    "f1": 0.9638733279981708,
    "auc": 0.9947505875516528,
    "loss": 0.09251639991998672
  },
  "dataset_size": 17600,
  "class_counts": {
    "0": 8800,
    "1": 8800
  },
  "best_score_in_checkpoint": 0.9933715392561984,
  "best_epoch_in_checkpoint": 10,
  "saved_epoch": 10
}