{
  "dataset_name": "openfake_by_generator_dalle-3",
  "dataset_class": "OpenFakeDataset",
  "split": "test",
  "checkpoint": "/home/user/SC/Deepfake-Fusion/outputs/fusion/vit_spai_openfake/by_generator/dalle-3/best.pth",
  "metrics": {
    "accuracy": 0.981863664790494,
    "precision": 0.9842866121935889,
    "recall": 0.9793621013133208,
    "f1": 0.9818181818181818,
    "auc": 0.9959744618372723,
    "loss": 0.1486190687809687,
    "threshold": 0.5,
    "loss_total": 0.14874697082239435,
    "loss_spatial_aux": 0.09757101073861123,
    "loss_spectral_aux": 0.10386700972914696
  },
  "dataset_size": 3198,
  "class_counts": {
    "0": 1599,
    "1": 1599
  },
  "best_score_in_checkpoint": 0.9963734375,
  "best_epoch_in_checkpoint": 12,
  "saved_epoch": 12
}