{
  "best_checkpoint": "/home/user/SC/Deepfake-Fusion/outputs/fusion/vit_spai_openfake/by_generator/dalle-3/best.pth",
  "best_epoch": 2,
  "best_monitor": "val_auc",
  "best_score": 0.99720703125,
  "val_metrics": {
    "accuracy": 0.97625,
    "precision": 0.9738805970149254,
    "recall": 0.97875,
    "f1": 0.9763092269326683,
    "auc": 0.99720703125,
    "loss": 0.10646752510219812,
    "threshold": 0.5,
    "loss_total": 0.10646752510219812,
    "loss_spatial_aux": 0.07645230397582053,
    "loss_spectral_aux": 0.07802112102508545
  },
  "test_metrics": {
    "accuracy": 0.9793621013133208,
    "precision": 0.980564263322884,
    "recall": 0.9781113195747342,
    "f1": 0.9793362554790231,
    "auc": 0.9973249775794049,
    "loss": 0.10124737522876434,
    "threshold": 0.5,
    "loss_total": 0.10135664152912796,
    "loss_spatial_aux": 0.07537106782197953,
    "loss_spectral_aux": 0.07550183951854705
  }
}