{
  "best_checkpoint": "/home/user/SC/Deepfake-Fusion/outputs/fusion/vit_spai_openfake/by_generator/dalle-3/best.pth",
  "best_epoch": 15,
  "best_monitor": "val_auc",
  "best_score": 0.9980703125,
  "val_metrics": {
    "accuracy": 0.983125,
    "precision": 0.983729662077597,
    "recall": 0.9825,
    "f1": 0.9831144465290806,
    "auc": 0.9980703125,
    "loss": 0.07330149412155151
  },
  "test_metrics": {
    "accuracy": 0.9856160100062539,
    "precision": 0.9850093691442848,
    "recall": 0.9862414008755472,
    "f1": 0.985625,
    "auc": 0.9977041623497488,
    "loss": 0.06914860128499031
  }
}