{
  "best_checkpoint": "/home/user/SC/Deepfake-Fusion/outputs/fusion/vit_spai_openfake/by_generator/dalle-3/best.pth",
  "best_epoch": 12,
  "best_monitor": "val_auc",
  "best_score": 0.9963734375,
  "val_metrics": {
    "accuracy": 0.98375,
    "precision": 0.9886363636363636,
    "recall": 0.97875,
    "f1": 0.9836683417085427,
    "auc": 0.9963734375,
    "loss": 0.14350007822475164,
    "threshold": 0.5,
    "loss_total": 0.14350007822475164,
    "loss_spatial_aux": 0.09520561918616295,
    "loss_spectral_aux": 0.0991242478787899
  },
  "test_metrics": {
    "accuracy": 0.981863664790494,
    "precision": 0.9842866121935889,
    "recall": 0.9793621013133208,
    "f1": 0.9818181818181818,
    "auc": 0.9959744618372723,
    "loss": 0.1486190687809687,
    "threshold": 0.5,
    "loss_total": 0.14874697082239435,
    "loss_spatial_aux": 0.09757101073861123,
    "loss_spectral_aux": 0.10386700972914696
  }
}