{
  "best_checkpoint": "/home/user/SC/Deepfake-Fusion/outputs/fusion/vit_spai_openfake/by_generator/dalle-3/best.pth",
  "best_epoch": 4,
  "best_monitor": "val_auc",
  "best_score": 0.9979,
  "val_metrics": {
    "accuracy": 0.980625,
    "precision": 0.981226533166458,
    "recall": 0.98,
    "f1": 0.9806128830519074,
    "auc": 0.9979,
    "loss": 0.06687623791396619
  },
  "test_metrics": {
    "accuracy": 0.9771732332707942,
    "precision": 0.9792713567839196,
    "recall": 0.9749843652282677,
    "f1": 0.9771231588843623,
    "auc": 0.9968867346344124,
    "loss": 0.07710054078796941
  }
}