{
  "best_checkpoint": "/home/user/SC/Deepfake-Fusion/outputs/fusion/vit_spai_openfake/by_generator/dalle-3/best.pth",
  "best_epoch": 3,
  "best_monitor": "val_auc",
  "best_score": 0.997475,
  "val_metrics": {
    "accuracy": 0.9775,
    "precision": 0.9692874692874693,
    "recall": 0.98625,
    "f1": 0.9776951672862454,
    "auc": 0.997475,
    "loss": 0.07799474395811558
  },
  "test_metrics": {
    "accuracy": 0.9790494058786742,
    "precision": 0.9705159705159705,
    "recall": 0.9881175734834271,
    "f1": 0.9792376820576387,
    "auc": 0.9974882675656025,
    "loss": 0.06951068193792104
  }
}