{
  "dataset_name": "openfake_by_generator_flux-mvc5000",
  "dataset_class": "OpenFakeDataset",
  "split": "test",
  "checkpoint": "/home/user/SC/Deepfake-Fusion/outputs/spatial/resnet_openfake/by_generator/flux-mvc5000/best.pth",
  "metrics": {
    "accuracy": 0.9643527204502814,
    "precision": 0.969046114971573,
    "recall": 0.959349593495935,
    "f1": 0.9641734758013828,
    "auc": 0.9945815102544158,
    "loss": 0.10846487635407617,
    "threshold": 0.5,
    "loss_total": 0.10851696971803904
  },
  "dataset_size": 3198,
  "class_counts": {
    "0": 1599,
    "1": 1599
  },
  "best_score_in_checkpoint": 0.99300078125,
  "best_epoch_in_checkpoint": 10,
  "saved_epoch": 10
}