{
  "best_checkpoint": "/home/user/SC/Deepfake-Fusion/outputs/spatial/resnet_openfake/by_generator/flux-mvc5000/best.pth",
  "best_epoch": 10,
  "best_monitor": "val_auc",
  "best_score": 0.99300078125,
  "val_metrics": {
    "accuracy": 0.96375,
    "precision": 0.96375,
    "recall": 0.96375,
    "f1": 0.96375,
    "auc": 0.99300078125,
    "loss": 0.11585119761526584,
    "threshold": 0.5,
    "loss_total": 0.11585119761526584
  },
  "test_metrics": {
    "accuracy": 0.9643527204502814,
    "precision": 0.969046114971573,
    "recall": 0.959349593495935,
    "f1": 0.9641734758013828,
    "auc": 0.9945815102544158,
    "loss": 0.10846487635407617,
    "threshold": 0.5,
    "loss_total": 0.10851696971803904
  }
}