{
  "dataset_name": "openfake_group_holdout_split_b",
  "dataset_class": "OpenFakeDataset",
  "split": "test",
  "checkpoint": "/home/user/SC/Deepfake-Fusion/outputs/fusion/vit_spai_openfake/group_holdout/split_b/best.pth",
  "metrics": {
    "accuracy": 0.8094181151265057,
    "precision": 0.884196361566131,
    "recall": 0.712100370972448,
    "f1": 0.7888715728715728,
    "auc": 0.9080000135987387,
    "loss": 0.8128484215982251,
    "threshold": 0.5,
    "loss_total": 0.8128298713167509,
    "loss_spatial_aux": 0.603393638352553,
    "loss_spectral_aux": 0.46050524470210075
  },
  "dataset_size": 95964,
  "class_counts": {
    "0": 47982,
    "1": 47982
  },
  "best_score_in_checkpoint": 0.9907156032986112,
  "best_epoch_in_checkpoint": 3,
  "saved_epoch": 3
}