{
  "best_checkpoint": "/home/user/SC/Deepfake-Fusion/outputs/fusion/vit_spai_openfake/group_holdout/split_b/best.pth",
  "best_epoch": 3,
  "best_monitor": "val_auc",
  "best_score": 0.9907156032986112,
  "val_metrics": {
    "accuracy": 0.9414583333333333,
    "precision": 0.910977501939488,
    "recall": 0.9785416666666666,
    "f1": 0.9435516271595018,
    "auc": 0.9907156032986112,
    "loss": 0.23011769098540147,
    "threshold": 0.5,
    "loss_total": 0.23011769098540147,
    "loss_spatial_aux": 0.18208723043402036,
    "loss_spectral_aux": 0.1755539253850778
  },
  "test_metrics": {
    "accuracy": 0.8094181151265057,
    "precision": 0.884196361566131,
    "recall": 0.712100370972448,
    "f1": 0.7888715728715728,
    "auc": 0.9080000135987387,
    "loss": 0.8128484215982251,
    "threshold": 0.5,
    "loss_total": 0.8128298713167509,
    "loss_spatial_aux": 0.603393638352553,
    "loss_spectral_aux": 0.46050524470210075
  }
}