{
  "best_checkpoint": "/home/user/SC/Deepfake-Fusion/outputs/fusion/vit_spai_openfake/group_holdout/split_b/best.pth",
  "best_epoch": 11,
  "best_monitor": "val_auc",
  "best_score": 0.9939153428819445,
  "val_metrics": {
    "accuracy": 0.9685416666666666,
    "precision": 0.9772920203735145,
    "recall": 0.959375,
    "f1": 0.9682506307821699,
    "auc": 0.9939153428819445,
    "loss": 0.24403706227739652,
    "threshold": 0.5,
    "loss_total": 0.24403706227739652,
    "loss_spatial_aux": 0.15173432531456152,
    "loss_spectral_aux": 0.17986659124493598
  },
  "test_metrics": {
    "accuracy": 0.7337960068358967,
    "precision": 0.951138100217164,
    "recall": 0.49291400942019925,
    "f1": 0.649324621128926,
    "auc": 0.9127436542124719,
    "loss": 3.2063643173390135,
    "threshold": 0.5,
    "loss_total": 3.2072750955025353,
    "loss_spatial_aux": 1.7509604895512263,
    "loss_spectral_aux": 1.7849869232972464
  }
}