{
  "best_checkpoint": "/home/user/SC/Deepfake-Fusion/outputs/fusion/vit_spai_openfake/group_holdout/split_b/best.pth",
  "best_epoch": 15,
  "best_monitor": "val_auc",
  "best_score": 0.9932583333333335,
  "val_metrics": {
    "accuracy": 0.9663541666666666,
    "precision": 0.9709657058699769,
    "recall": 0.9614583333333333,
    "f1": 0.9661886318434,
    "auc": 0.9932583333333335,
    "loss": 0.18129146919896205
  },
  "test_metrics": {
    "accuracy": 0.7510941603101163,
    "precision": 0.9436588599204596,
    "recall": 0.534075278229336,
    "f1": 0.6821049269344406,
    "auc": 0.9071606780519159,
    "loss": 2.284782237435365
  }
}