{
  "dataset_name": "openfake_group_holdout_split_b",
  "dataset_class": "OpenFakeDataset",
  "fit_split": "val",
  "evaluated_csv": "/home/user/SC/Deepfake-Fusion/data/splits/openfake/group_holdout/split_b/val.csv",
  "split_csv_override_used": false,
  "generator_name": null,
  "checkpoint": "/home/user/SC/Deepfake-Fusion/outputs/fusion/vit_spai_openfake/group_holdout/split_b/best.pth",
  "threshold_for_reporting": 0.5,
  "temperature_init": 1.0,
  "temperature": 3.115041971206665,
  "nll_before": 0.18127961456775665,
  "nll_after": 0.08955445885658264,
  "metrics_before": {
    "accuracy": 0.9663541666666666,
    "precision": 0.9709657058699769,
    "recall": 0.9614583333333333,
    "f1": 0.9661886318434,
    "auc": 0.9932583333333335,
    "loss": 0.18129146919896205
  },
  "metrics_after": {
    "accuracy": 0.9663541666666666,
    "precision": 0.9709657058699769,
    "recall": 0.9614583333333333,
    "f1": 0.9661886318434,
    "auc": 0.9951739366319444,
    "loss": 0.08955445885658264
  },
  "dataset_size": 9600,
  "class_counts": {
    "0": 4800,
    "1": 4800
  },
  "best_score_in_checkpoint": 0.9932583333333335,
  "best_epoch_in_checkpoint": 15,
  "saved_epoch": 15
}