{
  "dataset_name": "openfake_group_holdout_split_b",
  "dataset_class": "OpenFakeDataset",
  "fit_split": "val",
  "evaluated_csv": "/home/user/SC/Deepfake-Fusion/data/splits/openfake/group_holdout/split_b/val.csv",
  "split_csv_override_used": false,
  "generator_name": null,
  "checkpoint": "/home/user/SC/Deepfake-Fusion/outputs/fusion/vit_spai_openfake/group_holdout/split_b/best.pth",
  "threshold_for_reporting": 0.5,
  "temperature_init": 1.0,
  "temperature": 3.1349470615386963,
  "nll_before": 0.17770160734653473,
  "nll_after": 0.08637534826993942,
  "metrics_before": {
    "accuracy": 0.9685416666666666,
    "precision": 0.9772920203735145,
    "recall": 0.959375,
    "f1": 0.9682506307821699,
    "auc": 0.9939153428819445,
    "loss": 0.17771687716245652
  },
  "metrics_after": {
    "accuracy": 0.9685416666666666,
    "precision": 0.9772920203735145,
    "recall": 0.959375,
    "f1": 0.9682506307821699,
    "auc": 0.9957819444444446,
    "loss": 0.08637534826993942
  },
  "dataset_size": 9600,
  "class_counts": {
    "0": 4800,
    "1": 4800
  },
  "best_score_in_checkpoint": 0.9939153428819445,
  "best_epoch_in_checkpoint": 11,
  "saved_epoch": 11
}