{
  "dataset_name": "openfake_by_generator_sdxl-epic-realism",
  "dataset_class": "OpenFakeDataset",
  "split": "test",
  "checkpoint": "/home/user/SC/Deepfake-Fusion/outputs/spatial/vit_openfake/by_generator/sdxl-epic-realism/best.pth",
  "metrics": {
    "accuracy": 0.9915572232645403,
    "precision": 0.993099121706399,
    "recall": 0.9899937460913071,
    "f1": 0.9915440025054807,
    "auc": 0.9992944308141306,
    "loss": 0.024379919977943698
  },
  "dataset_size": 3198,
  "class_counts": {
    "0": 1599,
    "1": 1599
  },
  "best_score_in_checkpoint": 0.9993890624999999,
  "best_epoch_in_checkpoint": 4,
  "saved_epoch": 4
}