{
  "best_checkpoint": "/home/user/SC/Deepfake-Fusion/outputs/spatial/vit_openfake/group_holdout/split_b/best.pth",
  "best_epoch": 9,
  "best_monitor": "val_auc",
  "best_score": 0.995501953125,
  "val_metrics": {
    "accuracy": 0.9721875,
    "precision": 0.9726798748696559,
    "recall": 0.9716666666666667,
    "f1": 0.9721730067743617,
    "auc": 0.995501953125,
    "loss": 0.12157230343669653
  },
  "test_metrics": {
    "accuracy": 0.7637968404818474,
    "precision": 0.9471824765942413,
    "recall": 0.5587511983660539,
    "f1": 0.7028720489729574,
    "auc": 0.9219366729007337,
    "loss": 1.752206032623282
  }
}