{
  "dataset_name": "openfake_group_holdout_split_b",
  "dataset_class": "OpenFakeDataset",
  "fit_split": "val",
  "evaluated_csv": "/home/user/SC/Deepfake-Fusion/data/splits/openfake/group_holdout/split_b/val.csv",
  "split_csv_override_used": false,
  "generator_name": null,
  "checkpoint": "/home/user/SC/Deepfake-Fusion/outputs/spatial/vit_openfake/group_holdout/split_b/best.pth",
  "threshold_for_reporting": 0.5,
  "temperature_init": 1.0,
  "temperature": 2.545004367828369,
  "nll_before": 0.12156837433576584,
  "nll_after": 0.07451662421226501,
  "metrics_before": {
    "accuracy": 0.9721875,
    "precision": 0.9726798748696559,
    "recall": 0.9716666666666667,
    "f1": 0.9721730067743617,
    "auc": 0.995501953125,
    "loss": 0.12157230343669653
  },
  "metrics_after": {
    "accuracy": 0.9721875,
    "precision": 0.9726798748696559,
    "recall": 0.9716666666666667,
    "f1": 0.9721730067743617,
    "auc": 0.9964116102430556,
    "loss": 0.07451662421226501
  },
  "dataset_size": 9600,
  "class_counts": {
    "0": 4800,
    "1": 4800
  },
  "best_score_in_checkpoint": 0.995501953125,
  "best_epoch_in_checkpoint": 9,
  "saved_epoch": 9
}