{
  "dataset_name": "openfake_by_generator_flux-mvc5000",
  "dataset_class": "OpenFakeDataset",
  "split": "test",
  "checkpoint": "C:/Deepfake-Fusion/outputs/frequency/spai_openfake/by_generator/flux-mvc5000/best.pth",
  "metrics": {
    "accuracy": 0.9887429643527205,
    "precision": 0.9863098942128189,
    "recall": 0.9912445278298937,
    "f1": 0.9887710542732376,
    "auc": 0.9994330806347462,
    "loss": 0.03631267609471354
  },
  "dataset_size": 3198,
  "class_counts": {
    "0": 1599,
    "1": 1599
  },
  "best_score_in_checkpoint": 0.999403125,
  "best_epoch_in_checkpoint": 6,
  "saved_epoch": 6
}