{
  "dataset_name": "openfake_by_generator_flux-mvc5000",
  "dataset_class": "OpenFakeDataset",
  "split": "test",
  "checkpoint": "/home/user/SC/Deepfake-Fusion/outputs/frequency/spai_openfake/by_generator/flux-mvc5000/best.pth",
  "metrics": {
    "accuracy": 0.9849906191369606,
    "precision": 0.9849906191369606,
    "recall": 0.9849906191369606,
    "f1": 0.9849906191369606,
    "auc": 0.9990562425468388,
    "loss": 0.04394356153667756,
    "threshold": 0.5,
    "loss_total": 0.04392944313585758
  },
  "dataset_size": 3198,
  "class_counts": {
    "0": 1599,
    "1": 1599
  },
  "best_score_in_checkpoint": 0.99825546875,
  "best_epoch_in_checkpoint": 7,
  "saved_epoch": 7
}