{
  "best_checkpoint": "C:/Deepfake-Fusion/outputs/frequency/spai_openfake/by_generator/flux-mvc5000/best.pth",
  "best_epoch": 6,
  "best_monitor": "val_auc",
  "best_score": 0.999403125,
  "val_metrics": {
    "accuracy": 0.98625,
    "precision": 0.9874686716791979,
    "recall": 0.985,
    "f1": 0.986232790988736,
    "auc": 0.999403125,
    "loss": 0.04061838820576668
  },
  "test_metrics": {
    "accuracy": 0.9887429643527205,
    "precision": 0.9863098942128189,
    "recall": 0.9912445278298937,
    "f1": 0.9887710542732376,
    "auc": 0.9994330806347462,
    "loss": 0.03631267609471354
  }
}