{
  "best_checkpoint": "C:/Deepfake-Fusion/outputs/frequency/spai_openfake/logo/flux-mvc5000/best.pth",
  "best_epoch": 9,
  "best_monitor": "val_auc",
  "best_score": 0.9943014075413223,
  "val_metrics": {
    "accuracy": 0.9675568181818182,
    "precision": 0.975609756097561,
    "recall": 0.9590909090909091,
    "f1": 0.967279812045155,
    "auc": 0.9943014075413223,
    "loss": 0.16442617727274245
  },
  "test_metrics": {
    "accuracy": 0.8270625,
    "precision": 0.9640007093456286,
    "recall": 0.6795,
    "f1": 0.7971258889947943,
    "auc": 0.958555171875,
    "loss": 1.1641267870664596
  }
}