{
  "dataset_name": "openfake_logo_flux-mvc5000",
  "dataset_class": "OpenFakeDataset",
  "fit_split": "val",
  "evaluated_csv": "/home/user/SC/Deepfake-Fusion/data/splits/openfake/logo/flux-mvc5000/val.csv",
  "split_csv_override_used": false,
  "generator_name": null,
  "checkpoint": "/home/user/SC/Deepfake-Fusion/outputs/frequency/spai_openfake/logo/flux-mvc5000/best.pth",
  "threshold_for_reporting": 0.5,
  "temperature_init": 1.0,
  "temperature": 2.997379779815674,
  "nll_before": 0.16441433131694794,
  "nll_after": 0.08855385333299637,
  "metrics_before": {
    "accuracy": 0.9675568181818182,
    "precision": 0.975609756097561,
    "recall": 0.9590909090909091,
    "f1": 0.967279812045155,
    "auc": 0.9943014850206613,
    "loss": 0.1644265682453459
  },
  "metrics_after": {
    "accuracy": 0.9675568181818182,
    "precision": 0.975609756097561,
    "recall": 0.9590909090909091,
    "f1": 0.967279812045155,
    "auc": 0.9953618478822314,
    "loss": 0.08855385333299637
  },
  "dataset_size": 17600,
  "class_counts": {
    "0": 8800,
    "1": 8800
  },
  "best_score_in_checkpoint": 0.9943014075413223,
  "best_epoch_in_checkpoint": 9,
  "saved_epoch": 9
}