{
  "dataset_name": "openfake_logo_flux-mvc5000",
  "dataset_class": "OpenFakeDataset",
  "fit_split": "val",
  "evaluated_csv": "/home/user/SC/Deepfake-Fusion/data/splits/openfake/logo/flux-mvc5000/val.csv",
  "split_csv_override_used": false,
  "generator_name": null,
  "checkpoint": "/home/user/SC/Deepfake-Fusion/outputs/frequency/spai_openfake/logo/flux-mvc5000/best.pth",
  "threshold_for_reporting": 0.5,
  "temperature_init": 1.0,
  "temperature": 2.8129990100860596,
  "nll_before": 0.17215140163898468,
  "nll_after": 0.09974793344736099,
  "metrics_before": {
    "accuracy": 0.9614772727272727,
    "precision": 0.9616871305138699,
    "recall": 0.96125,
    "f1": 0.9614685155717209,
    "auc": 0.9925645080061983,
    "loss": 0.17215588081966746
  },
  "metrics_after": {
    "accuracy": 0.9614772727272727,
    "precision": 0.9616871305138699,
    "recall": 0.96125,
    "f1": 0.9614685155717209,
    "auc": 0.9937951123450413,
    "loss": 0.09974793344736099
  },
  "dataset_size": 17600,
  "class_counts": {
    "0": 8800,
    "1": 8800
  },
  "best_score_in_checkpoint": 0.9925645080061983,
  "best_epoch_in_checkpoint": 9,
  "saved_epoch": 9
}