{
  "dataset_name": "openfake_logo_ideogram-3.0",
  "dataset_class": "OpenFakeDataset",
  "split": "test",
  "checkpoint": "/home/user/SC/Deepfake-Fusion/outputs/frequency/spai_openfake/logo/ideogram-3.0/best.pth",
  "metrics": {
    "accuracy": 0.9284375,
    "precision": 0.9674076094367926,
    "recall": 0.88675,
    "f1": 0.9253244635752951,
    "auc": 0.9843685078125,
    "loss": 0.3718783493638039,
    "threshold": 0.5,
    "loss_total": 0.3718783493638039
  },
  "dataset_size": 16000,
  "class_counts": {
    "0": 8000,
    "1": 8000
  },
  "best_score_in_checkpoint": 0.9933715392561984,
  "best_epoch_in_checkpoint": 10,
  "saved_epoch": 10
}