{
  "best_checkpoint": "C:/Deepfake-Fusion/outputs/frequency/spai_openfake/logo/ideogram-3.0/best.pth",
  "best_epoch": 9,
  "best_monitor": "val_auc",
  "best_score": 0.9948471074380166,
  "val_metrics": {
    "accuracy": 0.9698295454545455,
    "precision": 0.9747387759788725,
    "recall": 0.9646590909090909,
    "f1": 0.9696727397338512,
    "auc": 0.9948471074380166,
    "loss": 0.12943405581468886
  },
  "test_metrics": {
    "accuracy": 0.954875,
    "precision": 0.9734582357533177,
    "recall": 0.93525,
    "f1": 0.9539716945046538,
    "auc": 0.9924209765625,
    "loss": 0.193365207567811
  }
}