{
  "dataset_name": "openfake_by_generator_midjourney-6",
  "dataset_class": "OpenFakeDataset",
  "split": "test",
  "checkpoint": "/home/user/SC/Deepfake-Fusion/outputs/spatial/resnet_openfake/by_generator/midjourney-6/best.pth",
  "metrics": {
    "accuracy": 0.9759224515322076,
    "precision": 0.9674447174447175,
    "recall": 0.9849906191369606,
    "f1": 0.9761388286334056,
    "auc": 0.9972371725449107,
    "loss": 0.07662582941926442,
    "threshold": 0.5,
    "loss_total": 0.07661031100898981
  },
  "dataset_size": 3198,
  "class_counts": {
    "0": 1599,
    "1": 1599
  },
  "best_score_in_checkpoint": 0.9962875,
  "best_epoch_in_checkpoint": 7,
  "saved_epoch": 7
}