{
  "dataset_name": "openfake_by_generator_midjourney-6",
  "dataset_class": "OpenFakeDataset",
  "split": "test",
  "checkpoint": "/home/user/SC/Deepfake-Fusion/outputs/fusion/resnet_spai_openfake/by_generator/midjourney-6/best.pth",
  "metrics": {
    "accuracy": 0.9834271419637274,
    "precision": 0.983125,
    "recall": 0.983739837398374,
    "f1": 0.9834323226008127,
    "auc": 0.9975664903134815,
    "loss": 0.11245922226600903,
    "threshold": 0.5,
    "loss_total": 0.11247507192660124,
    "loss_spatial_aux": 0.09437576282769441,
    "loss_spectral_aux": 0.07299058310687542
  },
  "dataset_size": 3198,
  "class_counts": {
    "0": 1599,
    "1": 1599
  },
  "best_score_in_checkpoint": 0.99689609375,
  "best_epoch_in_checkpoint": 8,
  "saved_epoch": 8
}